{
  "component_config_id" : "d4563241-9b61-4586-bfe8-e15bdc27921e",
  "endpoint_config_json" : {
    "type" : "jsonb",
    "value" : "{\"crossRef\": [], \"services\": [], \"multistep\": [], \"operations\": []}",
    "null" : false
  },
  "input_config_json" : {
    "type" : "jsonb",
    "value" : "{\"crossRef\": [], \"services\": [], \"multistep\": [], \"operations\": []}",
    "null" : false
  },
  "output_config_json" : {
    "type" : "jsonb",
    "value" : "{\"crossRef\": [], \"services\": [], \"multistep\": [], \"operations\": [{\"transformer\": {\"id\": \"70d81254-a14a-441b-9eee-2e5a837d3817\", \"name\": \"DATETIME_DATE_FORMAT\", \"type\": \"DateTime\", \"query\": null, \"inputs\": [{\"id\": \"c83e4987-e936-4838-aa6d-16d6a6660f87\", \"root\": false, \"type\": \"map\", \"cached\": false, \"source\": \"/LastRunDt-AU_AsynchronousIntegration-InvoiceHandler\", \"target\": \"/DATETIME_DATE_FORMAT_INPUT/sourceDate\", \"mapNull\": false, \"disabled\": false, \"extractXml\": false, \"extractJson\": false, \"mapEmptyString\": false, \"sourceJavaType\": \"java.lang.String\", \"targetJavaType\": \"java.lang.String\"}, {\"id\": \"c0b9e9ad-7d8a-41e6-98cf-2289e1059071\", \"root\": false, \"type\": \"setValue\", \"cached\": false, \"target\": \"/DATETIME_DATE_FORMAT_INPUT/sourceDateFormat\", \"mapNull\": false, \"disabled\": false, \"extractXml\": false, \"extractJson\": false, \"targetValue\": \"yyyy-MM-dd HH:mm:ss SSS\", \"mapEmptyString\": false, \"targetJavaType\": \"java.lang.String\", \"variableSubstitution\": false}, {\"id\": \"7c56c90f-a7f2-4257-a6e3-7cc15c2c1c58\", \"root\": false, \"type\": \"setValue\", \"cached\": false, \"target\": \"/DATETIME_DATE_FORMAT_INPUT/targetDateFormat\", \"mapNull\": false, \"disabled\": false, \"extractXml\": false, \"extractJson\": false, \"targetValue\": \"yyyy-MM-dd'T'HH:mm:ssZ\", \"mapEmptyString\": false, \"targetJavaType\": \"java.lang.String\", \"variableSubstitution\": false}], \"outputs\": [{\"id\": \"e8393916-27e5-4fa2-9298-15711738a46b\", \"root\": false, \"type\": \"map\", \"cached\": false, \"source\": \"/DATETIME_DATE_FORMAT_OUTPUT/output\", \"target\": \"/LastRunDt-formatted\", \"mapNull\": false, \"disabled\": false, \"extractXml\": false, \"extractJson\": false, \"targetOrder\": 1.0, \"mapEmptyString\": false, \"sourceJavaType\": \"java.lang.String\", \"targetJavaType\": \"java.lang.String\"}], \"tableId\": null, \"configId\": null, \"disabled\": false, \"serviceId\": null, \"expression\": null}}]}",
    "null" : false
  },
  "component_id" : "8ac5fe03-27a2-4e6a-a449-6a8893818223",
  "service_id" : "0bc8ef49-2d00-4e35-961f-3f04bf672092",
  "endpoint_id" : null,
  "parent_component_config_id" : null,
  "component_config_order" : 1.5,
  "action_id" : "06843b78-eab0-45da-afab-8c8277d7553f",
  "name" : "get last date",
  "description" : "",
  "override_endpoint" : false,
  "input_structure_json" : {
    "type" : "jsonb",
    "value" : "{\"maps\": [], \"mappedNodes\": [\"/LastRunDt-AU_AsynchronousIntegration-InvoiceHandler pipeIn\", \"/DATETIME_DATE_FORMAT_INPUT/sourceDate0\"]}",
    "null" : false
  },
  "output_structure_json" : {
    "type" : "jsonb",
    "value" : "{\"maps\": [], \"tracks\": {}, \"transformer\": [{\"inputs\": {\"/DATETIME_DATE_FORMAT_INPUT/sourceDate\": [{\"type\": \"map\", \"source\": {\"path\": \"/LastRunDt-AU_AsynchronousIntegration-InvoiceHandler\", \"title\": \"LastRunDt-AU_AsynchronousIntegration-InvoiceHandler\", \"dataElementType\": \"string\"}, \"target\": {\"path\": \"/DATETIME_DATE_FORMAT_INPUT/sourceDate\", \"title\": \"sourceDate\", \"dataElementType\": \"string\"}, \"mapCondition\": {\"isConditionSet\": false, \"sourceTreeIndex\": [], \"targetTreeIndex\": [], \"mapConditionFormValue\": {}}}], \"/DATETIME_DATE_FORMAT_INPUT/sourceDateFormat\": [{\"type\": \"setValue\", \"target\": {\"path\": \"/DATETIME_DATE_FORMAT_INPUT/sourceDateFormat\", \"order\": \"\", \"title\": \"sourceDateFormat\", \"dataElementType\": \"string\"}, \"values\": [{\"id\": \"b6650467-fa39-4dbe-bc90-e0071618458a\", \"key\": \"/DATETIME_DATE_FORMAT_INPUT/sourceDateFormat\", \"type\": \"string\", \"title\": \"sourceDateFormat\", \"isLeaf\": true, \"secret\": false, \"children\": [], \"setValue\": null, \"uiElement\": \"yyyy-MM-dd HH:mm:ss SSS\", \"isSetValue\": false, \"dataElementType\": \"string\"}], \"mapCondition\": {\"isConditionSet\": false, \"sourceTreeIndex\": [], \"targetTreeIndex\": [], \"mapConditionFormValue\": {}}, \"variableSubstitution\": false, \"overwritePipelineValue\": false}], \"/DATETIME_DATE_FORMAT_INPUT/targetDateFormat\": [{\"type\": \"setValue\", \"target\": {\"path\": \"/DATETIME_DATE_FORMAT_INPUT/targetDateFormat\", \"order\": \"\", \"title\": \"targetDateFormat\", \"dataElementType\": \"string\"}, \"values\": [{\"id\": \"a3b72203-3004-44d7-831e-32a9069461e0\", \"key\": \"/DATETIME_DATE_FORMAT_INPUT/targetDateFormat\", \"type\": \"string\", \"title\": \"targetDateFormat\", \"isLeaf\": true, \"secret\": false, \"children\": [], \"setValue\": null, \"uiElement\": \"yyyy-MM-dd'T'HH:mm:ssZ\", \"isSetValue\": false, \"dataElementType\": \"string\"}], \"mapCondition\": {\"isConditionSet\": false, \"sourceTreeIndex\": [], \"targetTreeIndex\": [], \"mapConditionFormValue\": {}}, \"variableSubstitution\": false, \"overwritePipelineValue\": false}]}, \"outputs\": {\"/LastRunDt-formatted\": [{\"type\": \"map\", \"source\": {\"path\": \"/DATETIME_DATE_FORMAT_OUTPUT/output\", \"title\": \"output\", \"dataElementType\": \"string\"}, \"target\": {\"path\": \"/LastRunDt-formatted\", \"order\": 1, \"title\": \"LastRunDt-formatted\", \"dataElementType\": \"string\"}, \"mapCondition\": {\"isConditionSet\": false, \"sourceTreeIndex\": [], \"targetTreeIndex\": [], \"mapConditionFormValue\": {}}}]}, \"functionInfo\": {\"id\": \"cefc41fc-b5cc-4e2c-8c54-142be01a98e4\", \"name\": \"DateFormat\", \"category\": {\"id\": \"da0984d0-ef2d-4ac1-b61c-b9b378d7ddf9\"}, \"internalName\": \"DATETIME_DATE_FORMAT\"}}]}",
    "null" : false
  },
  "endpoint_structure_json" : {
    "type" : "jsonb",
    "value" : "{\"maps\": []}",
    "null" : false
  },
  "is_error" : false,
  "no_of_errors" : 0,
  "action_input_type" : null,
  "config_service_id" : null,
  "config_imap_id" : null,
  "config_b2b_document_type_id" : null,
  "config_document_id" : null,
  "add_variables" : {
    "type" : "jsonb",
    "value" : "[{\"id\": \"52f9341d-4ec0-4971-9c10-a23cdc0d571f\", \"key\": \"/LastRunDt-formatted\", \"type\": \"node\", \"order\": 1, \"title\": \"LastRunDt-formatted\", \"value\": {\"type\": \"string\"}, \"children\": [], \"editAllow\": true, \"componentName\": \"\", \"dataElementType\": \"string\", \"componentConfigId\": \"d4563241-9b61-4586-bfe8-e15bdc27921e\", \"componentConfigName\": \"Map\"}]",
    "null" : false
  },
  "drop_variables" : {
    "type" : "jsonb",
    "value" : "[]",
    "null" : false
  },
  "plug_input_structure" : null,
  "plug_output_structure" : null,
  "config_plug_id" : null,
  "override_plug" : false,
  "config_java_service_id" : null,
  "service_tag" : "EMPTY",
  "endpoint_tag" : null,
  "config_service_tag" : "",
  "config_imap_tag" : "",
  "config_b2b_document_type_tag" : "",
  "active" : true,
  "parent_component_config_service_tag" : "EMPTY",
  "service_project_id" : "feabfdee-7bc4-4bff-8bac-86dc108dbad2",
  "service_project_tag" : "EMPTY",
  "config_service_project_id" : null,
  "config_service_project_tag" : "",
  "config_imap_project_id" : null,
  "config_imap_project_tag" : "",
  "config_b2b_document_type_project_id" : null,
  "config_b2b_document_type_project_tag" : "",
  "endpoint_project_id" : null,
  "endpoint_project_tag" : null,
  "config_plug_tag" : null,
  "config_plug_project_id" : null,
  "config_plug_project_tag" : null,
  "config_java_service_tag" : "",
  "config_java_service_project_id" : null,
  "config_java_service_project_tag" : "",
  "disabled" : false,
  "config" : null,
  "config_b2b_document_type_project_mode_id" : "112c1cb8-4b9e-4d1a-a042-0bd031dc7d05",
  "config_imap_project_mode_id" : "112c1cb8-4b9e-4d1a-a042-0bd031dc7d05",
  "config_java_service_project_mode_id" : "112c1cb8-4b9e-4d1a-a042-0bd031dc7d05",
  "config_plug_project_mode_id" : "112c1cb8-4b9e-4d1a-a042-0bd031dc7d05",
  "config_service_project_mode_id" : "112c1cb8-4b9e-4d1a-a042-0bd031dc7d05",
  "endpoint_project_mode_id" : "112c1cb8-4b9e-4d1a-a042-0bd031dc7d05",
  "service_project_mode_id" : "112c1cb8-4b9e-4d1a-a042-0bd031dc7d05",
  "parent_component_config_service_project_mode_id" : "112c1cb8-4b9e-4d1a-a042-0bd031dc7d05",
  "is_audit" : true,
  "keys_with_order" : null
}