{
  "component_config_id" : "c2287c26-c989-4793-909a-da616a23806c",
  "endpoint_config_json" : {
    "type" : "jsonb",
    "value" : "{\"crossRef\": [], \"services\": [], \"multistep\": [], \"operations\": []}",
    "null" : false
  },
  "input_config_json" : {
    "type" : "jsonb",
    "value" : "{\"crossRef\": [], \"services\": [], \"multistep\": [], \"operations\": [{\"map\": {\"id\": \"2c09d4da-b6b6-4e2f-85e7-cbdde317081f\", \"root\": false, \"type\": \"map\", \"cached\": false, \"source\": \"/LastRunDt-formatted\", \"target\": \"/queryParams/last_modified_time\", \"mapNull\": false, \"disabled\": false, \"extractXml\": false, \"extractJson\": false, \"targetOrder\": 1.0, \"mapEmptyString\": false, \"sourceJavaType\": \"java.lang.String\", \"targetJavaType\": \"java.lang.String\"}}, {\"map\": {\"id\": \"f0e195d5-773e-4323-979f-38088a9c24e8\", \"root\": false, \"type\": \"setValue\", \"cached\": false, \"target\": \"/queryParams/filter_by\", \"mapNull\": false, \"disabled\": false, \"extractXml\": false, \"extractJson\": false, \"targetOrder\": 1.0, \"targetValue\": \"Status.All\", \"mapEmptyString\": false, \"targetJavaType\": \"java.lang.String\", \"variableSubstitution\": false}}]}",
    "null" : false
  },
  "output_config_json" : {
    "type" : "jsonb",
    "value" : "{\"crossRef\": [], \"services\": [], \"multistep\": [], \"operations\": [{\"map\": {\"id\": \"dfff2ded-0770-4847-9a56-e66d5feb52f5\", \"root\": true, \"type\": \"map\", \"cached\": false, \"source\": \"/GetInvoicesOutput\", \"target\": \"/GetInvoicesOutput\", \"mapNull\": false, \"disabled\": false, \"extractXml\": false, \"extractJson\": false, \"targetOrder\": 1.0, \"mapEmptyString\": false}}]}",
    "null" : false
  },
  "component_id" : "57a4eaf2-7d82-4894-856a-a4a477d2a3a5",
  "service_id" : "0bc8ef49-2d00-4e35-961f-3f04bf672092",
  "endpoint_id" : "9c3f8a31-b14a-41c5-b027-fc1105dc6511",
  "parent_component_config_id" : null,
  "component_config_order" : 2.0,
  "action_id" : "57561e36-ab3c-427b-8fd6-55016149e0ba",
  "name" : "get invoices",
  "description" : "",
  "override_endpoint" : false,
  "input_structure_json" : {
    "type" : "jsonb",
    "value" : "{\"maps\": [{\"/queryParams/last_modified_time\": [{\"type\": \"map\", \"source\": {\"path\": \"/LastRunDt-formatted\", \"title\": \"LastRunDt-formatted\", \"dataElementType\": \"string\"}, \"target\": {\"path\": \"/queryParams/last_modified_time\", \"order\": 1, \"title\": \"last_modified_time\", \"dataElementType\": \"string\"}, \"mapCondition\": {\"isConditionSet\": false, \"sourceTreeIndex\": [], \"targetTreeIndex\": [], \"mapConditionFormValue\": {}}}]}, {\"/queryParams/filter_by\": [{\"type\": \"setValue\", \"target\": {\"path\": \"/queryParams/filter_by\", \"order\": 1, \"title\": \"filter_by\", \"dataElementType\": \"string\"}, \"values\": [{\"id\": \"8ceab421-f893-4a42-8fcd-21b9f45bab9d\", \"key\": \"/queryParams/filter_by\", \"type\": \"node\", \"order\": 1, \"title\": \"filter_by\", \"children\": [], \"setValue\": null, \"editAllow\": true, \"uiElement\": \"Status.All\", \"isSetValue\": false, \"dataElementType\": \"string\", \"componentConfigId\": \"c2287c26-c989-4793-909a-da616a23806c\", \"componentConfigName\": \"OpenAPIClient\"}], \"mapCondition\": {\"isConditionSet\": false, \"sourceTreeIndex\": [], \"targetTreeIndex\": [], \"mapConditionFormValue\": {}}, \"variableSubstitution\": false, \"overwritePipelineValue\": false}]}], \"mappedNodes\": [\"/GetInvoicesOutputactionOut\", \"/LastRunDt-formatted pipeIn\", \"/queryParams/last_modified_time actionIn\", \"/queryParams/filter_by actionIn\", \"/queryParams actionIn\"], \"addVariables\": [{\"id\": \"99df9782-8bc1-4313-8acf-88a9572d4234\", \"key\": \"/queryParams/filter_by\", \"type\": \"node\", \"order\": 1, \"title\": \"filter_by\", \"value\": {\"type\": \"string\"}, \"children\": [], \"editAllow\": true, \"componentName\": \"get invoices\", \"dataElementType\": \"string\", \"componentConfigId\": \"c2287c26-c989-4793-909a-da616a23806c\", \"componentConfigName\": \"OpenAPIClient\"}, {\"id\": \"a6b5c2c6-e43e-41fb-8e7c-61e037cc9d44\", \"key\": \"/queryParams/last_modified_time\", \"type\": \"node\", \"order\": 1, \"title\": \"last_modified_time\", \"value\": {\"type\": \"string\"}, \"children\": [], \"editAllow\": true, \"componentName\": \"get invoices\", \"dataElementType\": \"string\", \"componentConfigId\": \"c2287c26-c989-4793-909a-da616a23806c\", \"componentConfigName\": \"OpenAPIClient\"}]}",
    "null" : false
  },
  "output_structure_json" : {
    "type" : "jsonb",
    "value" : "{\"maps\": [{\"/GetInvoicesOutput\": [{\"type\": \"map\", \"source\": {\"path\": \"/GetInvoicesOutput\", \"title\": \"GetInvoicesOutput\", \"dataElementType\": \"document\"}, \"target\": {\"path\": \"/GetInvoicesOutput\", \"order\": 1, \"title\": \"GetInvoicesOutput\", \"dataElementType\": \"document\"}, \"mapCondition\": {\"isConditionSet\": false, \"sourceTreeIndex\": [], \"targetTreeIndex\": [], \"mapConditionFormValue\": {}}}]}], \"tracks\": {}, \"transformer\": []}",
    "null" : false
  },
  "endpoint_structure_json" : {
    "type" : "jsonb",
    "value" : "{\"maps\": []}",
    "null" : false
  },
  "is_error" : false,
  "no_of_errors" : 0,
  "action_input_type" : null,
  "config_service_id" : null,
  "config_imap_id" : null,
  "config_b2b_document_type_id" : null,
  "config_document_id" : null,
  "add_variables" : {
    "type" : "jsonb",
    "value" : "[]",
    "null" : false
  },
  "drop_variables" : {
    "type" : "jsonb",
    "value" : "[]",
    "null" : false
  },
  "plug_input_structure" : {
    "type" : "jsonb",
    "value" : "[{\"id\": \"c2287c26-c989-4793-909a-da616a23806c\", \"key\": \"/pathParams\", \"order\": 0.0, \"title\": \"pathParams\", \"value\": {\"type\": \"object\"}, \"isLeaf\": false, \"children\": [], \"entityType\": \"componentConfig\", \"childrenSet\": false, \"hasChildren\": true, \"dataElementType\": \"document\", \"encryption_required\": false}, {\"id\": \"c2287c26-c989-4793-909a-da616a23806c\", \"key\": \"/queryParams\", \"order\": 1.0, \"title\": \"queryParams\", \"value\": {\"type\": \"object\"}, \"isLeaf\": false, \"children\": [], \"entityType\": \"componentConfig\", \"childrenSet\": false, \"hasChildren\": true, \"dataElementType\": \"document\", \"encryption_required\": false}, {\"id\": \"c2287c26-c989-4793-909a-da616a23806c\", \"key\": \"/headers\", \"order\": 2.0, \"title\": \"headers\", \"value\": {\"type\": \"object\"}, \"isLeaf\": false, \"children\": [{\"id\": \"c2287c26-c989-4793-909a-da616a23806c\", \"key\": \"/headers/X-com-zoho-invoice-organizationid\", \"title\": \"X-com-zoho-invoice-organizationid\", \"value\": {\"type\": \"string\", \"requiredFlag\": false}, \"isLeaf\": true, \"entityType\": \"componentConfig\", \"childrenSet\": false, \"hasChildren\": false, \"dataElementType\": \"string\", \"encryption_required\": false}], \"entityType\": \"componentConfig\", \"childrenSet\": false, \"hasChildren\": true, \"dataElementType\": \"document\", \"encryption_required\": false}]",
    "null" : false
  },
  "plug_output_structure" : {
    "type" : "jsonb",
    "value" : "[{\"id\": \"c2287c26-c989-4793-909a-da616a23806c\", \"key\": \"/GetInvoicesOutput\", \"type\": \"object\", \"order\": 1.0, \"title\": \"GetInvoicesOutput\", \"value\": {\"type\": \"object\", \"requiredFlag\": false}, \"isLeaf\": false, \"children\": [{\"id\": \"c2287c26-c989-4793-909a-da616a23806c\", \"key\": \"/GetInvoicesOutput/success\", \"type\": \"boolean\", \"order\": 2.0, \"title\": \"success\", \"value\": {\"type\": \"boolean\", \"requiredFlag\": false}, \"isLeaf\": true, \"entityType\": \"componentConfig\", \"childrenSet\": false, \"hasChildren\": false, \"dataElementType\": \"boolean\", \"encryption_required\": false}, {\"id\": \"c2287c26-c989-4793-909a-da616a23806c\", \"key\": \"/GetInvoicesOutput/statusCode\", \"type\": \"number\", \"order\": 3.0, \"title\": \"statusCode\", \"value\": {\"type\": \"number\", \"requiredFlag\": false}, \"isLeaf\": true, \"entityType\": \"componentConfig\", \"childrenSet\": false, \"hasChildren\": false, \"dataElementType\": \"number\", \"encryption_required\": false}, {\"id\": \"c2287c26-c989-4793-909a-da616a23806c\", \"key\": \"/GetInvoicesOutput/response\", \"type\": \"object\", \"order\": 4.0, \"title\": \"response\", \"value\": {\"type\": \"object\", \"requiredFlag\": false}, \"isLeaf\": false, \"children\": [{\"id\": \"c2287c26-c989-4793-909a-da616a23806c\", \"key\": \"/GetInvoicesOutput/response/code\", \"type\": \"integer\", \"order\": 5.0, \"title\": \"code\", \"value\": {\"type\": \"integer\", \"requiredFlag\": false}, \"isLeaf\": true, \"entityType\": \"componentConfig\", \"childrenSet\": false, \"hasChildren\": false, \"dataElementType\": \"integer\", \"encryption_required\": false}, {\"id\": \"c2287c26-c989-4793-909a-da616a23806c\", \"key\": \"/GetInvoicesOutput/response/message\", \"type\": \"string\", \"order\": 6.0, \"title\": \"message\", \"value\": {\"type\": \"string\", \"requiredFlag\": false}, \"isLeaf\": true, \"entityType\": \"componentConfig\", \"childrenSet\": false, \"hasChildren\": false, \"dataElementType\": \"string\", \"encryption_required\": false}, {\"id\": \"c2287c26-c989-4793-909a-da616a23806c\", \"key\": \"/GetInvoicesOutput/response/invoices[]\", \"type\": \"array\", \"order\": 7.0, \"title\": \"invoices\", \"value\": {\"type\": \"array\", \"requiredFlag\": false}, \"isLeaf\": false, \"children\": [{\"id\": \"c2287c26-c989-4793-909a-da616a23806c\", \"key\": \"/GetInvoicesOutput/response/invoices[]/invoice_id\", \"type\": \"string\", \"order\": 8.0, \"title\": \"invoice_id\", \"value\": {\"type\": \"string\", \"requiredFlag\": false}, \"isLeaf\": true, \"entityType\": \"componentConfig\", \"childrenSet\": false, \"hasChildren\": false, \"dataElementType\": \"string\", \"encryption_required\": false}, {\"id\": \"c2287c26-c989-4793-909a-da616a23806c\", \"key\": \"/GetInvoicesOutput/response/invoices[]/ach_payment_initiated\", \"type\": \"boolean\", \"order\": 9.0, \"title\": \"ach_payment_initiated\", \"value\": {\"type\": \"boolean\", \"requiredFlag\": false}, \"isLeaf\": true, \"entityType\": \"componentConfig\", \"childrenSet\": false, \"hasChildren\": false, \"dataElementType\": \"boolean\", \"encryption_required\": false}, {\"id\": \"c2287c26-c989-4793-909a-da616a23806c\", \"key\": \"/GetInvoicesOutput/response/invoices[]/zcrm_potential_id\", \"type\": \"string\", \"order\": 10.0, \"title\": \"zcrm_potential_id\", \"value\": {\"type\": \"string\", \"requiredFlag\": false}, \"isLeaf\": true, \"entityType\": \"componentConfig\", \"childrenSet\": false, \"hasChildren\": false, \"dataElementType\": \"string\", \"encryption_required\": false}, {\"id\": \"c2287c26-c989-4793-909a-da616a23806c\", \"key\": \"/GetInvoicesOutput/response/invoices[]/zcrm_potential_name\", \"type\": \"string\", \"order\": 11.0, \"title\": \"zcrm_potential_name\", \"value\": {\"type\": \"string\", \"requiredFlag\": false}, \"isLeaf\": true, \"entityType\": \"componentConfig\", \"childrenSet\": false, \"hasChildren\": false, \"dataElementType\": \"string\", \"encryption_required\": false}, {\"id\": \"c2287c26-c989-4793-909a-da616a23806c\", \"key\": \"/GetInvoicesOutput/response/invoices[]/customer_name\", \"type\": \"string\", \"order\": 12.0, \"title\": \"customer_name\", \"value\": {\"type\": \"string\", \"requiredFlag\": false}, \"isLeaf\": true, \"entityType\": \"componentConfig\", \"childrenSet\": false, \"hasChildren\": false, \"dataElementType\": \"string\", \"encryption_required\": false}, {\"id\": \"c2287c26-c989-4793-909a-da616a23806c\", \"key\": \"/GetInvoicesOutput/response/invoices[]/customer_id\", \"type\": \"string\", \"order\": 13.0, \"title\": \"customer_id\", \"value\": {\"type\": \"string\", \"requiredFlag\": false}, \"isLeaf\": true, \"entityType\": \"componentConfig\", \"childrenSet\": false, \"hasChildren\": false, \"dataElementType\": \"string\", \"encryption_required\": false}, {\"id\": \"c2287c26-c989-4793-909a-da616a23806c\", \"key\": \"/GetInvoicesOutput/response/invoices[]/company_name\", \"type\": \"string\", \"order\": 14.0, \"title\": \"company_name\", \"value\": {\"type\": \"string\", \"requiredFlag\": false}, \"isLeaf\": true, \"entityType\": \"componentConfig\", \"childrenSet\": false, \"hasChildren\": false, \"dataElementType\": \"string\", \"encryption_required\": false}, {\"id\": \"c2287c26-c989-4793-909a-da616a23806c\", \"key\": \"/GetInvoicesOutput/response/invoices[]/status\", \"type\": \"string\", \"order\": 15.0, \"title\": \"status\", \"value\": {\"type\": \"string\", \"requiredFlag\": false}, \"isLeaf\": true, \"entityType\": \"componentConfig\", \"childrenSet\": false, \"hasChildren\": false, \"dataElementType\": \"string\", \"encryption_required\": false}, {\"id\": \"c2287c26-c989-4793-909a-da616a23806c\", \"key\": \"/GetInvoicesOutput/response/invoices[]/color_code\", \"type\": \"string\", \"order\": 16.0, \"title\": \"color_code\", \"value\": {\"type\": \"string\", \"requiredFlag\": false}, \"isLeaf\": true, \"entityType\": \"componentConfig\", \"childrenSet\": false, \"hasChildren\": false, \"dataElementType\": \"string\", \"encryption_required\": false}, {\"id\": \"c2287c26-c989-4793-909a-da616a23806c\", \"key\": \"/GetInvoicesOutput/response/invoices[]/current_sub_status_id\", \"type\": \"string\", \"order\": 17.0, \"title\": \"current_sub_status_id\", \"value\": {\"type\": \"string\", \"requiredFlag\": false}, \"isLeaf\": true, \"entityType\": \"componentConfig\", \"childrenSet\": false, \"hasChildren\": false, \"dataElementType\": \"string\", \"encryption_required\": false}, {\"id\": \"c2287c26-c989-4793-909a-da616a23806c\", \"key\": \"/GetInvoicesOutput/response/invoices[]/current_sub_status\", \"type\": \"string\", \"order\": 18.0, \"title\": \"current_sub_status\", \"value\": {\"type\": \"string\", \"requiredFlag\": false}, \"isLeaf\": true, \"entityType\": \"componentConfig\", \"childrenSet\": false, \"hasChildren\": false, \"dataElementType\": \"string\", \"encryption_required\": false}, {\"id\": \"c2287c26-c989-4793-909a-da616a23806c\", \"key\": \"/GetInvoicesOutput/response/invoices[]/invoice_number\", \"type\": \"string\", \"order\": 19.0, \"title\": \"invoice_number\", \"value\": {\"type\": \"string\", \"requiredFlag\": false}, \"isLeaf\": true, \"entityType\": \"componentConfig\", \"childrenSet\": false, \"hasChildren\": false, \"dataElementType\": \"string\", \"encryption_required\": false}, {\"id\": \"c2287c26-c989-4793-909a-da616a23806c\", \"key\": \"/GetInvoicesOutput/response/invoices[]/reference_number\", \"type\": \"string\", \"order\": 20.0, \"title\": \"reference_number\", \"value\": {\"type\": \"string\", \"requiredFlag\": false}, \"isLeaf\": true, \"entityType\": \"componentConfig\", \"childrenSet\": false, \"hasChildren\": false, \"dataElementType\": \"string\", \"encryption_required\": false}, {\"id\": \"c2287c26-c989-4793-909a-da616a23806c\", \"key\": \"/GetInvoicesOutput/response/invoices[]/date\", \"type\": \"string\", \"order\": 21.0, \"title\": \"date\", \"value\": {\"type\": \"string\", \"requiredFlag\": false}, \"isLeaf\": true, \"entityType\": \"componentConfig\", \"childrenSet\": false, \"hasChildren\": false, \"dataElementType\": \"string\", \"encryption_required\": false}, {\"id\": \"c2287c26-c989-4793-909a-da616a23806c\", \"key\": \"/GetInvoicesOutput/response/invoices[]/due_date\", \"type\": \"string\", \"order\": 22.0, \"title\": \"due_date\", \"value\": {\"type\": \"string\", \"requiredFlag\": false}, \"isLeaf\": true, \"entityType\": \"componentConfig\", \"childrenSet\": false, \"hasChildren\": false, \"dataElementType\": \"string\", \"encryption_required\": false}, {\"id\": \"c2287c26-c989-4793-909a-da616a23806c\", \"key\": \"/GetInvoicesOutput/response/invoices[]/due_days\", \"type\": \"string\", \"order\": 23.0, \"title\": \"due_days\", \"value\": {\"type\": \"string\", \"requiredFlag\": false}, \"isLeaf\": true, \"entityType\": \"componentConfig\", \"childrenSet\": false, \"hasChildren\": false, \"dataElementType\": \"string\", \"encryption_required\": false}, {\"id\": \"c2287c26-c989-4793-909a-da616a23806c\", \"key\": \"/GetInvoicesOutput/response/invoices[]/currency_id\", \"type\": \"string\", \"order\": 24.0, \"title\": \"currency_id\", \"value\": {\"type\": \"string\", \"requiredFlag\": false}, \"isLeaf\": true, \"entityType\": \"componentConfig\", \"childrenSet\": false, \"hasChildren\": false, \"dataElementType\": \"string\", \"encryption_required\": false}, {\"id\": \"c2287c26-c989-4793-909a-da616a23806c\", \"key\": \"/GetInvoicesOutput/response/invoices[]/schedule_time\", \"type\": \"string\", \"order\": 25.0, \"title\": \"schedule_time\", \"value\": {\"type\": \"string\", \"requiredFlag\": false}, \"isLeaf\": true, \"entityType\": \"componentConfig\", \"childrenSet\": false, \"hasChildren\": false, \"dataElementType\": \"string\", \"encryption_required\": false}, {\"id\": \"c2287c26-c989-4793-909a-da616a23806c\", \"key\": \"/GetInvoicesOutput/response/invoices[]/email\", \"type\": \"string\", \"order\": 26.0, \"title\": \"email\", \"value\": {\"type\": \"string\", \"requiredFlag\": false}, \"isLeaf\": true, \"entityType\": \"componentConfig\", \"childrenSet\": false, \"hasChildren\": false, \"dataElementType\": \"string\", \"encryption_required\": false}, {\"id\": \"c2287c26-c989-4793-909a-da616a23806c\", \"key\": \"/GetInvoicesOutput/response/invoices[]/currency_code\", \"type\": \"string\", \"order\": 27.0, \"title\": \"currency_code\", \"value\": {\"type\": \"string\", \"requiredFlag\": false}, \"isLeaf\": true, \"entityType\": \"componentConfig\", \"childrenSet\": false, \"hasChildren\": false, \"dataElementType\": \"string\", \"encryption_required\": false}, {\"id\": \"c2287c26-c989-4793-909a-da616a23806c\", \"key\": \"/GetInvoicesOutput/response/invoices[]/currency_symbol\", \"type\": \"string\", \"order\": 28.0, \"title\": \"currency_symbol\", \"value\": {\"type\": \"string\", \"requiredFlag\": false}, \"isLeaf\": true, \"entityType\": \"componentConfig\", \"childrenSet\": false, \"hasChildren\": false, \"dataElementType\": \"string\", \"encryption_required\": false}, {\"id\": \"c2287c26-c989-4793-909a-da616a23806c\", \"key\": \"/GetInvoicesOutput/response/invoices[]/template_type\", \"type\": \"string\", \"order\": 29.0, \"title\": \"template_type\", \"value\": {\"type\": \"string\", \"requiredFlag\": false}, \"isLeaf\": true, \"entityType\": \"componentConfig\", \"childrenSet\": false, \"hasChildren\": false, \"dataElementType\": \"string\", \"encryption_required\": false}, {\"id\": \"c2287c26-c989-4793-909a-da616a23806c\", \"key\": \"/GetInvoicesOutput/response/invoices[]/no_of_copies\", \"type\": \"integer\", \"order\": 30.0, \"title\": \"no_of_copies\", \"value\": {\"type\": \"integer\", \"requiredFlag\": false}, \"isLeaf\": true, \"entityType\": \"componentConfig\", \"childrenSet\": false, \"hasChildren\": false, \"dataElementType\": \"integer\", \"encryption_required\": false}, {\"id\": \"c2287c26-c989-4793-909a-da616a23806c\", \"key\": \"/GetInvoicesOutput/response/invoices[]/show_no_of_copies\", \"type\": \"boolean\", \"order\": 31.0, \"title\": \"show_no_of_copies\", \"value\": {\"type\": \"boolean\", \"requiredFlag\": false}, \"isLeaf\": true, \"entityType\": \"componentConfig\", \"childrenSet\": false, \"hasChildren\": false, \"dataElementType\": \"boolean\", \"encryption_required\": false}, {\"id\": \"c2287c26-c989-4793-909a-da616a23806c\", \"key\": \"/GetInvoicesOutput/response/invoices[]/is_viewed_by_client\", \"type\": \"boolean\", \"order\": 32.0, \"title\": \"is_viewed_by_client\", \"value\": {\"type\": \"boolean\", \"requiredFlag\": false}, \"isLeaf\": true, \"entityType\": \"componentConfig\", \"childrenSet\": false, \"hasChildren\": false, \"dataElementType\": \"boolean\", \"encryption_required\": false}, {\"id\": \"c2287c26-c989-4793-909a-da616a23806c\", \"key\": \"/GetInvoicesOutput/response/invoices[]/has_attachment\", \"type\": \"boolean\", \"order\": 33.0, \"title\": \"has_attachment\", \"value\": {\"type\": \"boolean\", \"requiredFlag\": false}, \"isLeaf\": true, \"entityType\": \"componentConfig\", \"childrenSet\": false, \"hasChildren\": false, \"dataElementType\": \"boolean\", \"encryption_required\": false}, {\"id\": \"c2287c26-c989-4793-909a-da616a23806c\", \"key\": \"/GetInvoicesOutput/response/invoices[]/client_viewed_time\", \"type\": \"string\", \"order\": 34.0, \"title\": \"client_viewed_time\", \"value\": {\"type\": \"string\", \"requiredFlag\": false}, \"isLeaf\": true, \"entityType\": \"componentConfig\", \"childrenSet\": false, \"hasChildren\": false, \"dataElementType\": \"string\", \"encryption_required\": false}, {\"id\": \"c2287c26-c989-4793-909a-da616a23806c\", \"key\": \"/GetInvoicesOutput/response/invoices[]/invoice_url\", \"type\": \"string\", \"order\": 35.0, \"title\": \"invoice_url\", \"value\": {\"type\": \"string\", \"requiredFlag\": false}, \"isLeaf\": true, \"entityType\": \"componentConfig\", \"childrenSet\": false, \"hasChildren\": false, \"dataElementType\": \"string\", \"encryption_required\": false}, {\"id\": \"c2287c26-c989-4793-909a-da616a23806c\", \"key\": \"/GetInvoicesOutput/response/invoices[]/project_name\", \"type\": \"string\", \"order\": 36.0, \"title\": \"project_name\", \"value\": {\"type\": \"string\", \"requiredFlag\": false}, \"isLeaf\": true, \"entityType\": \"componentConfig\", \"childrenSet\": false, \"hasChildren\": false, \"dataElementType\": \"string\", \"encryption_required\": false}, {\"id\": \"c2287c26-c989-4793-909a-da616a23806c\", \"key\": \"/GetInvoicesOutput/response/invoices[]/billing_address\", \"type\": \"object\", \"order\": 37.0, \"title\": \"billing_address\", \"value\": {\"type\": \"object\", \"requiredFlag\": false}, \"isLeaf\": false, \"children\": [{\"id\": \"c2287c26-c989-4793-909a-da616a23806c\", \"key\": \"/GetInvoicesOutput/response/invoices[]/billing_address/address\", \"type\": \"string\", \"order\": 38.0, \"title\": \"address\", \"value\": {\"type\": \"string\", \"requiredFlag\": false}, \"isLeaf\": true, \"entityType\": \"componentConfig\", \"childrenSet\": false, \"hasChildren\": false, \"dataElementType\": \"string\", \"encryption_required\": false}, {\"id\": \"c2287c26-c989-4793-909a-da616a23806c\", \"key\": \"/GetInvoicesOutput/response/invoices[]/billing_address/street2\", \"type\": \"string\", \"order\": 39.0, \"title\": \"street2\", \"value\": {\"type\": \"string\", \"requiredFlag\": false}, \"isLeaf\": true, \"entityType\": \"componentConfig\", \"childrenSet\": false, \"hasChildren\": false, \"dataElementType\": \"string\", \"encryption_required\": false}, {\"id\": \"c2287c26-c989-4793-909a-da616a23806c\", \"key\": \"/GetInvoicesOutput/response/invoices[]/billing_address/city\", \"type\": \"string\", \"order\": 40.0, \"title\": \"city\", \"value\": {\"type\": \"string\", \"requiredFlag\": false}, \"isLeaf\": true, \"entityType\": \"componentConfig\", \"childrenSet\": false, \"hasChildren\": false, \"dataElementType\": \"string\", \"encryption_required\": false}, {\"id\": \"c2287c26-c989-4793-909a-da616a23806c\", \"key\": \"/GetInvoicesOutput/response/invoices[]/billing_address/state\", \"type\": \"string\", \"order\": 41.0, \"title\": \"state\", \"value\": {\"type\": \"string\", \"requiredFlag\": false}, \"isLeaf\": true, \"entityType\": \"componentConfig\", \"childrenSet\": false, \"hasChildren\": false, \"dataElementType\": \"string\", \"encryption_required\": false}, {\"id\": \"c2287c26-c989-4793-909a-da616a23806c\", \"key\": \"/GetInvoicesOutput/response/invoices[]/billing_address/zipcode\", \"type\": \"string\", \"order\": 42.0, \"title\": \"zipcode\", \"value\": {\"type\": \"string\", \"requiredFlag\": false}, \"isLeaf\": true, \"entityType\": \"componentConfig\", \"childrenSet\": false, \"hasChildren\": false, \"dataElementType\": \"string\", \"encryption_required\": false}, {\"id\": \"c2287c26-c989-4793-909a-da616a23806c\", \"key\": \"/GetInvoicesOutput/response/invoices[]/billing_address/country\", \"type\": \"string\", \"order\": 43.0, \"title\": \"country\", \"value\": {\"type\": \"string\", \"requiredFlag\": false}, \"isLeaf\": true, \"entityType\": \"componentConfig\", \"childrenSet\": false, \"hasChildren\": false, \"dataElementType\": \"string\", \"encryption_required\": false}, {\"id\": \"c2287c26-c989-4793-909a-da616a23806c\", \"key\": \"/GetInvoicesOutput/response/invoices[]/billing_address/phone\", \"type\": \"string\", \"order\": 44.0, \"title\": \"phone\", \"value\": {\"type\": \"string\", \"requiredFlag\": false}, \"isLeaf\": true, \"entityType\": \"componentConfig\", \"childrenSet\": false, \"hasChildren\": false, \"dataElementType\": \"string\", \"encryption_required\": false}, {\"id\": \"c2287c26-c989-4793-909a-da616a23806c\", \"key\": \"/GetInvoicesOutput/response/invoices[]/billing_address/fax\", \"type\": \"string\", \"order\": 45.0, \"title\": \"fax\", \"value\": {\"type\": \"string\", \"requiredFlag\": false}, \"isLeaf\": true, \"entityType\": \"componentConfig\", \"childrenSet\": false, \"hasChildren\": false, \"dataElementType\": \"string\", \"encryption_required\": false}, {\"id\": \"c2287c26-c989-4793-909a-da616a23806c\", \"key\": \"/GetInvoicesOutput/response/invoices[]/billing_address/attention\", \"type\": \"string\", \"order\": 46.0, \"title\": \"attention\", \"value\": {\"type\": \"string\", \"requiredFlag\": false}, \"isLeaf\": true, \"entityType\": \"componentConfig\", \"childrenSet\": false, \"hasChildren\": false, \"dataElementType\": \"string\", \"encryption_required\": false}], \"entityType\": \"componentConfig\", \"childrenSet\": false, \"hasChildren\": false, \"dataElementType\": \"document\", \"encryption_required\": false}, {\"id\": \"c2287c26-c989-4793-909a-da616a23806c\", \"key\": \"/GetInvoicesOutput/response/invoices[]/shipping_address\", \"type\": \"object\", \"order\": 47.0, \"title\": \"shipping_address\", \"value\": {\"type\": \"object\", \"requiredFlag\": false}, \"isLeaf\": false, \"children\": [{\"id\": \"c2287c26-c989-4793-909a-da616a23806c\", \"key\": \"/GetInvoicesOutput/response/invoices[]/shipping_address/address\", \"type\": \"string\", \"order\": 48.0, \"title\": \"address\", \"value\": {\"type\": \"string\", \"requiredFlag\": false}, \"isLeaf\": true, \"entityType\": \"componentConfig\", \"childrenSet\": false, \"hasChildren\": false, \"dataElementType\": \"string\", \"encryption_required\": false}, {\"id\": \"c2287c26-c989-4793-909a-da616a23806c\", \"key\": \"/GetInvoicesOutput/response/invoices[]/shipping_address/street2\", \"type\": \"string\", \"order\": 49.0, \"title\": \"street2\", \"value\": {\"type\": \"string\", \"requiredFlag\": false}, \"isLeaf\": true, \"entityType\": \"componentConfig\", \"childrenSet\": false, \"hasChildren\": false, \"dataElementType\": \"string\", \"encryption_required\": false}, {\"id\": \"c2287c26-c989-4793-909a-da616a23806c\", \"key\": \"/GetInvoicesOutput/response/invoices[]/shipping_address/city\", \"type\": \"string\", \"order\": 50.0, \"title\": \"city\", \"value\": {\"type\": \"string\", \"requiredFlag\": false}, \"isLeaf\": true, \"entityType\": \"componentConfig\", \"childrenSet\": false, \"hasChildren\": false, \"dataElementType\": \"string\", \"encryption_required\": false}, {\"id\": \"c2287c26-c989-4793-909a-da616a23806c\", \"key\": \"/GetInvoicesOutput/response/invoices[]/shipping_address/state\", \"type\": \"string\", \"order\": 51.0, \"title\": \"state\", \"value\": {\"type\": \"string\", \"requiredFlag\": false}, \"isLeaf\": true, \"entityType\": \"componentConfig\", \"childrenSet\": false, \"hasChildren\": false, \"dataElementType\": \"string\", \"encryption_required\": false}, {\"id\": \"c2287c26-c989-4793-909a-da616a23806c\", \"key\": \"/GetInvoicesOutput/response/invoices[]/shipping_address/zipcode\", \"type\": \"string\", \"order\": 52.0, \"title\": \"zipcode\", \"value\": {\"type\": \"string\", \"requiredFlag\": false}, \"isLeaf\": true, \"entityType\": \"componentConfig\", \"childrenSet\": false, \"hasChildren\": false, \"dataElementType\": \"string\", \"encryption_required\": false}, {\"id\": \"c2287c26-c989-4793-909a-da616a23806c\", \"key\": \"/GetInvoicesOutput/response/invoices[]/shipping_address/country\", \"type\": \"string\", \"order\": 53.0, \"title\": \"country\", \"value\": {\"type\": \"string\", \"requiredFlag\": false}, \"isLeaf\": true, \"entityType\": \"componentConfig\", \"childrenSet\": false, \"hasChildren\": false, \"dataElementType\": \"string\", \"encryption_required\": false}, {\"id\": \"c2287c26-c989-4793-909a-da616a23806c\", \"key\": \"/GetInvoicesOutput/response/invoices[]/shipping_address/phone\", \"type\": \"string\", \"order\": 54.0, \"title\": \"phone\", \"value\": {\"type\": \"string\", \"requiredFlag\": false}, \"isLeaf\": true, \"entityType\": \"componentConfig\", \"childrenSet\": false, \"hasChildren\": false, \"dataElementType\": \"string\", \"encryption_required\": false}, {\"id\": \"c2287c26-c989-4793-909a-da616a23806c\", \"key\": \"/GetInvoicesOutput/response/invoices[]/shipping_address/fax\", \"type\": \"string\", \"order\": 55.0, \"title\": \"fax\", \"value\": {\"type\": \"string\", \"requiredFlag\": false}, \"isLeaf\": true, \"entityType\": \"componentConfig\", \"childrenSet\": false, \"hasChildren\": false, \"dataElementType\": \"string\", \"encryption_required\": false}, {\"id\": \"c2287c26-c989-4793-909a-da616a23806c\", \"key\": \"/GetInvoicesOutput/response/invoices[]/shipping_address/attention\", \"type\": \"string\", \"order\": 56.0, \"title\": \"attention\", \"value\": {\"type\": \"string\", \"requiredFlag\": false}, \"isLeaf\": true, \"entityType\": \"componentConfig\", \"childrenSet\": false, \"hasChildren\": false, \"dataElementType\": \"string\", \"encryption_required\": false}], \"entityType\": \"componentConfig\", \"childrenSet\": false, \"hasChildren\": false, \"dataElementType\": \"document\", \"encryption_required\": false}, {\"id\": \"c2287c26-c989-4793-909a-da616a23806c\", \"key\": \"/GetInvoicesOutput/response/invoices[]/country\", \"type\": \"string\", \"order\": 57.0, \"title\": \"country\", \"value\": {\"type\": \"string\", \"requiredFlag\": false}, \"isLeaf\": true, \"entityType\": \"componentConfig\", \"childrenSet\": false, \"hasChildren\": false, \"dataElementType\": \"string\", \"encryption_required\": false}, {\"id\": \"c2287c26-c989-4793-909a-da616a23806c\", \"key\": \"/GetInvoicesOutput/response/invoices[]/phone\", \"type\": \"string\", \"order\": 58.0, \"title\": \"phone\", \"value\": {\"type\": \"string\", \"requiredFlag\": false}, \"isLeaf\": true, \"entityType\": \"componentConfig\", \"childrenSet\": false, \"hasChildren\": false, \"dataElementType\": \"string\", \"encryption_required\": false}, {\"id\": \"c2287c26-c989-4793-909a-da616a23806c\", \"key\": \"/GetInvoicesOutput/response/invoices[]/created_by\", \"type\": \"string\", \"order\": 59.0, \"title\": \"created_by\", \"value\": {\"type\": \"string\", \"requiredFlag\": false}, \"isLeaf\": true, \"entityType\": \"componentConfig\", \"childrenSet\": false, \"hasChildren\": false, \"dataElementType\": \"string\", \"encryption_required\": false}, {\"id\": \"c2287c26-c989-4793-909a-da616a23806c\", \"key\": \"/GetInvoicesOutput/response/invoices[]/updated_time\", \"type\": \"string\", \"order\": 60.0, \"title\": \"updated_time\", \"value\": {\"type\": \"string\", \"requiredFlag\": false}, \"isLeaf\": true, \"entityType\": \"componentConfig\", \"childrenSet\": false, \"hasChildren\": false, \"dataElementType\": \"string\", \"encryption_required\": false}, {\"id\": \"c2287c26-c989-4793-909a-da616a23806c\", \"key\": \"/GetInvoicesOutput/response/invoices[]/transaction_type\", \"type\": \"string\", \"order\": 61.0, \"title\": \"transaction_type\", \"value\": {\"type\": \"string\", \"requiredFlag\": false}, \"isLeaf\": true, \"entityType\": \"componentConfig\", \"childrenSet\": false, \"hasChildren\": false, \"dataElementType\": \"string\", \"encryption_required\": false}, {\"id\": \"c2287c26-c989-4793-909a-da616a23806c\", \"key\": \"/GetInvoicesOutput/response/invoices[]/total\", \"type\": \"integer\", \"order\": 62.0, \"title\": \"total\", \"value\": {\"type\": \"integer\", \"requiredFlag\": false}, \"isLeaf\": true, \"entityType\": \"componentConfig\", \"childrenSet\": false, \"hasChildren\": false, \"dataElementType\": \"integer\", \"encryption_required\": false}, {\"id\": \"c2287c26-c989-4793-909a-da616a23806c\", \"key\": \"/GetInvoicesOutput/response/invoices[]/balance\", \"type\": \"integer\", \"order\": 63.0, \"title\": \"balance\", \"value\": {\"type\": \"integer\", \"requiredFlag\": false}, \"isLeaf\": true, \"entityType\": \"componentConfig\", \"childrenSet\": false, \"hasChildren\": false, \"dataElementType\": \"integer\", \"encryption_required\": false}, {\"id\": \"c2287c26-c989-4793-909a-da616a23806c\", \"key\": \"/GetInvoicesOutput/response/invoices[]/created_time\", \"type\": \"string\", \"order\": 64.0, \"title\": \"created_time\", \"value\": {\"type\": \"string\", \"requiredFlag\": false}, \"isLeaf\": true, \"entityType\": \"componentConfig\", \"childrenSet\": false, \"hasChildren\": false, \"dataElementType\": \"string\", \"encryption_required\": false}, {\"id\": \"c2287c26-c989-4793-909a-da616a23806c\", \"key\": \"/GetInvoicesOutput/response/invoices[]/last_modified_time\", \"type\": \"string\", \"order\": 65.0, \"title\": \"last_modified_time\", \"value\": {\"type\": \"string\", \"requiredFlag\": false}, \"isLeaf\": true, \"entityType\": \"componentConfig\", \"childrenSet\": false, \"hasChildren\": false, \"dataElementType\": \"string\", \"encryption_required\": false}, {\"id\": \"c2287c26-c989-4793-909a-da616a23806c\", \"key\": \"/GetInvoicesOutput/response/invoices[]/is_emailed\", \"type\": \"boolean\", \"order\": 66.0, \"title\": \"is_emailed\", \"value\": {\"type\": \"boolean\", \"requiredFlag\": false}, \"isLeaf\": true, \"entityType\": \"componentConfig\", \"childrenSet\": false, \"hasChildren\": false, \"dataElementType\": \"boolean\", \"encryption_required\": false}, {\"id\": \"c2287c26-c989-4793-909a-da616a23806c\", \"key\": \"/GetInvoicesOutput/response/invoices[]/is_viewed_in_mail\", \"type\": \"boolean\", \"order\": 67.0, \"title\": \"is_viewed_in_mail\", \"value\": {\"type\": \"boolean\", \"requiredFlag\": false}, \"isLeaf\": true, \"entityType\": \"componentConfig\", \"childrenSet\": false, \"hasChildren\": false, \"dataElementType\": \"boolean\", \"encryption_required\": false}, {\"id\": \"c2287c26-c989-4793-909a-da616a23806c\", \"key\": \"/GetInvoicesOutput/response/invoices[]/mail_first_viewed_time\", \"type\": \"string\", \"order\": 68.0, \"title\": \"mail_first_viewed_time\", \"value\": {\"type\": \"string\", \"requiredFlag\": false}, \"isLeaf\": true, \"entityType\": \"componentConfig\", \"childrenSet\": false, \"hasChildren\": false, \"dataElementType\": \"string\", \"encryption_required\": false}, {\"id\": \"c2287c26-c989-4793-909a-da616a23806c\", \"key\": \"/GetInvoicesOutput/response/invoices[]/mail_last_viewed_time\", \"type\": \"string\", \"order\": 69.0, \"title\": \"mail_last_viewed_time\", \"value\": {\"type\": \"string\", \"requiredFlag\": false}, \"isLeaf\": true, \"entityType\": \"componentConfig\", \"childrenSet\": false, \"hasChildren\": false, \"dataElementType\": \"string\", \"encryption_required\": false}, {\"id\": \"c2287c26-c989-4793-909a-da616a23806c\", \"key\": \"/GetInvoicesOutput/response/invoices[]/reminders_sent\", \"type\": \"integer\", \"order\": 70.0, \"title\": \"reminders_sent\", \"value\": {\"type\": \"integer\", \"requiredFlag\": false}, \"isLeaf\": true, \"entityType\": \"componentConfig\", \"childrenSet\": false, \"hasChildren\": false, \"dataElementType\": \"integer\", \"encryption_required\": false}, {\"id\": \"c2287c26-c989-4793-909a-da616a23806c\", \"key\": \"/GetInvoicesOutput/response/invoices[]/last_reminder_sent_date\", \"type\": \"string\", \"order\": 71.0, \"title\": \"last_reminder_sent_date\", \"value\": {\"type\": \"string\", \"requiredFlag\": false}, \"isLeaf\": true, \"entityType\": \"componentConfig\", \"childrenSet\": false, \"hasChildren\": false, \"dataElementType\": \"string\", \"encryption_required\": false}, {\"id\": \"c2287c26-c989-4793-909a-da616a23806c\", \"key\": \"/GetInvoicesOutput/response/invoices[]/payment_expected_date\", \"type\": \"string\", \"order\": 72.0, \"title\": \"payment_expected_date\", \"value\": {\"type\": \"string\", \"requiredFlag\": false}, \"isLeaf\": true, \"entityType\": \"componentConfig\", \"childrenSet\": false, \"hasChildren\": false, \"dataElementType\": \"string\", \"encryption_required\": false}, {\"id\": \"c2287c26-c989-4793-909a-da616a23806c\", \"key\": \"/GetInvoicesOutput/response/invoices[]/last_payment_date\", \"type\": \"string\", \"order\": 73.0, \"title\": \"last_payment_date\", \"value\": {\"type\": \"string\", \"requiredFlag\": false}, \"isLeaf\": true, \"entityType\": \"componentConfig\", \"childrenSet\": false, \"hasChildren\": false, \"dataElementType\": \"string\", \"encryption_required\": false}, {\"id\": \"c2287c26-c989-4793-909a-da616a23806c\", \"key\": \"/GetInvoicesOutput/response/invoices[]/custom_fields[]\", \"type\": \"array\", \"order\": 74.0, \"title\": \"custom_fields\", \"value\": {\"type\": \"array\", \"requiredFlag\": false}, \"isLeaf\": false, \"entityType\": \"componentConfig\", \"childrenSet\": false, \"hasChildren\": false, \"dataElementType\": \"objectArray\", \"encryption_required\": false}, {\"id\": \"c2287c26-c989-4793-909a-da616a23806c\", \"key\": \"/GetInvoicesOutput/response/invoices[]/custom_field_hash\", \"type\": \"object\", \"order\": 75.0, \"title\": \"custom_field_hash\", \"value\": {\"type\": \"object\", \"requiredFlag\": false}, \"isLeaf\": false, \"entityType\": \"componentConfig\", \"childrenSet\": false, \"hasChildren\": false, \"dataElementType\": \"object\", \"encryption_required\": false}, {\"id\": \"c2287c26-c989-4793-909a-da616a23806c\", \"key\": \"/GetInvoicesOutput/response/invoices[]/template_id\", \"type\": \"string\", \"order\": 76.0, \"title\": \"template_id\", \"value\": {\"type\": \"string\", \"requiredFlag\": false}, \"isLeaf\": true, \"entityType\": \"componentConfig\", \"childrenSet\": false, \"hasChildren\": false, \"dataElementType\": \"string\", \"encryption_required\": false}, {\"id\": \"c2287c26-c989-4793-909a-da616a23806c\", \"key\": \"/GetInvoicesOutput/response/invoices[]/documents\", \"type\": \"string\", \"order\": 77.0, \"title\": \"documents\", \"value\": {\"type\": \"string\", \"requiredFlag\": false}, \"isLeaf\": true, \"entityType\": \"componentConfig\", \"childrenSet\": false, \"hasChildren\": false, \"dataElementType\": \"string\", \"encryption_required\": false}, {\"id\": \"c2287c26-c989-4793-909a-da616a23806c\", \"key\": \"/GetInvoicesOutput/response/invoices[]/salesperson_id\", \"type\": \"string\", \"order\": 78.0, \"title\": \"salesperson_id\", \"value\": {\"type\": \"string\", \"requiredFlag\": false}, \"isLeaf\": true, \"entityType\": \"componentConfig\", \"childrenSet\": false, \"hasChildren\": false, \"dataElementType\": \"string\", \"encryption_required\": false}, {\"id\": \"c2287c26-c989-4793-909a-da616a23806c\", \"key\": \"/GetInvoicesOutput/response/invoices[]/salesperson_name\", \"type\": \"string\", \"order\": 79.0, \"title\": \"salesperson_name\", \"value\": {\"type\": \"string\", \"requiredFlag\": false}, \"isLeaf\": true, \"entityType\": \"componentConfig\", \"childrenSet\": false, \"hasChildren\": false, \"dataElementType\": \"string\", \"encryption_required\": false}, {\"id\": \"c2287c26-c989-4793-909a-da616a23806c\", \"key\": \"/GetInvoicesOutput/response/invoices[]/shipping_charge\", \"type\": \"integer\", \"order\": 80.0, \"title\": \"shipping_charge\", \"value\": {\"type\": \"integer\", \"requiredFlag\": false}, \"isLeaf\": true, \"entityType\": \"componentConfig\", \"childrenSet\": false, \"hasChildren\": false, \"dataElementType\": \"integer\", \"encryption_required\": false}, {\"id\": \"c2287c26-c989-4793-909a-da616a23806c\", \"key\": \"/GetInvoicesOutput/response/invoices[]/adjustment\", \"type\": \"integer\", \"order\": 81.0, \"title\": \"adjustment\", \"value\": {\"type\": \"integer\", \"requiredFlag\": false}, \"isLeaf\": true, \"entityType\": \"componentConfig\", \"childrenSet\": false, \"hasChildren\": false, \"dataElementType\": \"integer\", \"encryption_required\": false}, {\"id\": \"c2287c26-c989-4793-909a-da616a23806c\", \"key\": \"/GetInvoicesOutput/response/invoices[]/write_off_amount\", \"type\": \"integer\", \"order\": 82.0, \"title\": \"write_off_amount\", \"value\": {\"type\": \"integer\", \"requiredFlag\": false}, \"isLeaf\": true, \"entityType\": \"componentConfig\", \"childrenSet\": false, \"hasChildren\": false, \"dataElementType\": \"integer\", \"encryption_required\": false}, {\"id\": \"c2287c26-c989-4793-909a-da616a23806c\", \"key\": \"/GetInvoicesOutput/response/invoices[]/exchange_rate\", \"type\": \"integer\", \"order\": 83.0, \"title\": \"exchange_rate\", \"value\": {\"type\": \"integer\", \"requiredFlag\": false}, \"isLeaf\": true, \"entityType\": \"componentConfig\", \"childrenSet\": false, \"hasChildren\": false, \"dataElementType\": \"integer\", \"encryption_required\": false}], \"entityType\": \"componentConfig\", \"childrenSet\": false, \"hasChildren\": false, \"dataElementType\": \"documentArray\", \"encryption_required\": false}, {\"id\": \"c2287c26-c989-4793-909a-da616a23806c\", \"key\": \"/GetInvoicesOutput/response/page_context\", \"type\": \"object\", \"order\": 84.0, \"title\": \"page_context\", \"value\": {\"type\": \"object\", \"requiredFlag\": false}, \"isLeaf\": false, \"children\": [{\"id\": \"c2287c26-c989-4793-909a-da616a23806c\", \"key\": \"/GetInvoicesOutput/response/page_context/page\", \"type\": \"integer\", \"order\": 85.0, \"title\": \"page\", \"value\": {\"type\": \"integer\", \"requiredFlag\": false}, \"isLeaf\": true, \"entityType\": \"componentConfig\", \"childrenSet\": false, \"hasChildren\": false, \"dataElementType\": \"integer\", \"encryption_required\": false}, {\"id\": \"c2287c26-c989-4793-909a-da616a23806c\", \"key\": \"/GetInvoicesOutput/response/page_context/per_page\", \"type\": \"integer\", \"order\": 86.0, \"title\": \"per_page\", \"value\": {\"type\": \"integer\", \"requiredFlag\": false}, \"isLeaf\": true, \"entityType\": \"componentConfig\", \"childrenSet\": false, \"hasChildren\": false, \"dataElementType\": \"integer\", \"encryption_required\": false}, {\"id\": \"c2287c26-c989-4793-909a-da616a23806c\", \"key\": \"/GetInvoicesOutput/response/page_context/has_more_page\", \"type\": \"boolean\", \"order\": 87.0, \"title\": \"has_more_page\", \"value\": {\"type\": \"boolean\", \"requiredFlag\": false}, \"isLeaf\": true, \"entityType\": \"componentConfig\", \"childrenSet\": false, \"hasChildren\": false, \"dataElementType\": \"boolean\", \"encryption_required\": false}, {\"id\": \"c2287c26-c989-4793-909a-da616a23806c\", \"key\": \"/GetInvoicesOutput/response/page_context/report_name\", \"type\": \"string\", \"order\": 88.0, \"title\": \"report_name\", \"value\": {\"type\": \"string\", \"requiredFlag\": false}, \"isLeaf\": true, \"entityType\": \"componentConfig\", \"childrenSet\": false, \"hasChildren\": false, \"dataElementType\": \"string\", \"encryption_required\": false}, {\"id\": \"c2287c26-c989-4793-909a-da616a23806c\", \"key\": \"/GetInvoicesOutput/response/page_context/applied_filter\", \"type\": \"string\", \"order\": 89.0, \"title\": \"applied_filter\", \"value\": {\"type\": \"string\", \"requiredFlag\": false}, \"isLeaf\": true, \"entityType\": \"componentConfig\", \"childrenSet\": false, \"hasChildren\": false, \"dataElementType\": \"string\", \"encryption_required\": false}, {\"id\": \"c2287c26-c989-4793-909a-da616a23806c\", \"key\": \"/GetInvoicesOutput/response/page_context/custom_fields[]\", \"type\": \"array\", \"order\": 90.0, \"title\": \"custom_fields\", \"value\": {\"type\": \"array\", \"requiredFlag\": false}, \"isLeaf\": false, \"entityType\": \"componentConfig\", \"childrenSet\": false, \"hasChildren\": false, \"dataElementType\": \"objectArray\", \"encryption_required\": false}, {\"id\": \"c2287c26-c989-4793-909a-da616a23806c\", \"key\": \"/GetInvoicesOutput/response/page_context/sort_column\", \"type\": \"string\", \"order\": 91.0, \"title\": \"sort_column\", \"value\": {\"type\": \"string\", \"requiredFlag\": false}, \"isLeaf\": true, \"entityType\": \"componentConfig\", \"childrenSet\": false, \"hasChildren\": false, \"dataElementType\": \"string\", \"encryption_required\": false}, {\"id\": \"c2287c26-c989-4793-909a-da616a23806c\", \"key\": \"/GetInvoicesOutput/response/page_context/sort_order\", \"type\": \"string\", \"order\": 92.0, \"title\": \"sort_order\", \"value\": {\"type\": \"string\", \"requiredFlag\": false}, \"isLeaf\": true, \"entityType\": \"componentConfig\", \"childrenSet\": false, \"hasChildren\": false, \"dataElementType\": \"string\", \"encryption_required\": false}], \"entityType\": \"componentConfig\", \"childrenSet\": false, \"hasChildren\": false, \"dataElementType\": \"document\", \"encryption_required\": false}], \"entityType\": \"componentConfig\", \"childrenSet\": false, \"hasChildren\": false, \"dataElementType\": \"document\", \"encryption_required\": false}, {\"id\": \"c2287c26-c989-4793-909a-da616a23806c\", \"key\": \"/GetInvoicesOutput/errors\", \"order\": 3.0, \"title\": \"errors\", \"value\": {\"type\": \"object\"}, \"isLeaf\": true, \"children\": [], \"entityType\": \"componentConfig\", \"childrenSet\": false, \"hasChildren\": false, \"dataElementType\": \"document\", \"encryption_required\": false}, {\"id\": \"c2287c26-c989-4793-909a-da616a23806c\", \"key\": \"/GetInvoicesOutput/responseHeaders\", \"order\": 4.0, \"title\": \"responseHeaders\", \"value\": {\"type\": \"object\"}, \"isLeaf\": true, \"children\": [], \"entityType\": \"componentConfig\", \"childrenSet\": false, \"hasChildren\": false, \"dataElementType\": \"document\", \"encryption_required\": false}], \"entityType\": \"componentConfig\", \"childrenSet\": false, \"hasChildren\": false, \"dataElementType\": \"document\", \"encryption_required\": false}]",
    "null" : false
  },
  "config_plug_id" : null,
  "override_plug" : false,
  "config_java_service_id" : null,
  "service_tag" : "EMPTY",
  "endpoint_tag" : "EMPTY",
  "config_service_tag" : "EMPTY",
  "config_imap_tag" : "EMPTY",
  "config_b2b_document_type_tag" : "EMPTY",
  "active" : true,
  "parent_component_config_service_tag" : "EMPTY",
  "service_project_id" : "feabfdee-7bc4-4bff-8bac-86dc108dbad2",
  "service_project_tag" : "EMPTY",
  "config_service_project_id" : null,
  "config_service_project_tag" : "EMPTY",
  "config_imap_project_id" : null,
  "config_imap_project_tag" : "EMPTY",
  "config_b2b_document_type_project_id" : null,
  "config_b2b_document_type_project_tag" : "EMPTY",
  "endpoint_project_id" : "feabfdee-7bc4-4bff-8bac-86dc108dbad2",
  "endpoint_project_tag" : "EMPTY",
  "config_plug_tag" : "EMPTY",
  "config_plug_project_id" : null,
  "config_plug_project_tag" : "EMPTY",
  "config_java_service_tag" : "EMPTY",
  "config_java_service_project_id" : null,
  "config_java_service_project_tag" : "EMPTY",
  "disabled" : false,
  "config" : {
    "type" : "json",
    "value" : "{\"objectName\":\"Invoice\",\"operationName\":\"GetInvoices\",\"actionConfig\":{\"resourcePath\":\"/api/v3/invoices\",\"produces\":[\"application/json\"],\"methodName\":\"get\",\"consumes\":[\"application/json\"]}}",
    "null" : false
  },
  "config_b2b_document_type_project_mode_id" : "112c1cb8-4b9e-4d1a-a042-0bd031dc7d05",
  "config_imap_project_mode_id" : "112c1cb8-4b9e-4d1a-a042-0bd031dc7d05",
  "config_java_service_project_mode_id" : "112c1cb8-4b9e-4d1a-a042-0bd031dc7d05",
  "config_plug_project_mode_id" : "112c1cb8-4b9e-4d1a-a042-0bd031dc7d05",
  "config_service_project_mode_id" : "112c1cb8-4b9e-4d1a-a042-0bd031dc7d05",
  "endpoint_project_mode_id" : "112c1cb8-4b9e-4d1a-a042-0bd031dc7d05",
  "service_project_mode_id" : "112c1cb8-4b9e-4d1a-a042-0bd031dc7d05",
  "parent_component_config_service_project_mode_id" : "112c1cb8-4b9e-4d1a-a042-0bd031dc7d05",
  "is_audit" : true,
  "keys_with_order" : null
}