{
  "component_config_id" : "f4089021-a373-491b-bc33-42185d4f86f2",
  "endpoint_config_json" : {
    "type" : "jsonb",
    "value" : "{\"crossRef\": [], \"services\": [], \"multistep\": [], \"operations\": []}",
    "null" : false
  },
  "input_config_json" : {
    "type" : "jsonb",
    "value" : "{\"crossRef\": [], \"services\": [], \"multistep\": [], \"operations\": []}",
    "null" : false
  },
  "output_config_json" : {
    "type" : "jsonb",
    "value" : "{\"crossRef\": [], \"services\": [], \"multistep\": [], \"operations\": [{\"map\": {\"id\": \"c37ee987-0182-4ddc-bc46-28950c053bbe\", \"root\": true, \"type\": \"map\", \"cached\": false, \"source\": \"/ApacheKafkaConsumeOutput/recordValue\", \"target\": \"/invoice\", \"mapNull\": false, \"disabled\": false, \"extractXml\": false, \"extractJson\": true, \"targetOrder\": 1.0, \"mapEmptyString\": false, \"sourceJavaType\": \"java.lang.String\"}}]}",
    "null" : false
  },
  "component_id" : "8ac5fe03-27a2-4e6a-a449-6a8893818223",
  "service_id" : "059d56ea-a3bf-4187-948f-36202985f211",
  "endpoint_id" : null,
  "parent_component_config_id" : null,
  "component_config_order" : 2.0,
  "action_id" : "06843b78-eab0-45da-afab-8c8277d7553f",
  "name" : "parse invoice",
  "description" : "",
  "override_endpoint" : false,
  "input_structure_json" : {
    "type" : "jsonb",
    "value" : "{\"maps\": [], \"mappedNodes\": [\"/ApacheKafkaConsumeOutput/recordValue pipeIn\", \"/invoicepipeOut\"]}",
    "null" : false
  },
  "output_structure_json" : {
    "type" : "jsonb",
    "value" : "{\"maps\": [{\"/invoice\": [{\"type\": \"map\", \"source\": {\"path\": \"/ApacheKafkaConsumeOutput/recordValue\", \"title\": \"recordValue\", \"dataElementType\": \"string\"}, \"target\": {\"path\": \"/invoice\", \"order\": 1, \"title\": \"invoice\", \"dataElementType\": \"document\"}, \"extractJson\": true, \"mapCondition\": {\"isConditionSet\": false, \"sourceTreeIndex\": [], \"targetTreeIndex\": [], \"mapConditionFormValue\": {}}}]}], \"tracks\": {}, \"transformer\": []}",
    "null" : false
  },
  "endpoint_structure_json" : {
    "type" : "jsonb",
    "value" : "{\"maps\": []}",
    "null" : false
  },
  "is_error" : false,
  "no_of_errors" : 0,
  "action_input_type" : null,
  "config_service_id" : null,
  "config_imap_id" : null,
  "config_b2b_document_type_id" : null,
  "config_document_id" : null,
  "add_variables" : {
    "type" : "jsonb",
    "value" : "[{\"id\": \"d8685bf3-c5c0-42cd-8da5-d0f5b5e21996\", \"key\": \"/invoice\", \"type\": \"node\", \"order\": 1, \"title\": \"invoice\", \"value\": {}, \"children\": [{\"id\": \"aa53bced-9ddb-4349-a724-28a1d5bc54a6\", \"key\": \"/invoice/invoice_id\", \"type\": \"node\", \"order\": 1, \"title\": \"invoice_id\", \"value\": {\"type\": \"string\"}, \"isLeaf\": true, \"editAllow\": true, \"extractXml\": false, \"childrenSet\": false, \"extractJson\": true, \"hasChildren\": false, \"dataElementType\": \"string\", \"componentConfigId\": \"f4089021-a373-491b-bc33-42185d4f86f2\"}, {\"id\": \"2b936b6e-d55f-405e-bff5-804ebeb3d97e\", \"key\": \"/invoice/ach_payment_initiated\", \"type\": \"node\", \"order\": 2, \"title\": \"ach_payment_initiated\", \"value\": {\"type\": \"boolean\"}, \"isLeaf\": true, \"editAllow\": true, \"extractXml\": false, \"childrenSet\": false, \"extractJson\": true, \"hasChildren\": false, \"dataElementType\": \"boolean\", \"componentConfigId\": \"f4089021-a373-491b-bc33-42185d4f86f2\"}, {\"id\": \"8dacd498-ba46-4c37-9cb3-5f44027a09e9\", \"key\": \"/invoice/zcrm_potential_id\", \"type\": \"node\", \"order\": 3, \"title\": \"zcrm_potential_id\", \"value\": {\"type\": \"string\"}, \"isLeaf\": true, \"editAllow\": true, \"extractXml\": false, \"childrenSet\": false, \"extractJson\": true, \"hasChildren\": false, \"dataElementType\": \"string\", \"componentConfigId\": \"f4089021-a373-491b-bc33-42185d4f86f2\"}, {\"id\": \"3d15667f-8e0b-4328-9e03-7b662e053382\", \"key\": \"/invoice/zcrm_potential_name\", \"type\": \"node\", \"order\": 4, \"title\": \"zcrm_potential_name\", \"value\": {\"type\": \"string\"}, \"isLeaf\": true, \"editAllow\": true, \"extractXml\": false, \"childrenSet\": false, \"extractJson\": true, \"hasChildren\": false, \"dataElementType\": \"string\", \"componentConfigId\": \"f4089021-a373-491b-bc33-42185d4f86f2\"}, {\"id\": \"7bc8ed5d-2b8e-4676-b05c-c231f1b38545\", \"key\": \"/invoice/customer_name\", \"type\": \"node\", \"order\": 5, \"title\": \"customer_name\", \"value\": {\"type\": \"string\"}, \"isLeaf\": true, \"editAllow\": true, \"extractXml\": false, \"childrenSet\": false, \"extractJson\": true, \"hasChildren\": false, \"dataElementType\": \"string\", \"componentConfigId\": \"f4089021-a373-491b-bc33-42185d4f86f2\"}, {\"id\": \"c15acb78-06b0-4685-8df6-9b165ed8e5e4\", \"key\": \"/invoice/customer_id\", \"type\": \"node\", \"order\": 6, \"title\": \"customer_id\", \"value\": {\"type\": \"string\"}, \"isLeaf\": true, \"editAllow\": true, \"extractXml\": false, \"childrenSet\": false, \"extractJson\": true, \"hasChildren\": false, \"dataElementType\": \"string\", \"componentConfigId\": \"f4089021-a373-491b-bc33-42185d4f86f2\"}, {\"id\": \"6f3a2509-ce75-4772-808d-0a5184b61041\", \"key\": \"/invoice/company_name\", \"type\": \"node\", \"order\": 7, \"title\": \"company_name\", \"value\": {\"type\": \"string\"}, \"isLeaf\": true, \"editAllow\": true, \"extractXml\": false, \"childrenSet\": false, \"extractJson\": true, \"hasChildren\": false, \"dataElementType\": \"string\", \"componentConfigId\": \"f4089021-a373-491b-bc33-42185d4f86f2\"}, {\"id\": \"47e4a07a-5b64-49aa-a5d1-4bb1d21d4f42\", \"key\": \"/invoice/status\", \"type\": \"node\", \"order\": 8, \"title\": \"status\", \"value\": {\"type\": \"string\"}, \"isLeaf\": true, \"editAllow\": true, \"extractXml\": false, \"childrenSet\": false, \"extractJson\": true, \"hasChildren\": false, \"dataElementType\": \"string\", \"componentConfigId\": \"f4089021-a373-491b-bc33-42185d4f86f2\"}, {\"id\": \"b11c6e71-16d3-4bce-ab03-f3b9cb61bdc5\", \"key\": \"/invoice/color_code\", \"type\": \"node\", \"order\": 9, \"title\": \"color_code\", \"value\": {\"type\": \"string\"}, \"isLeaf\": true, \"editAllow\": true, \"extractXml\": false, \"childrenSet\": false, \"extractJson\": true, \"hasChildren\": false, \"dataElementType\": \"string\", \"componentConfigId\": \"f4089021-a373-491b-bc33-42185d4f86f2\"}, {\"id\": \"da3f0583-2247-40fe-a7ab-b8f276f5d56c\", \"key\": \"/invoice/current_sub_status_id\", \"type\": \"node\", \"order\": 10, \"title\": \"current_sub_status_id\", \"value\": {\"type\": \"string\"}, \"isLeaf\": true, \"editAllow\": true, \"extractXml\": false, \"childrenSet\": false, \"extractJson\": true, \"hasChildren\": false, \"dataElementType\": \"string\", \"componentConfigId\": \"f4089021-a373-491b-bc33-42185d4f86f2\"}, {\"id\": \"f574112f-f59b-407b-8342-e84f8657c63f\", \"key\": \"/invoice/current_sub_status\", \"type\": \"node\", \"order\": 11, \"title\": \"current_sub_status\", \"value\": {\"type\": \"string\"}, \"isLeaf\": true, \"editAllow\": true, \"extractXml\": false, \"childrenSet\": false, \"extractJson\": true, \"hasChildren\": false, \"dataElementType\": \"string\", \"componentConfigId\": \"f4089021-a373-491b-bc33-42185d4f86f2\"}, {\"id\": \"507caedb-cabf-43ef-92f4-7a21e8e3d5cf\", \"key\": \"/invoice/invoice_number\", \"type\": \"node\", \"order\": 12, \"title\": \"invoice_number\", \"value\": {\"type\": \"string\"}, \"isLeaf\": true, \"editAllow\": true, \"extractXml\": false, \"childrenSet\": false, \"extractJson\": true, \"hasChildren\": false, \"dataElementType\": \"string\", \"componentConfigId\": \"f4089021-a373-491b-bc33-42185d4f86f2\"}, {\"id\": \"f66aa3a8-fc57-45d6-b752-bb698c71fd9e\", \"key\": \"/invoice/reference_number\", \"type\": \"node\", \"order\": 13, \"title\": \"reference_number\", \"value\": {\"type\": \"string\"}, \"isLeaf\": true, \"editAllow\": true, \"extractXml\": false, \"childrenSet\": false, \"extractJson\": true, \"hasChildren\": false, \"dataElementType\": \"string\", \"componentConfigId\": \"f4089021-a373-491b-bc33-42185d4f86f2\"}, {\"id\": \"1ea165c0-ca0e-4c9a-89b3-44c6b2902b17\", \"key\": \"/invoice/date\", \"type\": \"node\", \"order\": 14, \"title\": \"date\", \"value\": {\"type\": \"string\"}, \"isLeaf\": true, \"editAllow\": true, \"extractXml\": false, \"childrenSet\": false, \"extractJson\": true, \"hasChildren\": false, \"dataElementType\": \"string\", \"componentConfigId\": \"f4089021-a373-491b-bc33-42185d4f86f2\"}, {\"id\": \"d95a04c4-60a9-4a2f-b893-4b1d9eedd873\", \"key\": \"/invoice/due_date\", \"type\": \"node\", \"order\": 15, \"title\": \"due_date\", \"value\": {\"type\": \"string\"}, \"isLeaf\": true, \"editAllow\": true, \"extractXml\": false, \"childrenSet\": false, \"extractJson\": true, \"hasChildren\": false, \"dataElementType\": \"string\", \"componentConfigId\": \"f4089021-a373-491b-bc33-42185d4f86f2\"}, {\"id\": \"f735609e-8f84-446d-b3b4-d5f12a57228a\", \"key\": \"/invoice/due_days\", \"type\": \"node\", \"order\": 16, \"title\": \"due_days\", \"value\": {\"type\": \"string\"}, \"isLeaf\": true, \"editAllow\": true, \"extractXml\": false, \"childrenSet\": false, \"extractJson\": true, \"hasChildren\": false, \"dataElementType\": \"string\", \"componentConfigId\": \"f4089021-a373-491b-bc33-42185d4f86f2\"}, {\"id\": \"ec07c390-5c17-4995-b9a2-c57bf15d37d2\", \"key\": \"/invoice/currency_id\", \"type\": \"node\", \"order\": 17, \"title\": \"currency_id\", \"value\": {\"type\": \"string\"}, \"isLeaf\": true, \"editAllow\": true, \"extractXml\": false, \"childrenSet\": false, \"extractJson\": true, \"hasChildren\": false, \"dataElementType\": \"string\", \"componentConfigId\": \"f4089021-a373-491b-bc33-42185d4f86f2\"}, {\"id\": \"625b3e7c-ae21-4650-90d6-f2ab4a1d5a9b\", \"key\": \"/invoice/schedule_time\", \"type\": \"node\", \"order\": 18, \"title\": \"schedule_time\", \"value\": {\"type\": \"string\"}, \"isLeaf\": true, \"editAllow\": true, \"extractXml\": false, \"childrenSet\": false, \"extractJson\": true, \"hasChildren\": false, \"dataElementType\": \"string\", \"componentConfigId\": \"f4089021-a373-491b-bc33-42185d4f86f2\"}, {\"id\": \"2c2a9c8d-0133-4455-84a6-eb64d4dd0ef0\", \"key\": \"/invoice/email\", \"type\": \"node\", \"order\": 19, \"title\": \"email\", \"value\": {\"type\": \"string\"}, \"isLeaf\": true, \"editAllow\": true, \"extractXml\": false, \"childrenSet\": false, \"extractJson\": true, \"hasChildren\": false, \"dataElementType\": \"string\", \"componentConfigId\": \"f4089021-a373-491b-bc33-42185d4f86f2\"}, {\"id\": \"48befb2a-9061-4137-af68-661370853707\", \"key\": \"/invoice/currency_code\", \"type\": \"node\", \"order\": 20, \"title\": \"currency_code\", \"value\": {\"type\": \"string\"}, \"isLeaf\": true, \"editAllow\": true, \"extractXml\": false, \"childrenSet\": false, \"extractJson\": true, \"hasChildren\": false, \"dataElementType\": \"string\", \"componentConfigId\": \"f4089021-a373-491b-bc33-42185d4f86f2\"}, {\"id\": \"27500ba3-861c-4ecc-999a-bab85e4f182b\", \"key\": \"/invoice/currency_symbol\", \"type\": \"node\", \"order\": 21, \"title\": \"currency_symbol\", \"value\": {\"type\": \"string\"}, \"isLeaf\": true, \"editAllow\": true, \"extractXml\": false, \"childrenSet\": false, \"extractJson\": true, \"hasChildren\": false, \"dataElementType\": \"string\", \"componentConfigId\": \"f4089021-a373-491b-bc33-42185d4f86f2\"}, {\"id\": \"d6c61fb4-28d6-4035-8e0d-85d9e5b6faab\", \"key\": \"/invoice/template_type\", \"type\": \"node\", \"order\": 22, \"title\": \"template_type\", \"value\": {\"type\": \"string\"}, \"isLeaf\": true, \"editAllow\": true, \"extractXml\": false, \"childrenSet\": false, \"extractJson\": true, \"hasChildren\": false, \"dataElementType\": \"string\", \"componentConfigId\": \"f4089021-a373-491b-bc33-42185d4f86f2\"}, {\"id\": \"49605f90-94f9-4298-a490-c7be86379548\", \"key\": \"/invoice/is_viewed_by_client\", \"type\": \"node\", \"order\": 23, \"title\": \"is_viewed_by_client\", \"value\": {\"type\": \"boolean\"}, \"isLeaf\": true, \"editAllow\": true, \"extractXml\": false, \"childrenSet\": false, \"extractJson\": true, \"hasChildren\": false, \"dataElementType\": \"boolean\", \"componentConfigId\": \"f4089021-a373-491b-bc33-42185d4f86f2\"}, {\"id\": \"4c13320a-ecdb-4916-9419-c9f13c61c386\", \"key\": \"/invoice/has_attachment\", \"type\": \"node\", \"order\": 24, \"title\": \"has_attachment\", \"value\": {\"type\": \"boolean\"}, \"isLeaf\": true, \"editAllow\": true, \"extractXml\": false, \"childrenSet\": false, \"extractJson\": true, \"hasChildren\": false, \"dataElementType\": \"boolean\", \"componentConfigId\": \"f4089021-a373-491b-bc33-42185d4f86f2\"}, {\"id\": \"4022ddfe-905c-42b7-8a9e-24ce496e736c\", \"key\": \"/invoice/client_viewed_time\", \"type\": \"node\", \"order\": 25, \"title\": \"client_viewed_time\", \"value\": {\"type\": \"string\"}, \"isLeaf\": true, \"editAllow\": true, \"extractXml\": false, \"childrenSet\": false, \"extractJson\": true, \"hasChildren\": false, \"dataElementType\": \"string\", \"componentConfigId\": \"f4089021-a373-491b-bc33-42185d4f86f2\"}, {\"id\": \"4e3ce965-c207-4938-a2cb-7f310f5dcdd2\", \"key\": \"/invoice/project_name\", \"type\": \"node\", \"order\": 26, \"title\": \"project_name\", \"value\": {\"type\": \"string\"}, \"isLeaf\": true, \"editAllow\": true, \"extractXml\": false, \"childrenSet\": false, \"extractJson\": true, \"hasChildren\": false, \"dataElementType\": \"string\", \"componentConfigId\": \"f4089021-a373-491b-bc33-42185d4f86f2\"}, {\"id\": \"94469828-4f0b-4f45-8452-26448aedd86b\", \"key\": \"/invoice/billing_address\", \"type\": \"node\", \"order\": 27, \"title\": \"billing_address\", \"value\": {\"type\": \"object\"}, \"isLeaf\": false, \"children\": [{\"id\": \"6ba96178-01e1-4282-9f87-252ed17ddc1d\", \"key\": \"/invoice/billing_address/address\", \"type\": \"node\", \"order\": 28, \"title\": \"address\", \"value\": {\"type\": \"string\"}, \"isLeaf\": true, \"editAllow\": true, \"extractXml\": false, \"childrenSet\": false, \"extractJson\": true, \"hasChildren\": false, \"dataElementType\": \"string\", \"componentConfigId\": \"f4089021-a373-491b-bc33-42185d4f86f2\"}, {\"id\": \"c0449b68-b653-407d-9dce-be99b14f5bf0\", \"key\": \"/invoice/billing_address/street2\", \"type\": \"node\", \"order\": 29, \"title\": \"street2\", \"value\": {\"type\": \"string\"}, \"isLeaf\": true, \"editAllow\": true, \"extractXml\": false, \"childrenSet\": false, \"extractJson\": true, \"hasChildren\": false, \"dataElementType\": \"string\", \"componentConfigId\": \"f4089021-a373-491b-bc33-42185d4f86f2\"}, {\"id\": \"f7110f3f-66b0-4b16-8a06-7b9a50e23ac5\", \"key\": \"/invoice/billing_address/city\", \"type\": \"node\", \"order\": 30, \"title\": \"city\", \"value\": {\"type\": \"string\"}, \"isLeaf\": true, \"editAllow\": true, \"extractXml\": false, \"childrenSet\": false, \"extractJson\": true, \"hasChildren\": false, \"dataElementType\": \"string\", \"componentConfigId\": \"f4089021-a373-491b-bc33-42185d4f86f2\"}, {\"id\": \"db9982f2-3d1e-473d-a833-dd5659c63f15\", \"key\": \"/invoice/billing_address/state\", \"type\": \"node\", \"order\": 31, \"title\": \"state\", \"value\": {\"type\": \"string\"}, \"isLeaf\": true, \"editAllow\": true, \"extractXml\": false, \"childrenSet\": false, \"extractJson\": true, \"hasChildren\": false, \"dataElementType\": \"string\", \"componentConfigId\": \"f4089021-a373-491b-bc33-42185d4f86f2\"}, {\"id\": \"9faf4cc4-8fac-458f-8511-20875eb56dbe\", \"key\": \"/invoice/billing_address/zipcode\", \"type\": \"node\", \"order\": 32, \"title\": \"zipcode\", \"value\": {\"type\": \"string\"}, \"isLeaf\": true, \"editAllow\": true, \"extractXml\": false, \"childrenSet\": false, \"extractJson\": true, \"hasChildren\": false, \"dataElementType\": \"string\", \"componentConfigId\": \"f4089021-a373-491b-bc33-42185d4f86f2\"}, {\"id\": \"6c0a5838-4b7c-4d49-ab4e-21d95fb23a79\", \"key\": \"/invoice/billing_address/country\", \"type\": \"node\", \"order\": 33, \"title\": \"country\", \"value\": {\"type\": \"string\"}, \"isLeaf\": true, \"editAllow\": true, \"extractXml\": false, \"childrenSet\": false, \"extractJson\": true, \"hasChildren\": false, \"dataElementType\": \"string\", \"componentConfigId\": \"f4089021-a373-491b-bc33-42185d4f86f2\"}, {\"id\": \"3dd3df31-1576-4343-afb7-e1a0c23b2bce\", \"key\": \"/invoice/billing_address/phone\", \"type\": \"node\", \"order\": 34, \"title\": \"phone\", \"value\": {\"type\": \"string\"}, \"isLeaf\": true, \"editAllow\": true, \"extractXml\": false, \"childrenSet\": false, \"extractJson\": true, \"hasChildren\": false, \"dataElementType\": \"string\", \"componentConfigId\": \"f4089021-a373-491b-bc33-42185d4f86f2\"}, {\"id\": \"33cf5a12-2462-4d4a-9396-1beba0c7acdb\", \"key\": \"/invoice/billing_address/fax\", \"type\": \"node\", \"order\": 35, \"title\": \"fax\", \"value\": {\"type\": \"string\"}, \"isLeaf\": true, \"editAllow\": true, \"extractXml\": false, \"childrenSet\": false, \"extractJson\": true, \"hasChildren\": false, \"dataElementType\": \"string\", \"componentConfigId\": \"f4089021-a373-491b-bc33-42185d4f86f2\"}, {\"id\": \"efaaffde-963f-4559-933f-d7db639d7c2d\", \"key\": \"/invoice/billing_address/attention\", \"type\": \"node\", \"order\": 36, \"title\": \"attention\", \"value\": {\"type\": \"string\"}, \"isLeaf\": true, \"editAllow\": true, \"extractXml\": false, \"childrenSet\": false, \"extractJson\": true, \"hasChildren\": false, \"dataElementType\": \"string\", \"componentConfigId\": \"f4089021-a373-491b-bc33-42185d4f86f2\"}], \"editAllow\": true, \"extractXml\": false, \"childrenSet\": false, \"extractJson\": true, \"hasChildren\": false, \"dataElementType\": \"document\", \"componentConfigId\": \"f4089021-a373-491b-bc33-42185d4f86f2\"}, {\"id\": \"0ee4511a-8191-4c83-bd5d-e86f2b486c03\", \"key\": \"/invoice/shipping_address\", \"type\": \"node\", \"order\": 37, \"title\": \"shipping_address\", \"value\": {\"type\": \"object\"}, \"isLeaf\": false, \"children\": [{\"id\": \"b03a6543-df47-48aa-b9ac-3f85009b38b4\", \"key\": \"/invoice/shipping_address/address\", \"type\": \"node\", \"order\": 38, \"title\": \"address\", \"value\": {\"type\": \"string\"}, \"isLeaf\": true, \"editAllow\": true, \"extractXml\": false, \"childrenSet\": false, \"extractJson\": true, \"hasChildren\": false, \"dataElementType\": \"string\", \"componentConfigId\": \"f4089021-a373-491b-bc33-42185d4f86f2\"}, {\"id\": \"1da2f2db-8388-4296-b09a-111a46b8ef91\", \"key\": \"/invoice/shipping_address/street2\", \"type\": \"node\", \"order\": 39, \"title\": \"street2\", \"value\": {\"type\": \"string\"}, \"isLeaf\": true, \"editAllow\": true, \"extractXml\": false, \"childrenSet\": false, \"extractJson\": true, \"hasChildren\": false, \"dataElementType\": \"string\", \"componentConfigId\": \"f4089021-a373-491b-bc33-42185d4f86f2\"}, {\"id\": \"eebb062a-d08d-44c1-a6db-d8221f2f7262\", \"key\": \"/invoice/shipping_address/city\", \"type\": \"node\", \"order\": 40, \"title\": \"city\", \"value\": {\"type\": \"string\"}, \"isLeaf\": true, \"editAllow\": true, \"extractXml\": false, \"childrenSet\": false, \"extractJson\": true, \"hasChildren\": false, \"dataElementType\": \"string\", \"componentConfigId\": \"f4089021-a373-491b-bc33-42185d4f86f2\"}, {\"id\": \"5b10e599-4575-4fa0-b2ec-4ee67080d666\", \"key\": \"/invoice/shipping_address/state\", \"type\": \"node\", \"order\": 41, \"title\": \"state\", \"value\": {\"type\": \"string\"}, \"isLeaf\": true, \"editAllow\": true, \"extractXml\": false, \"childrenSet\": false, \"extractJson\": true, \"hasChildren\": false, \"dataElementType\": \"string\", \"componentConfigId\": \"f4089021-a373-491b-bc33-42185d4f86f2\"}, {\"id\": \"7210b0cb-2dfa-4235-9f72-a014cf5a023a\", \"key\": \"/invoice/shipping_address/zipcode\", \"type\": \"node\", \"order\": 42, \"title\": \"zipcode\", \"value\": {\"type\": \"string\"}, \"isLeaf\": true, \"editAllow\": true, \"extractXml\": false, \"childrenSet\": false, \"extractJson\": true, \"hasChildren\": false, \"dataElementType\": \"string\", \"componentConfigId\": \"f4089021-a373-491b-bc33-42185d4f86f2\"}, {\"id\": \"a995d314-96d4-4d29-af9d-dfb372babe33\", \"key\": \"/invoice/shipping_address/country\", \"type\": \"node\", \"order\": 43, \"title\": \"country\", \"value\": {\"type\": \"string\"}, \"isLeaf\": true, \"editAllow\": true, \"extractXml\": false, \"childrenSet\": false, \"extractJson\": true, \"hasChildren\": false, \"dataElementType\": \"string\", \"componentConfigId\": \"f4089021-a373-491b-bc33-42185d4f86f2\"}, {\"id\": \"a08cb72b-e3ae-4503-8481-f92edca50a53\", \"key\": \"/invoice/shipping_address/phone\", \"type\": \"node\", \"order\": 44, \"title\": \"phone\", \"value\": {\"type\": \"string\"}, \"isLeaf\": true, \"editAllow\": true, \"extractXml\": false, \"childrenSet\": false, \"extractJson\": true, \"hasChildren\": false, \"dataElementType\": \"string\", \"componentConfigId\": \"f4089021-a373-491b-bc33-42185d4f86f2\"}, {\"id\": \"696cc0ee-46a1-491c-a55f-7acdd3b89e55\", \"key\": \"/invoice/shipping_address/fax\", \"type\": \"node\", \"order\": 45, \"title\": \"fax\", \"value\": {\"type\": \"string\"}, \"isLeaf\": true, \"editAllow\": true, \"extractXml\": false, \"childrenSet\": false, \"extractJson\": true, \"hasChildren\": false, \"dataElementType\": \"string\", \"componentConfigId\": \"f4089021-a373-491b-bc33-42185d4f86f2\"}, {\"id\": \"94226a32-dc1d-4e68-b670-ef355eb5141c\", \"key\": \"/invoice/shipping_address/attention\", \"type\": \"node\", \"order\": 46, \"title\": \"attention\", \"value\": {\"type\": \"string\"}, \"isLeaf\": true, \"editAllow\": true, \"extractXml\": false, \"childrenSet\": false, \"extractJson\": true, \"hasChildren\": false, \"dataElementType\": \"string\", \"componentConfigId\": \"f4089021-a373-491b-bc33-42185d4f86f2\"}], \"editAllow\": true, \"extractXml\": false, \"childrenSet\": false, \"extractJson\": true, \"hasChildren\": false, \"dataElementType\": \"document\", \"componentConfigId\": \"f4089021-a373-491b-bc33-42185d4f86f2\"}, {\"id\": \"6b2cee21-e4c1-4c4e-bc84-7cdd0e04da28\", \"key\": \"/invoice/country\", \"type\": \"node\", \"order\": 47, \"title\": \"country\", \"value\": {\"type\": \"string\"}, \"isLeaf\": true, \"editAllow\": true, \"extractXml\": false, \"childrenSet\": false, \"extractJson\": true, \"hasChildren\": false, \"dataElementType\": \"string\", \"componentConfigId\": \"f4089021-a373-491b-bc33-42185d4f86f2\"}, {\"id\": \"38551cdc-5d57-478e-8fc9-6142b460f808\", \"key\": \"/invoice/phone\", \"type\": \"node\", \"order\": 48, \"title\": \"phone\", \"value\": {\"type\": \"string\"}, \"isLeaf\": true, \"editAllow\": true, \"extractXml\": false, \"childrenSet\": false, \"extractJson\": true, \"hasChildren\": false, \"dataElementType\": \"string\", \"componentConfigId\": \"f4089021-a373-491b-bc33-42185d4f86f2\"}, {\"id\": \"6fae7772-68d8-48dc-9cd0-69ee5c84ab0a\", \"key\": \"/invoice/created_by\", \"type\": \"node\", \"order\": 49, \"title\": \"created_by\", \"value\": {\"type\": \"string\"}, \"isLeaf\": true, \"editAllow\": true, \"extractXml\": false, \"childrenSet\": false, \"extractJson\": true, \"hasChildren\": false, \"dataElementType\": \"string\", \"componentConfigId\": \"f4089021-a373-491b-bc33-42185d4f86f2\"}, {\"id\": \"f3319107-5c2b-450b-a5a5-62723e409a3e\", \"key\": \"/invoice/updated_time\", \"type\": \"node\", \"order\": 50, \"title\": \"updated_time\", \"value\": {\"type\": \"string\"}, \"isLeaf\": true, \"editAllow\": true, \"extractXml\": false, \"childrenSet\": false, \"extractJson\": true, \"hasChildren\": false, \"dataElementType\": \"string\", \"componentConfigId\": \"f4089021-a373-491b-bc33-42185d4f86f2\"}, {\"id\": \"5218e9c9-0d9c-4cdc-8efa-ddf1da9ab58f\", \"key\": \"/invoice/transaction_type\", \"type\": \"node\", \"order\": 51, \"title\": \"transaction_type\", \"value\": {\"type\": \"string\"}, \"isLeaf\": true, \"editAllow\": true, \"extractXml\": false, \"childrenSet\": false, \"extractJson\": true, \"hasChildren\": false, \"dataElementType\": \"string\", \"componentConfigId\": \"f4089021-a373-491b-bc33-42185d4f86f2\"}, {\"id\": \"0c10384e-7c99-4684-96f8-182263b80c88\", \"key\": \"/invoice/total\", \"type\": \"node\", \"order\": 52, \"title\": \"total\", \"value\": {\"type\": \"number\"}, \"isLeaf\": true, \"editAllow\": true, \"extractXml\": false, \"childrenSet\": false, \"extractJson\": true, \"hasChildren\": false, \"dataElementType\": \"number\", \"componentConfigId\": \"f4089021-a373-491b-bc33-42185d4f86f2\"}, {\"id\": \"b9beb0b7-6470-436d-afdc-029a7f7e6ddb\", \"key\": \"/invoice/balance\", \"type\": \"node\", \"order\": 53, \"title\": \"balance\", \"value\": {\"type\": \"number\"}, \"isLeaf\": true, \"editAllow\": true, \"extractXml\": false, \"childrenSet\": false, \"extractJson\": true, \"hasChildren\": false, \"dataElementType\": \"number\", \"componentConfigId\": \"f4089021-a373-491b-bc33-42185d4f86f2\"}, {\"id\": \"92b6be80-df42-45a3-8f19-3bd8f3e867c8\", \"key\": \"/invoice/created_time\", \"type\": \"node\", \"order\": 54, \"title\": \"created_time\", \"value\": {\"type\": \"string\"}, \"isLeaf\": true, \"editAllow\": true, \"extractXml\": false, \"childrenSet\": false, \"extractJson\": true, \"hasChildren\": false, \"dataElementType\": \"string\", \"componentConfigId\": \"f4089021-a373-491b-bc33-42185d4f86f2\"}, {\"id\": \"fffa96cc-51df-42b8-b5f7-550f87311108\", \"key\": \"/invoice/last_modified_time\", \"type\": \"node\", \"order\": 55, \"title\": \"last_modified_time\", \"value\": {\"type\": \"string\"}, \"isLeaf\": true, \"editAllow\": true, \"extractXml\": false, \"childrenSet\": false, \"extractJson\": true, \"hasChildren\": false, \"dataElementType\": \"string\", \"componentConfigId\": \"f4089021-a373-491b-bc33-42185d4f86f2\"}, {\"id\": \"8a0664f0-784c-4ff3-b223-f81bbef7fb34\", \"key\": \"/invoice/is_emailed\", \"type\": \"node\", \"order\": 56, \"title\": \"is_emailed\", \"value\": {\"type\": \"boolean\"}, \"isLeaf\": true, \"editAllow\": true, \"extractXml\": false, \"childrenSet\": false, \"extractJson\": true, \"hasChildren\": false, \"dataElementType\": \"boolean\", \"componentConfigId\": \"f4089021-a373-491b-bc33-42185d4f86f2\"}, {\"id\": \"1c3154c8-3774-4f99-a9e6-0b213c472c26\", \"key\": \"/invoice/reminders_sent\", \"type\": \"node\", \"order\": 57, \"title\": \"reminders_sent\", \"value\": {\"type\": \"integer\"}, \"isLeaf\": true, \"editAllow\": true, \"extractXml\": false, \"childrenSet\": false, \"extractJson\": true, \"hasChildren\": false, \"dataElementType\": \"integer\", \"componentConfigId\": \"f4089021-a373-491b-bc33-42185d4f86f2\"}, {\"id\": \"4a08ef9a-5e27-44a6-855f-2ea64b28610e\", \"key\": \"/invoice/last_reminder_sent_date\", \"type\": \"node\", \"order\": 58, \"title\": \"last_reminder_sent_date\", \"value\": {\"type\": \"string\"}, \"isLeaf\": true, \"editAllow\": true, \"extractXml\": false, \"childrenSet\": false, \"extractJson\": true, \"hasChildren\": false, \"dataElementType\": \"string\", \"componentConfigId\": \"f4089021-a373-491b-bc33-42185d4f86f2\"}, {\"id\": \"b05350a5-9ded-4585-bed7-705fb1e4eac1\", \"key\": \"/invoice/payment_expected_date\", \"type\": \"node\", \"order\": 59, \"title\": \"payment_expected_date\", \"value\": {\"type\": \"string\"}, \"isLeaf\": true, \"editAllow\": true, \"extractXml\": false, \"childrenSet\": false, \"extractJson\": true, \"hasChildren\": false, \"dataElementType\": \"string\", \"componentConfigId\": \"f4089021-a373-491b-bc33-42185d4f86f2\"}, {\"id\": \"cca64328-6cb9-4b74-830d-44b19cf7060b\", \"key\": \"/invoice/last_payment_date\", \"type\": \"node\", \"order\": 60, \"title\": \"last_payment_date\", \"value\": {\"type\": \"string\"}, \"isLeaf\": true, \"editAllow\": true, \"extractXml\": false, \"childrenSet\": false, \"extractJson\": true, \"hasChildren\": false, \"dataElementType\": \"string\", \"componentConfigId\": \"f4089021-a373-491b-bc33-42185d4f86f2\"}, {\"id\": \"4a4d0185-0504-4be4-a307-9966a12e4bb9\", \"key\": \"/invoice/custom_fields[]\", \"type\": \"node\", \"order\": 61, \"title\": \"custom_fields\", \"value\": {\"type\": \"array\"}, \"isLeaf\": false, \"editAllow\": true, \"extractXml\": false, \"childrenSet\": false, \"extractJson\": true, \"hasChildren\": false, \"dataElementType\": \"objectArray\", \"componentConfigId\": \"f4089021-a373-491b-bc33-42185d4f86f2\"}, {\"id\": \"4c4323c0-b4cc-426b-b818-52ff2f35e3ba\", \"key\": \"/invoice/custom_field_hash\", \"type\": \"node\", \"order\": 62, \"title\": \"custom_field_hash\", \"value\": {\"type\": \"object\"}, \"isLeaf\": false, \"editAllow\": true, \"extractXml\": false, \"childrenSet\": false, \"extractJson\": true, \"hasChildren\": false, \"dataElementType\": \"object\", \"componentConfigId\": \"f4089021-a373-491b-bc33-42185d4f86f2\"}, {\"id\": \"f0bbe940-51cc-4bfd-9a39-624d7c2934eb\", \"key\": \"/invoice/template_id\", \"type\": \"node\", \"order\": 63, \"title\": \"template_id\", \"value\": {\"type\": \"string\"}, \"isLeaf\": true, \"editAllow\": true, \"extractXml\": false, \"childrenSet\": false, \"extractJson\": true, \"hasChildren\": false, \"dataElementType\": \"string\", \"componentConfigId\": \"f4089021-a373-491b-bc33-42185d4f86f2\"}, {\"id\": \"4bc2764f-c2fb-4a83-b5b8-1b2372f49d19\", \"key\": \"/invoice/documents\", \"type\": \"node\", \"order\": 64, \"title\": \"documents\", \"value\": {\"type\": \"string\"}, \"isLeaf\": true, \"editAllow\": true, \"extractXml\": false, \"childrenSet\": false, \"extractJson\": true, \"hasChildren\": false, \"dataElementType\": \"string\", \"componentConfigId\": \"f4089021-a373-491b-bc33-42185d4f86f2\"}, {\"id\": \"d124ae86-7f7f-422c-a7b7-dcf786d3295f\", \"key\": \"/invoice/salesperson_id\", \"type\": \"node\", \"order\": 65, \"title\": \"salesperson_id\", \"value\": {\"type\": \"string\"}, \"isLeaf\": true, \"editAllow\": true, \"extractXml\": false, \"childrenSet\": false, \"extractJson\": true, \"hasChildren\": false, \"dataElementType\": \"string\", \"componentConfigId\": \"f4089021-a373-491b-bc33-42185d4f86f2\"}, {\"id\": \"0dac73ae-bdaa-433f-b63d-bcaa062b09aa\", \"key\": \"/invoice/salesperson_name\", \"type\": \"node\", \"order\": 66, \"title\": \"salesperson_name\", \"value\": {\"type\": \"string\"}, \"isLeaf\": true, \"editAllow\": true, \"extractXml\": false, \"childrenSet\": false, \"extractJson\": true, \"hasChildren\": false, \"dataElementType\": \"string\", \"componentConfigId\": \"f4089021-a373-491b-bc33-42185d4f86f2\"}, {\"id\": \"358490b0-65af-46c2-a19b-f2bb7e52d071\", \"key\": \"/invoice/shipping_charge\", \"type\": \"node\", \"order\": 67, \"title\": \"shipping_charge\", \"value\": {\"type\": \"number\"}, \"isLeaf\": true, \"editAllow\": true, \"extractXml\": false, \"childrenSet\": false, \"extractJson\": true, \"hasChildren\": false, \"dataElementType\": \"number\", \"componentConfigId\": \"f4089021-a373-491b-bc33-42185d4f86f2\"}, {\"id\": \"180e37c0-d038-4101-9ed4-32881ba96f30\", \"key\": \"/invoice/adjustment\", \"type\": \"node\", \"order\": 68, \"title\": \"adjustment\", \"value\": {\"type\": \"number\"}, \"isLeaf\": true, \"editAllow\": true, \"extractXml\": false, \"childrenSet\": false, \"extractJson\": true, \"hasChildren\": false, \"dataElementType\": \"number\", \"componentConfigId\": \"f4089021-a373-491b-bc33-42185d4f86f2\"}, {\"id\": \"7190ee7a-74c8-47d1-bb93-05dc1e7427c1\", \"key\": \"/invoice/write_off_amount\", \"type\": \"node\", \"order\": 69, \"title\": \"write_off_amount\", \"value\": {\"type\": \"number\"}, \"isLeaf\": true, \"editAllow\": true, \"extractXml\": false, \"childrenSet\": false, \"extractJson\": true, \"hasChildren\": false, \"dataElementType\": \"number\", \"componentConfigId\": \"f4089021-a373-491b-bc33-42185d4f86f2\"}, {\"id\": \"12c06446-a655-41a2-81f2-5e356f1990f2\", \"key\": \"/invoice/exchange_rate\", \"type\": \"node\", \"order\": 70, \"title\": \"exchange_rate\", \"value\": {\"type\": \"number\"}, \"isLeaf\": true, \"editAllow\": true, \"extractXml\": false, \"childrenSet\": false, \"extractJson\": true, \"hasChildren\": false, \"dataElementType\": \"number\", \"componentConfigId\": \"f4089021-a373-491b-bc33-42185d4f86f2\"}], \"editAllow\": true, \"extractXml\": false, \"extractJson\": true, \"componentName\": \"\", \"dataElementType\": \"document\", \"componentConfigId\": \"f4089021-a373-491b-bc33-42185d4f86f2\", \"componentConfigName\": \"Map\"}]",
    "null" : false
  },
  "drop_variables" : {
    "type" : "jsonb",
    "value" : "[]",
    "null" : false
  },
  "plug_input_structure" : null,
  "plug_output_structure" : null,
  "config_plug_id" : null,
  "override_plug" : false,
  "config_java_service_id" : null,
  "service_tag" : "EMPTY",
  "endpoint_tag" : "EMPTY",
  "config_service_tag" : "EMPTY",
  "config_imap_tag" : "EMPTY",
  "config_b2b_document_type_tag" : "EMPTY",
  "active" : true,
  "parent_component_config_service_tag" : "EMPTY",
  "service_project_id" : "feabfdee-7bc4-4bff-8bac-86dc108dbad2",
  "service_project_tag" : "EMPTY",
  "config_service_project_id" : null,
  "config_service_project_tag" : "EMPTY",
  "config_imap_project_id" : null,
  "config_imap_project_tag" : "EMPTY",
  "config_b2b_document_type_project_id" : null,
  "config_b2b_document_type_project_tag" : "EMPTY",
  "endpoint_project_id" : null,
  "endpoint_project_tag" : "EMPTY",
  "config_plug_tag" : "EMPTY",
  "config_plug_project_id" : null,
  "config_plug_project_tag" : "EMPTY",
  "config_java_service_tag" : "EMPTY",
  "config_java_service_project_id" : null,
  "config_java_service_project_tag" : "EMPTY",
  "disabled" : false,
  "config" : null,
  "config_b2b_document_type_project_mode_id" : "112c1cb8-4b9e-4d1a-a042-0bd031dc7d05",
  "config_imap_project_mode_id" : "112c1cb8-4b9e-4d1a-a042-0bd031dc7d05",
  "config_java_service_project_mode_id" : "112c1cb8-4b9e-4d1a-a042-0bd031dc7d05",
  "config_plug_project_mode_id" : "112c1cb8-4b9e-4d1a-a042-0bd031dc7d05",
  "config_service_project_mode_id" : "112c1cb8-4b9e-4d1a-a042-0bd031dc7d05",
  "endpoint_project_mode_id" : "112c1cb8-4b9e-4d1a-a042-0bd031dc7d05",
  "service_project_mode_id" : "112c1cb8-4b9e-4d1a-a042-0bd031dc7d05",
  "parent_component_config_service_project_mode_id" : "112c1cb8-4b9e-4d1a-a042-0bd031dc7d05",
  "is_audit" : true,
  "keys_with_order" : null
}