{
  "component_config_id" : "13b393d7-eb9c-45e3-bf15-3c1c40f00f0b",
  "endpoint_config_json" : {
    "type" : "jsonb",
    "value" : "{\"crossRef\": [], \"services\": [], \"multistep\": [], \"operations\": []}",
    "null" : false
  },
  "input_config_json" : {
    "type" : "jsonb",
    "value" : "{\"crossRef\": [], \"services\": [], \"multistep\": [], \"operations\": [{\"map\": {\"id\": \"547785fe-9c70-40a6-b475-750028f493a7\", \"root\": false, \"type\": \"map\", \"cached\": false, \"source\": \"/GetInvoicesOutput/response/invoices\", \"target\": \"/ApacheKafkaPublishInput/messages[]/value\", \"mapNull\": false, \"disabled\": false, \"extractXml\": false, \"extractJson\": false, \"targetOrder\": 6.0, \"mapEmptyString\": false, \"targetJavaType\": \"java.lang.String\"}}, {\"map\": {\"id\": \"77df0375-eda8-4c34-8e97-be35074bea36\", \"root\": false, \"type\": \"setValue\", \"cached\": false, \"target\": \"/ApacheKafkaPublishInput/topicName\", \"mapNull\": false, \"disabled\": false, \"extractXml\": false, \"extractJson\": false, \"targetOrder\": 2.0, \"targetValue\": \"demotopic\", \"mapEmptyString\": false, \"targetJavaType\": \"java.lang.String\", \"variableSubstitution\": false}}]}",
    "null" : false
  },
  "output_config_json" : {
    "type" : "jsonb",
    "value" : "{\"crossRef\": [], \"services\": [], \"multistep\": [], \"operations\": [{\"map\": {\"id\": \"f871e912-92fc-4fe9-93a1-1369c9d6d23e\", \"root\": true, \"type\": \"map\", \"cached\": false, \"source\": \"/ApacheKafkaPublishOutput\", \"target\": \"/ApacheKafkaPublishOutput\", \"mapNull\": false, \"disabled\": false, \"extractXml\": false, \"extractJson\": false, \"mapEmptyString\": false}}]}",
    "null" : false
  },
  "component_id" : "5a882aff-d339-4df1-99af-fa8f7ed3b47b",
  "service_id" : "0bc8ef49-2d00-4e35-961f-3f04bf672092",
  "endpoint_id" : "96e7734b-c236-4f3c-ad11-4db134804ea7",
  "parent_component_config_id" : "8b4597b8-7472-48a0-911a-85f2d667ad6d",
  "component_config_order" : 4.0,
  "action_id" : "8239c5e9-b43f-4ac9-b0a5-7aa6f4af534d",
  "name" : "publish invoice",
  "description" : "",
  "override_endpoint" : false,
  "input_structure_json" : {
    "type" : "jsonb",
    "value" : "{\"maps\": [{\"/ApacheKafkaPublishInput/topicName\": [{\"type\": \"setValue\", \"target\": {\"path\": \"/ApacheKafkaPublishInput/topicName\", \"order\": 2, \"title\": \"topicName\", \"dataElementType\": \"string\"}, \"values\": [{\"id\": \"9ebadaab-12d4-4129-9314-e6319dcdd8f9\", \"key\": \"/ApacheKafkaPublishInput/topicName\", \"type\": \"string\", \"order\": 2, \"title\": \"topicName\", \"isLeaf\": true, \"setValue\": null, \"uiElement\": \"demotopic\", \"isSetValue\": false, \"childrenSet\": false, \"hasChildren\": false, \"dataElementType\": \"string\"}], \"mapCondition\": {\"isConditionSet\": false, \"sourceTreeIndex\": [], \"targetTreeIndex\": [], \"mapConditionFormValue\": {}}, \"variableSubstitution\": false, \"overwritePipelineValue\": false}]}, {\"/ApacheKafkaPublishInput/messages[]/value\": [{\"type\": \"list\", \"source\": {\"path\": \"/GetInvoicesOutput/response/invoices\", \"title\": \"invoices\", \"dataElementType\": \"document\"}, \"target\": {\"path\": \"/ApacheKafkaPublishInput/messages[]/value\", \"order\": 6, \"title\": \"value\", \"dataElementType\": \"string\"}, \"mapCondition\": {\"isConditionSet\": false, \"sourceTreeIndex\": [{\"key\": 1, \"title\": \"GetInvoicesOutput\", \"isLeaf\": false, \"isArray\": false, \"children\": [{\"key\": 2, \"title\": \"response\", \"isLeaf\": false, \"isArray\": false, \"children\": [{\"key\": 3, \"title\": \"invoices\", \"isLeaf\": false, \"isArray\": false, \"parentKey\": 2}], \"parentKey\": 1}], \"parentKey\": 0}], \"targetTreeIndex\": [{\"key\": 1, \"title\": \"ApacheKafkaPublishInput\", \"isLeaf\": false, \"isArray\": false, \"children\": [{\"key\": 2, \"title\": \"messages\", \"isLeaf\": false, \"isArray\": true, \"children\": [{\"key\": 3, \"title\": \"value\", \"isLeaf\": false, \"isArray\": false, \"parentKey\": 2}], \"parentKey\": 1, \"arrayIndex\": null}], \"parentKey\": 0}], \"mapConditionFormValue\": {}}}]}], \"mappedNodes\": [\"/ApacheKafkaPublishOutput\", \"/ApacheKafkaPublishOutputpipeOut\", \"/ApacheKafkaPublishInput/topicName actionIn\", \"/ApacheKafkaPublishInput actionIn\", \"/GetInvoicesOutput/response/invoices pipeIn\", \"/ApacheKafkaPublishInput/messages[]/value actionIn\"]}",
    "null" : false
  },
  "output_structure_json" : {
    "type" : "jsonb",
    "value" : "{\"maps\": [{\"/ApacheKafkaPublishOutput\": [{\"type\": \"map\", \"source\": {\"path\": \"/ApacheKafkaPublishOutput\", \"title\": \"ApacheKafkaPublishOutput\", \"dataElementType\": \"document\"}, \"target\": {\"path\": \"/ApacheKafkaPublishOutput\", \"alias\": null, \"order\": null, \"title\": \"ApacheKafkaPublishOutput\", \"dataElementType\": \"document\"}, \"mapCondition\": {\"mapNull\": null, \"defaultValue\": null, \"isConditionSet\": false, \"mapEmptyString\": null, \"sourceTreeIndex\": [], \"targetTreeIndex\": [], \"mapConditionFormValue\": {\"fields\": null}}}]}], \"tracks\": {}, \"transformer\": []}",
    "null" : false
  },
  "endpoint_structure_json" : {
    "type" : "jsonb",
    "value" : "{\"maps\": []}",
    "null" : false
  },
  "is_error" : false,
  "no_of_errors" : 0,
  "action_input_type" : null,
  "config_service_id" : null,
  "config_imap_id" : null,
  "config_b2b_document_type_id" : null,
  "config_document_id" : null,
  "add_variables" : {
    "type" : "jsonb",
    "value" : "[]",
    "null" : false
  },
  "drop_variables" : {
    "type" : "jsonb",
    "value" : "[]",
    "null" : false
  },
  "plug_input_structure" : null,
  "plug_output_structure" : null,
  "config_plug_id" : null,
  "override_plug" : false,
  "config_java_service_id" : null,
  "service_tag" : "EMPTY",
  "endpoint_tag" : "EMPTY",
  "config_service_tag" : "EMPTY",
  "config_imap_tag" : "EMPTY",
  "config_b2b_document_type_tag" : "EMPTY",
  "active" : true,
  "parent_component_config_service_tag" : "EMPTY",
  "service_project_id" : "feabfdee-7bc4-4bff-8bac-86dc108dbad2",
  "service_project_tag" : "EMPTY",
  "config_service_project_id" : null,
  "config_service_project_tag" : "EMPTY",
  "config_imap_project_id" : null,
  "config_imap_project_tag" : "EMPTY",
  "config_b2b_document_type_project_id" : null,
  "config_b2b_document_type_project_tag" : "EMPTY",
  "endpoint_project_id" : "feabfdee-7bc4-4bff-8bac-86dc108dbad2",
  "endpoint_project_tag" : "EMPTY",
  "config_plug_tag" : "EMPTY",
  "config_plug_project_id" : null,
  "config_plug_project_tag" : "EMPTY",
  "config_java_service_tag" : "EMPTY",
  "config_java_service_project_id" : null,
  "config_java_service_project_tag" : "EMPTY",
  "disabled" : false,
  "config" : null,
  "config_b2b_document_type_project_mode_id" : "112c1cb8-4b9e-4d1a-a042-0bd031dc7d05",
  "config_imap_project_mode_id" : "112c1cb8-4b9e-4d1a-a042-0bd031dc7d05",
  "config_java_service_project_mode_id" : "112c1cb8-4b9e-4d1a-a042-0bd031dc7d05",
  "config_plug_project_mode_id" : "112c1cb8-4b9e-4d1a-a042-0bd031dc7d05",
  "config_service_project_mode_id" : "112c1cb8-4b9e-4d1a-a042-0bd031dc7d05",
  "endpoint_project_mode_id" : "112c1cb8-4b9e-4d1a-a042-0bd031dc7d05",
  "service_project_mode_id" : "112c1cb8-4b9e-4d1a-a042-0bd031dc7d05",
  "parent_component_config_service_project_mode_id" : "112c1cb8-4b9e-4d1a-a042-0bd031dc7d05",
  "is_audit" : true,
  "keys_with_order" : null
}