{
  "component_config_id" : "3229a27a-fc82-4f41-8c98-3031ca77b27f",
  "endpoint_config_json" : {
    "type" : "jsonb",
    "value" : "{\"crossRef\": [], \"services\": [], \"multistep\": [], \"operations\": []}",
    "null" : false
  },
  "input_config_json" : {
    "type" : "jsonb",
    "value" : "{\"crossRef\": [], \"services\": [], \"multistep\": [], \"operations\": [{\"map\": {\"id\": \"68983021-8a1b-4149-96a0-70d63e2d1e59\", \"root\": false, \"type\": \"setValue\", \"cached\": false, \"target\": \"/HTTPSPostInput/body\", \"mapNull\": false, \"disabled\": false, \"extractXml\": false, \"extractJson\": false, \"targetOrder\": 3.0, \"targetValue\": \"{\\r\\n \\\"Text\\\": \\\"Invoice *#%{/invoice/invoice_number}%* to customer **%{/invoice/customer_name}%** with a total value of **%{/invoice/currency_symbol}%%{/invoice/total}% %{/invoice/currency_code}%** is now **%{/invoice/status}%**  -  ([View Invoices](https://invoice.zoho.com))\\\"\\r\\n}\", \"mapEmptyString\": false, \"targetJavaType\": \"java.lang.String\", \"variableSubstitution\": true}}]}",
    "null" : false
  },
  "output_config_json" : {
    "type" : "jsonb",
    "value" : "{\"crossRef\": [], \"services\": [], \"multistep\": [], \"operations\": [{\"map\": {\"id\": \"7cb53f2f-3cf1-48ad-986a-57b3d6a6b97f\", \"root\": true, \"type\": \"map\", \"cached\": false, \"source\": \"/HTTPSPostOutput\", \"target\": \"/HTTPSPostOutput\", \"mapNull\": false, \"disabled\": false, \"extractXml\": false, \"extractJson\": false, \"mapEmptyString\": false}}]}",
    "null" : false
  },
  "component_id" : "1dd81dfd-e452-4eb3-bbd7-bc6f0da00cbd",
  "service_id" : "059d56ea-a3bf-4187-948f-36202985f211",
  "endpoint_id" : "9779b4f6-79b1-4507-b520-1b85a33c43f3",
  "parent_component_config_id" : null,
  "component_config_order" : 3.0,
  "action_id" : "c3ddf699-458d-4e3a-84e3-66f8320787eb",
  "name" : "send notification",
  "description" : "",
  "override_endpoint" : false,
  "input_structure_json" : {
    "type" : "jsonb",
    "value" : "{\"maps\": [{\"/HTTPSPostInput/body\": [{\"type\": \"setValue\", \"target\": {\"path\": \"/HTTPSPostInput/body\", \"order\": 3, \"title\": \"body\", \"dataElementType\": \"string\"}, \"values\": [{\"id\": \"861f7e94-ead0-4e0c-ac79-7175275c0865\", \"key\": \"/HTTPSPostInput/body\", \"type\": \"object\", \"order\": 3, \"title\": \"body\", \"isLeaf\": false, \"children\": [], \"setValue\": null, \"uiElement\": \"{\\r\\n \\\"Text\\\": \\\"Invoice *#<input _ngcontent-apc-c267=\\\"\\\" class=\\\"chip\\\" title=\\\"/invoice/invoice_number\\\" readonly=\\\"true\\\" disabled=\\\"true\\\" type=\\\"button\\\" value=\\\"invoice_number\\\">* to customer **<input _ngcontent-apc-c267=\\\"\\\" class=\\\"chip\\\" title=\\\"/invoice/customer_name\\\" readonly=\\\"true\\\" disabled=\\\"true\\\" type=\\\"button\\\" value=\\\"customer_name\\\">** with a total value of **<input _ngcontent-apc-c267=\\\"\\\" class=\\\"chip\\\" title=\\\"/invoice/currency_symbol\\\" readonly=\\\"true\\\" disabled=\\\"true\\\" type=\\\"button\\\" value=\\\"currency_symbol\\\"><input _ngcontent-apc-c267=\\\"\\\" class=\\\"chip\\\" title=\\\"/invoice/total\\\" readonly=\\\"true\\\" disabled=\\\"true\\\" type=\\\"button\\\" value=\\\"total\\\"> <input _ngcontent-apc-c267=\\\"\\\" class=\\\"chip\\\" title=\\\"/invoice/currency_code\\\" readonly=\\\"true\\\" disabled=\\\"true\\\" type=\\\"button\\\" value=\\\"currency_code\\\">** is now **<input _ngcontent-apc-c267=\\\"\\\" class=\\\"chip\\\" title=\\\"/invoice/status\\\" readonly=\\\"true\\\" disabled=\\\"true\\\" type=\\\"button\\\" value=\\\"status\\\">**  -  ([View Invoices](https://invoice.zoho.com))\\\"\\r\\n}\", \"isSetValue\": false, \"childrenSet\": false, \"hasChildren\": false, \"dataElementType\": \"string\"}], \"mapCondition\": {\"isConditionSet\": false, \"sourceTreeIndex\": [], \"targetTreeIndex\": [], \"mapConditionFormValue\": {}}, \"variableSubstitution\": true, \"overwritePipelineValue\": false}]}], \"mappedNodes\": [\"/HTTPSPostOutput\", \"/HTTPSPostOutputpipeOut\", \"/HTTPSPostInput/body actionIn\", \"/HTTPSPostInput actionIn\", \"/HTTPSPostInput actionIn\", \"/HTTPSPostInput/body actionIn\", \"/HTTPSPostInput actionIn\"]}",
    "null" : false
  },
  "output_structure_json" : {
    "type" : "jsonb",
    "value" : "{\"maps\": [{\"/HTTPSPostOutput\": [{\"type\": \"map\", \"source\": {\"path\": \"/HTTPSPostOutput\", \"title\": \"HTTPSPostOutput\", \"dataElementType\": \"document\"}, \"target\": {\"path\": \"/HTTPSPostOutput\", \"alias\": null, \"order\": null, \"title\": \"HTTPSPostOutput\", \"dataElementType\": \"document\"}, \"mapCondition\": {\"mapNull\": null, \"defaultValue\": null, \"isConditionSet\": false, \"mapEmptyString\": null, \"sourceTreeIndex\": [], \"targetTreeIndex\": [], \"mapConditionFormValue\": {\"fields\": null}}}]}], \"tracks\": {}, \"transformer\": []}",
    "null" : false
  },
  "endpoint_structure_json" : {
    "type" : "jsonb",
    "value" : "{\"maps\": []}",
    "null" : false
  },
  "is_error" : false,
  "no_of_errors" : 0,
  "action_input_type" : null,
  "config_service_id" : null,
  "config_imap_id" : null,
  "config_b2b_document_type_id" : null,
  "config_document_id" : null,
  "add_variables" : {
    "type" : "jsonb",
    "value" : "[]",
    "null" : false
  },
  "drop_variables" : {
    "type" : "jsonb",
    "value" : "[]",
    "null" : false
  },
  "plug_input_structure" : null,
  "plug_output_structure" : null,
  "config_plug_id" : null,
  "override_plug" : false,
  "config_java_service_id" : null,
  "service_tag" : "EMPTY",
  "endpoint_tag" : "EMPTY",
  "config_service_tag" : "EMPTY",
  "config_imap_tag" : "EMPTY",
  "config_b2b_document_type_tag" : "EMPTY",
  "active" : true,
  "parent_component_config_service_tag" : "EMPTY",
  "service_project_id" : "feabfdee-7bc4-4bff-8bac-86dc108dbad2",
  "service_project_tag" : "EMPTY",
  "config_service_project_id" : null,
  "config_service_project_tag" : "EMPTY",
  "config_imap_project_id" : null,
  "config_imap_project_tag" : "EMPTY",
  "config_b2b_document_type_project_id" : null,
  "config_b2b_document_type_project_tag" : "EMPTY",
  "endpoint_project_id" : "feabfdee-7bc4-4bff-8bac-86dc108dbad2",
  "endpoint_project_tag" : "EMPTY",
  "config_plug_tag" : "EMPTY",
  "config_plug_project_id" : null,
  "config_plug_project_tag" : "EMPTY",
  "config_java_service_tag" : "EMPTY",
  "config_java_service_project_id" : null,
  "config_java_service_project_tag" : "EMPTY",
  "disabled" : false,
  "config" : {
    "type" : "json",
    "value" : "{}",
    "null" : false
  },
  "config_b2b_document_type_project_mode_id" : "112c1cb8-4b9e-4d1a-a042-0bd031dc7d05",
  "config_imap_project_mode_id" : "112c1cb8-4b9e-4d1a-a042-0bd031dc7d05",
  "config_java_service_project_mode_id" : "112c1cb8-4b9e-4d1a-a042-0bd031dc7d05",
  "config_plug_project_mode_id" : "112c1cb8-4b9e-4d1a-a042-0bd031dc7d05",
  "config_service_project_mode_id" : "112c1cb8-4b9e-4d1a-a042-0bd031dc7d05",
  "endpoint_project_mode_id" : "112c1cb8-4b9e-4d1a-a042-0bd031dc7d05",
  "service_project_mode_id" : "112c1cb8-4b9e-4d1a-a042-0bd031dc7d05",
  "parent_component_config_service_project_mode_id" : "112c1cb8-4b9e-4d1a-a042-0bd031dc7d05",
  "is_audit" : true,
  "keys_with_order" : null
}