{
  "component_config_id" : "fc04cd4d-818f-4a28-8f9c-a0160ac46a1d",
  "endpoint_config_json" : {
    "type" : "jsonb",
    "value" : "{\"crossRef\": [], \"services\": [], \"multistep\": [], \"operations\": []}",
    "null" : false
  },
  "input_config_json" : {
    "type" : "jsonb",
    "value" : "{\"crossRef\": [], \"services\": [], \"multistep\": [], \"operations\": [{\"map\": {\"id\": \"c5ec2dbf-756b-4edb-98b1-0019c23567c7\", \"root\": false, \"type\": \"list\", \"cached\": false, \"source\": \"/SFDC_Get_Contact_by_IdOutput/response/records[]/FirstName\", \"target\": \"/HubspotCreateContactInput/create/firstname\", \"mapNull\": false, \"disabled\": false, \"extractXml\": false, \"extractJson\": false, \"targetOrder\": 3.0, \"mapEmptyString\": false, \"sourceJavaType\": \"java.lang.String\", \"targetJavaType\": \"java.lang.String\"}}, {\"map\": {\"id\": \"3a19b925-0862-4ac9-8e52-871ca2cc3dcf\", \"root\": false, \"type\": \"list\", \"cached\": false, \"source\": \"/SFDC_Get_Contact_by_IdOutput/response/records[]/LastName\", \"target\": \"/HubspotCreateContactInput/create/lastname\", \"mapNull\": false, \"disabled\": false, \"extractXml\": false, \"extractJson\": false, \"targetOrder\": 4.0, \"mapEmptyString\": false, \"sourceJavaType\": \"java.lang.String\", \"targetJavaType\": \"java.lang.String\"}}, {\"map\": {\"id\": \"92974a95-3d38-4c3f-a9b2-0896db81465a\", \"root\": false, \"type\": \"list\", \"cached\": false, \"source\": \"/SFDC_Get_Contact_by_IdOutput/response/records[]/Email\", \"target\": \"/HubspotCreateContactInput/create/email\", \"mapNull\": false, \"disabled\": false, \"extractXml\": false, \"extractJson\": false, \"targetOrder\": 5.0, \"mapEmptyString\": false, \"sourceJavaType\": \"java.lang.String\", \"targetJavaType\": \"java.lang.String\"}}]}",
    "null" : false
  },
  "output_config_json" : {
    "type" : "jsonb",
    "value" : "{\"crossRef\": [], \"services\": [], \"multistep\": [], \"operations\": [{\"map\": {\"id\": \"8bbab587-2280-4ff6-9907-caaca2a6b21b\", \"root\": true, \"type\": \"map\", \"cached\": false, \"source\": \"/HubspotCreateContactOutput\", \"target\": \"/HubspotCreateContactOutput\", \"mapNull\": false, \"disabled\": false, \"extractXml\": false, \"extractJson\": false, \"targetOrder\": 1.0, \"mapEmptyString\": false}}]}",
    "null" : false
  },
  "component_id" : "9bc27209-9930-43c7-8012-d3aca4b70226",
  "service_id" : "d678c52a-ca54-4bab-90af-82e2166a8262",
  "endpoint_id" : "ee87d0cc-46ce-44dd-97e3-03c36e3935c9",
  "parent_component_config_id" : null,
  "component_config_order" : 3.0,
  "action_id" : "cd07cc9c-885e-4a85-acf3-b3df1689587b",
  "name" : "Create contact",
  "description" : "",
  "override_endpoint" : false,
  "input_structure_json" : {
    "type" : "jsonb",
    "value" : "{\"maps\": [{\"/HubspotCreateContactInput/create/firstname\": [{\"type\": \"list\", \"source\": {\"path\": \"/SFDC_Get_Contact_by_IdOutput/response/records[]/FirstName\", \"title\": \"FirstName\", \"dataElementType\": \"string\"}, \"target\": {\"path\": \"/HubspotCreateContactInput/create/firstname\", \"order\": 3, \"title\": \"firstname\", \"dataElementType\": \"string\"}, \"mapCondition\": {\"isConditionSet\": false, \"sourceTreeIndex\": [{\"key\": 1, \"title\": \"SFDC_Get_Contact_by_IdOutput\", \"isLeaf\": false, \"isArray\": false, \"children\": [{\"key\": 2, \"title\": \"response\", \"isLeaf\": false, \"isArray\": false, \"children\": [{\"key\": 3, \"title\": \"records\", \"isLeaf\": false, \"isArray\": true, \"children\": [{\"key\": 4, \"title\": \"FirstName\", \"isLeaf\": false, \"isArray\": false, \"parentKey\": 3}], \"parentKey\": 2, \"arrayIndex\": null}], \"parentKey\": 1}], \"parentKey\": 0}], \"targetTreeIndex\": [{\"key\": 1, \"title\": \"HubspotCreateContactInput\", \"isLeaf\": false, \"isArray\": false, \"children\": [{\"key\": 2, \"title\": \"create\", \"isLeaf\": false, \"isArray\": false, \"children\": [{\"key\": 3, \"title\": \"firstname\", \"isLeaf\": false, \"isArray\": false, \"parentKey\": 2}], \"parentKey\": 1}], \"parentKey\": 0}], \"mapConditionFormValue\": {}}}]}, {\"/HubspotCreateContactInput/create/lastname\": [{\"type\": \"list\", \"source\": {\"path\": \"/SFDC_Get_Contact_by_IdOutput/response/records[]/LastName\", \"title\": \"LastName\", \"dataElementType\": \"string\"}, \"target\": {\"path\": \"/HubspotCreateContactInput/create/lastname\", \"order\": 4, \"title\": \"lastname\", \"dataElementType\": \"string\"}, \"mapCondition\": {\"isConditionSet\": false, \"sourceTreeIndex\": [{\"key\": 1, \"title\": \"SFDC_Get_Contact_by_IdOutput\", \"isLeaf\": false, \"isArray\": false, \"children\": [{\"key\": 2, \"title\": \"response\", \"isLeaf\": false, \"isArray\": false, \"children\": [{\"key\": 3, \"title\": \"records\", \"isLeaf\": false, \"isArray\": true, \"children\": [{\"key\": 4, \"title\": \"LastName\", \"isLeaf\": false, \"isArray\": false, \"parentKey\": 3}], \"parentKey\": 2, \"arrayIndex\": null}], \"parentKey\": 1}], \"parentKey\": 0}], \"targetTreeIndex\": [{\"key\": 1, \"title\": \"HubspotCreateContactInput\", \"isLeaf\": false, \"isArray\": false, \"children\": [{\"key\": 2, \"title\": \"create\", \"isLeaf\": false, \"isArray\": false, \"children\": [{\"key\": 3, \"title\": \"lastname\", \"isLeaf\": false, \"isArray\": false, \"parentKey\": 2}], \"parentKey\": 1}], \"parentKey\": 0}], \"mapConditionFormValue\": {}}}]}, {\"/HubspotCreateContactInput/create/email\": [{\"type\": \"list\", \"source\": {\"path\": \"/SFDC_Get_Contact_by_IdOutput/response/records[]/Email\", \"title\": \"Email\", \"dataElementType\": \"string\"}, \"target\": {\"path\": \"/HubspotCreateContactInput/create/email\", \"order\": 5, \"title\": \"email\", \"dataElementType\": \"string\"}, \"mapCondition\": {\"isConditionSet\": false, \"sourceTreeIndex\": [{\"key\": 1, \"title\": \"SFDC_Get_Contact_by_IdOutput\", \"isLeaf\": false, \"isArray\": false, \"children\": [{\"key\": 2, \"title\": \"response\", \"isLeaf\": false, \"isArray\": false, \"children\": [{\"key\": 3, \"title\": \"records\", \"isLeaf\": false, \"isArray\": true, \"children\": [{\"key\": 4, \"title\": \"Email\", \"isLeaf\": false, \"isArray\": false, \"parentKey\": 3}], \"parentKey\": 2, \"arrayIndex\": null}], \"parentKey\": 1}], \"parentKey\": 0}], \"targetTreeIndex\": [{\"key\": 1, \"title\": \"HubspotCreateContactInput\", \"isLeaf\": false, \"isArray\": false, \"children\": [{\"key\": 2, \"title\": \"create\", \"isLeaf\": false, \"isArray\": false, \"children\": [{\"key\": 3, \"title\": \"email\", \"isLeaf\": false, \"isArray\": false, \"parentKey\": 2}], \"parentKey\": 1}], \"parentKey\": 0}], \"mapConditionFormValue\": {}}}]}], \"mappedNodes\": [\"/HubspotCreateContactOutputactionOut\", \"/HubspotCreateContactOutputpipeOut\", \"/SFDC_Get_Contact_by_IdOutput/response/records[]/FirstName pipeIn\", \"/HubspotCreateContactInput/create/firstname actionIn\", \"/SFDC_Get_Contact_by_IdOutput/response/records[]/LastName pipeIn\", \"/HubspotCreateContactInput/create/lastname actionIn\", \"/SFDC_Get_Contact_by_IdOutput/response/records[]/Email pipeIn\", \"/HubspotCreateContactInput/create/email actionIn\"]}",
    "null" : false
  },
  "output_structure_json" : {
    "type" : "jsonb",
    "value" : "{\"maps\": [{\"/HubspotCreateContactOutput\": [{\"type\": \"map\", \"source\": {\"path\": \"/HubspotCreateContactOutput\", \"title\": \"HubspotCreateContactOutput\", \"dataElementType\": \"document\"}, \"target\": {\"path\": \"/HubspotCreateContactOutput\", \"order\": 1, \"title\": \"HubspotCreateContactOutput\", \"dataElementType\": \"document\"}, \"mapCondition\": {\"isConditionSet\": false, \"sourceTreeIndex\": [], \"targetTreeIndex\": [], \"mapConditionFormValue\": {}}}]}], \"tracks\": {}, \"transformer\": []}",
    "null" : false
  },
  "endpoint_structure_json" : {
    "type" : "jsonb",
    "value" : "{\"maps\": []}",
    "null" : false
  },
  "is_error" : false,
  "no_of_errors" : 0,
  "action_input_type" : null,
  "config_service_id" : null,
  "config_imap_id" : null,
  "config_b2b_document_type_id" : null,
  "config_document_id" : null,
  "add_variables" : {
    "type" : "jsonb",
    "value" : "[]",
    "null" : false
  },
  "drop_variables" : {
    "type" : "jsonb",
    "value" : "[]",
    "null" : false
  },
  "plug_input_structure" : null,
  "plug_output_structure" : null,
  "config_plug_id" : "09eb5b1f-f297-400e-aa07-005243043ac0",
  "override_plug" : false,
  "config_java_service_id" : null,
  "service_tag" : "EMPTY",
  "endpoint_tag" : "EMPTY",
  "config_service_tag" : "EMPTY",
  "config_imap_tag" : "EMPTY",
  "config_b2b_document_type_tag" : "EMPTY",
  "active" : true,
  "parent_component_config_service_tag" : "EMPTY",
  "service_project_id" : "1ae9d2f9-e019-42ad-ae0b-525f27e5096e",
  "service_project_tag" : "EMPTY",
  "config_service_project_id" : null,
  "config_service_project_tag" : "EMPTY",
  "config_imap_project_id" : null,
  "config_imap_project_tag" : "EMPTY",
  "config_b2b_document_type_project_id" : null,
  "config_b2b_document_type_project_tag" : "EMPTY",
  "endpoint_project_id" : "1ae9d2f9-e019-42ad-ae0b-525f27e5096e",
  "endpoint_project_tag" : "EMPTY",
  "config_plug_tag" : "EMPTY",
  "config_plug_project_id" : "1ae9d2f9-e019-42ad-ae0b-525f27e5096e",
  "config_plug_project_tag" : "EMPTY",
  "config_java_service_tag" : "EMPTY",
  "config_java_service_project_id" : null,
  "config_java_service_project_tag" : "EMPTY",
  "disabled" : false,
  "config" : {
    "type" : "json",
    "value" : "{\"objectId\":null,\"version\":null,\"objectApiId\":null}",
    "null" : false
  },
  "config_b2b_document_type_project_mode_id" : "112c1cb8-4b9e-4d1a-a042-0bd031dc7d05",
  "config_imap_project_mode_id" : "112c1cb8-4b9e-4d1a-a042-0bd031dc7d05",
  "config_java_service_project_mode_id" : "112c1cb8-4b9e-4d1a-a042-0bd031dc7d05",
  "config_plug_project_mode_id" : "112c1cb8-4b9e-4d1a-a042-0bd031dc7d05",
  "config_service_project_mode_id" : "112c1cb8-4b9e-4d1a-a042-0bd031dc7d05",
  "endpoint_project_mode_id" : "112c1cb8-4b9e-4d1a-a042-0bd031dc7d05",
  "service_project_mode_id" : "112c1cb8-4b9e-4d1a-a042-0bd031dc7d05",
  "parent_component_config_service_project_mode_id" : "112c1cb8-4b9e-4d1a-a042-0bd031dc7d05",
  "is_audit" : true,
  "keys_with_order" : null
}