{
  "component_config_id" : "39009453-feb1-4ebb-9094-fb8d830c0342",
  "endpoint_config_json" : {
    "type" : "jsonb",
    "value" : "{\"crossRef\": [], \"services\": [], \"multistep\": [], \"operations\": []}",
    "null" : false
  },
  "input_config_json" : {
    "type" : "jsonb",
    "value" : "{\"crossRef\": [], \"services\": [], \"multistep\": [], \"operations\": [{\"map\": {\"id\": \"adaae11f-e11e-4ca9-8f53-df17bb304e27\", \"root\": false, \"type\": \"map\", \"cached\": false, \"source\": \"/SFDCContactPushOutput/sobject/Id\", \"target\": \"/SFDC_Get_Contact_by_IdInput/where/where_Id\", \"mapNull\": false, \"disabled\": false, \"extractXml\": false, \"extractJson\": false, \"targetOrder\": 3.0, \"mapEmptyString\": false, \"sourceJavaType\": \"java.lang.String\", \"targetJavaType\": \"java.lang.String\"}}]}",
    "null" : false
  },
  "output_config_json" : {
    "type" : "jsonb",
    "value" : "{\"crossRef\": [], \"services\": [], \"multistep\": [], \"operations\": [{\"map\": {\"id\": \"609f899d-2b4c-4809-9d9e-d688958ab7ac\", \"root\": true, \"type\": \"map\", \"cached\": false, \"source\": \"/SFDC_Get_Contact_by_IdOutput\", \"target\": \"/SFDC_Get_Contact_by_IdOutput\", \"mapNull\": false, \"disabled\": false, \"extractXml\": false, \"extractJson\": false, \"targetOrder\": 1.0, \"mapEmptyString\": false}}]}",
    "null" : false
  },
  "component_id" : "f9e692b6-2d3f-4aa8-be08-38ccc97babd0",
  "service_id" : "d678c52a-ca54-4bab-90af-82e2166a8262",
  "endpoint_id" : "8d4c01ab-f9f2-4671-b789-ea9d629f666a",
  "parent_component_config_id" : null,
  "component_config_order" : 2.0,
  "action_id" : "33fcf5be-a5ef-444a-af71-5cb5d0eaec92",
  "name" : "Get contact info",
  "description" : "",
  "override_endpoint" : false,
  "input_structure_json" : {
    "type" : "jsonb",
    "value" : "{\"maps\": [{\"/SFDC_Get_Contact_by_IdInput/where/where_Id\": [{\"type\": \"map\", \"source\": {\"path\": \"/SFDCContactPushOutput/sobject/Id\", \"title\": \"Id\", \"dataElementType\": \"string\"}, \"target\": {\"path\": \"/SFDC_Get_Contact_by_IdInput/where/where_Id\", \"order\": 3, \"title\": \"Id\", \"dataElementType\": \"string\"}, \"mapCondition\": {\"isConditionSet\": false, \"sourceTreeIndex\": [], \"targetTreeIndex\": [], \"mapConditionFormValue\": {}}}]}], \"mappedNodes\": [\"/SFDC_Get_Contact_by_IdOutputactionOut\", \"/SFDC_Get_Contact_by_IdOutputpipeOut\", \"/SFDCContactPushOutput/sobject/Id pipeIn\", \"/SFDC_Get_Contact_by_IdInput/where/where_Id actionIn\"]}",
    "null" : false
  },
  "output_structure_json" : {
    "type" : "jsonb",
    "value" : "{\"maps\": [{\"/SFDC_Get_Contact_by_IdOutput\": [{\"type\": \"map\", \"source\": {\"path\": \"/SFDC_Get_Contact_by_IdOutput\", \"title\": \"SFDC_Get_Contact_by_IdOutput\", \"dataElementType\": \"document\"}, \"target\": {\"path\": \"/SFDC_Get_Contact_by_IdOutput\", \"order\": 1, \"title\": \"SFDC_Get_Contact_by_IdOutput\", \"dataElementType\": \"document\"}, \"mapCondition\": {\"isConditionSet\": false, \"sourceTreeIndex\": [], \"targetTreeIndex\": [], \"mapConditionFormValue\": {}}}]}], \"tracks\": {}, \"transformer\": []}",
    "null" : false
  },
  "endpoint_structure_json" : {
    "type" : "jsonb",
    "value" : "{\"maps\": []}",
    "null" : false
  },
  "is_error" : false,
  "no_of_errors" : 0,
  "action_input_type" : null,
  "config_service_id" : null,
  "config_imap_id" : null,
  "config_b2b_document_type_id" : null,
  "config_document_id" : null,
  "add_variables" : {
    "type" : "jsonb",
    "value" : "[]",
    "null" : false
  },
  "drop_variables" : {
    "type" : "jsonb",
    "value" : "[]",
    "null" : false
  },
  "plug_input_structure" : null,
  "plug_output_structure" : null,
  "config_plug_id" : "6a110e9c-3fcb-4cae-bfe3-22f29bb6bc92",
  "override_plug" : false,
  "config_java_service_id" : null,
  "service_tag" : "EMPTY",
  "endpoint_tag" : "EMPTY",
  "config_service_tag" : "EMPTY",
  "config_imap_tag" : "EMPTY",
  "config_b2b_document_type_tag" : "EMPTY",
  "active" : true,
  "parent_component_config_service_tag" : "EMPTY",
  "service_project_id" : "1ae9d2f9-e019-42ad-ae0b-525f27e5096e",
  "service_project_tag" : "EMPTY",
  "config_service_project_id" : null,
  "config_service_project_tag" : "EMPTY",
  "config_imap_project_id" : null,
  "config_imap_project_tag" : "EMPTY",
  "config_b2b_document_type_project_id" : null,
  "config_b2b_document_type_project_tag" : "EMPTY",
  "endpoint_project_id" : "1ae9d2f9-e019-42ad-ae0b-525f27e5096e",
  "endpoint_project_tag" : "EMPTY",
  "config_plug_tag" : "EMPTY",
  "config_plug_project_id" : "1ae9d2f9-e019-42ad-ae0b-525f27e5096e",
  "config_plug_project_tag" : "EMPTY",
  "config_java_service_tag" : "EMPTY",
  "config_java_service_project_id" : null,
  "config_java_service_project_tag" : "EMPTY",
  "disabled" : false,
  "config" : {
    "type" : "json",
    "value" : "{\"objectId\":null,\"version\":null,\"objectApiId\":null}",
    "null" : false
  },
  "config_b2b_document_type_project_mode_id" : "112c1cb8-4b9e-4d1a-a042-0bd031dc7d05",
  "config_imap_project_mode_id" : "112c1cb8-4b9e-4d1a-a042-0bd031dc7d05",
  "config_java_service_project_mode_id" : "112c1cb8-4b9e-4d1a-a042-0bd031dc7d05",
  "config_plug_project_mode_id" : "112c1cb8-4b9e-4d1a-a042-0bd031dc7d05",
  "config_service_project_mode_id" : "112c1cb8-4b9e-4d1a-a042-0bd031dc7d05",
  "endpoint_project_mode_id" : "112c1cb8-4b9e-4d1a-a042-0bd031dc7d05",
  "service_project_mode_id" : "112c1cb8-4b9e-4d1a-a042-0bd031dc7d05",
  "parent_component_config_service_project_mode_id" : "112c1cb8-4b9e-4d1a-a042-0bd031dc7d05",
  "is_audit" : true,
  "keys_with_order" : null
}