{
  "id" : "1ae9d2f9-e019-42ad-ae0b-525f27e5096e",
  "name" : "AU_CloudIntegration",
  "createdOn" : "2024-07-02T09:10:15.368",
  "modifiedOn" : "2025-01-28T11:13:46.21",
  "createdBy" : "69b2e0e4-2d98-485c-ab31-04aa3b08fcc5",
  "modifiedBy" : "69b2e0e4-2d98-485c-ab31-04aa3b08fcc5",
  "projectDescription" : "Solution to lab described on https://axway.github.io/amplify-integration-labs/cloud-integration",
  "active" : true,
  "tag" : "EMPTY",
  "comment" : null,
  "baseTag" : "EMPTY",
  "modeId" : "112c1cb8-4b9e-4d1a-a042-0bd031dc7d05",
  "deployedOn" : null,
  "details" : null,
  "projectType" : "Fusion"
}