{
  "component_config_id" : "37157ff9-d9ad-487d-8379-362269a797eb",
  "endpoint_config_json" : {
    "type" : "jsonb",
    "value" : "{\"crossRef\": [], \"services\": [], \"multistep\": [], \"operations\": []}",
    "null" : false
  },
  "input_config_json" : {
    "type" : "jsonb",
    "value" : "{\"crossRef\": [], \"services\": [], \"multistep\": [], \"operations\": []}",
    "null" : false
  },
  "output_config_json" : {
    "type" : "jsonb",
    "value" : "{\"crossRef\": [], \"services\": [], \"multistep\": [], \"operations\": [{\"transformer\": {\"id\": \"1738094b-b0d7-4897-b0fe-5778a9d69ab2\", \"name\": \"LIST_APPEND\", \"type\": \"List\", \"query\": null, \"inputs\": [{\"id\": \"bff0e6a2-e9dd-456e-b0a1-8ac79f57d9c2\", \"root\": true, \"type\": \"list\", \"cached\": false, \"source\": \"/get-invoices-by-stateAPIServerResponse/200/invoices[]\", \"target\": \"/LIST_APPEND_INPUT/docList[]\", \"mapNull\": false, \"disabled\": false, \"extractXml\": false, \"extractJson\": false, \"mapEmptyString\": false}, {\"id\": \"d306a921-7352-4e5f-b092-b44e63e4cdd2\", \"root\": true, \"type\": \"map\", \"cached\": false, \"source\": \"/invoiceResponse\", \"target\": \"/LIST_APPEND_INPUT/docIn\", \"mapNull\": false, \"disabled\": false, \"extractXml\": false, \"extractJson\": false, \"mapEmptyString\": false}], \"outputs\": [{\"id\": \"4d007f19-c413-43b6-b6d3-629398118778\", \"root\": true, \"type\": \"list\", \"cached\": false, \"source\": \"/LIST_APPEND_OUTPUT/docList[]\", \"target\": \"/get-invoices-by-stateAPIServerResponse/200/invoices[]\", \"mapNull\": false, \"disabled\": false, \"extractXml\": false, \"extractJson\": false, \"targetOrder\": 2.0, \"mapEmptyString\": false}], \"tableId\": null, \"configId\": null, \"disabled\": false, \"serviceId\": null, \"expression\": null}}, {\"transformer\": {\"id\": \"9801cb90-b788-4097-8edf-0764c708afc9\", \"name\": \"MATH_ADD_FLOATS\", \"type\": \"Math\", \"query\": null, \"inputs\": [{\"id\": \"1a09816f-becb-42c5-b91c-1cfe146b7543\", \"root\": false, \"type\": \"map\", \"cached\": false, \"source\": \"/get-invoices-by-stateAPIServerResponse/200/grandTotal\", \"target\": \"/MATH_ADD_FLOATS_INPUT/num1\", \"mapNull\": false, \"disabled\": false, \"extractXml\": false, \"extractJson\": false, \"mapEmptyString\": false, \"sourceJavaType\": \"java.lang.Float\", \"targetJavaType\": \"java.lang.Float\"}, {\"id\": \"118a98e3-63ff-4640-a6c2-c51093698bc0\", \"root\": false, \"type\": \"map\", \"cached\": false, \"source\": \"/invoiceResponse/totalamt\", \"target\": \"/MATH_ADD_FLOATS_INPUT/num2\", \"mapNull\": false, \"disabled\": false, \"extractXml\": false, \"extractJson\": false, \"mapEmptyString\": false, \"sourceJavaType\": \"java.lang.Float\", \"targetJavaType\": \"java.lang.Float\"}], \"outputs\": [{\"id\": \"83815955-44ce-4ea0-ae2b-32cdf669bcd0\", \"root\": false, \"type\": \"map\", \"cached\": false, \"source\": \"/MATH_ADD_FLOATS_OUTPUT/output\", \"target\": \"/get-invoices-by-stateAPIServerResponse/200/grandTotal\", \"mapNull\": false, \"disabled\": false, \"extractXml\": false, \"extractJson\": false, \"targetOrder\": 24.0, \"mapEmptyString\": false, \"sourceJavaType\": \"java.lang.Float\", \"targetJavaType\": \"java.lang.Float\"}], \"tableId\": null, \"configId\": null, \"disabled\": false, \"serviceId\": null, \"expression\": null}}, {\"map\": {\"id\": \"c5ee74e6-e735-4de9-888b-b046b73ee7db\", \"root\": false, \"type\": \"map\", \"cached\": false, \"source\": \"/get-invoices-by-stateAPIServerRequest/queryParams/state\", \"target\": \"/get-invoices-by-stateAPIServerResponse/200/state\", \"mapNull\": false, \"disabled\": false, \"extractXml\": false, \"extractJson\": false, \"targetOrder\": 1.0, \"mapEmptyString\": false, \"sourceJavaType\": \"java.lang.String\", \"targetJavaType\": \"java.lang.String\"}}, {\"map\": {\"id\": \"bf29f6ef-eefa-495e-b07b-5cdac0c46746\", \"root\": false, \"type\": \"map\", \"cached\": false, \"source\": \"/get-invoices-by-stateAPIServerRequest/queryParams/currencycode\", \"target\": \"/get-invoices-by-stateAPIServerResponse/200/currency\", \"mapNull\": false, \"disabled\": false, \"extractXml\": false, \"extractJson\": false, \"targetOrder\": 25.0, \"mapEmptyString\": false, \"sourceJavaType\": \"java.lang.String\", \"targetJavaType\": \"java.lang.String\"}}, {\"map\": {\"id\": \"ac9059e1-aebf-4264-9728-b98602d9789a\", \"root\": false, \"type\": \"map\", \"cached\": false, \"source\": \"/currencyConvertError/error/message\", \"target\": \"/get-invoices-by-stateAPIServerResponse/400/errorMessage\", \"mapNull\": false, \"disabled\": false, \"extractXml\": false, \"extractJson\": false, \"targetOrder\": 1.0, \"mapEmptyString\": false, \"sourceJavaType\": \"java.lang.String\", \"targetJavaType\": \"java.lang.String\"}}]}",
    "null" : false
  },
  "component_id" : "8ac5fe03-27a2-4e6a-a449-6a8893818223",
  "service_id" : "d067420f-a884-445d-bd62-777538edb131",
  "endpoint_id" : null,
  "parent_component_config_id" : "ea2b105b-8766-492e-9f30-23602bee35a7",
  "component_config_order" : 3.75,
  "action_id" : "06843b78-eab0-45da-afab-8c8277d7553f",
  "name" : "Build response",
  "description" : "",
  "override_endpoint" : false,
  "input_structure_json" : {
    "type" : "jsonb",
    "value" : "{\"maps\": [], \"mappedNodes\": [\"/get-invoices-by-stateAPIServerResponse/200/invoices[] pipeIn\", \"/LIST_APPEND_INPUT/docList[]0\", \"/invoiceResponse pipeIn\", \"/LIST_APPEND_INPUT/docIn0\", \"/LIST_APPEND_OUTPUT/docList[]0\", \"/get-invoices-by-stateAPIServerResponse/200/invoices[]pipeOut\", \"/get-invoices-by-stateAPIServerResponse/200/grandTotal pipeIn\", \"/MATH_ADD_FLOATS_INPUT/num11\", \"/invoiceResponse/totalamt pipeIn\", \"/MATH_ADD_FLOATS_INPUT/num21\", \"/MATH_ADD_FLOATS_OUTPUT/output1\", \"/get-invoices-by-stateAPIServerResponse/200/grandTotalpipeOut\", \"/get-invoices-by-stateAPIServerRequest/queryParams/state pipeIn\", \"/get-invoices-by-stateAPIServerResponse/200/statepipeOut\", \"/get-invoices-by-stateAPIServerRequest/queryParams/currencycode pipeIn\", \"/get-invoices-by-stateAPIServerResponse/200/currencypipeOut\", \"/currencyConvertError/error/message pipeIn\", \"/get-invoices-by-stateAPIServerResponse/400/errorMessagepipeOut\"]}",
    "null" : false
  },
  "output_structure_json" : {
    "type" : "jsonb",
    "value" : "{\"maps\": [{\"/get-invoices-by-stateAPIServerResponse/200/state\": [{\"type\": \"map\", \"source\": {\"path\": \"/get-invoices-by-stateAPIServerRequest/queryParams/state\", \"title\": \"state\", \"dataElementType\": \"string\"}, \"target\": {\"path\": \"/get-invoices-by-stateAPIServerResponse/200/state\", \"order\": 1, \"title\": \"state\", \"dataElementType\": \"string\"}, \"mapCondition\": {\"isConditionSet\": false, \"sourceTreeIndex\": [], \"targetTreeIndex\": [], \"mapConditionFormValue\": {}}}]}, {\"/get-invoices-by-stateAPIServerResponse/200/currency\": [{\"type\": \"map\", \"source\": {\"path\": \"/get-invoices-by-stateAPIServerRequest/queryParams/currencycode\", \"title\": \"currencycode\", \"dataElementType\": \"string\"}, \"target\": {\"path\": \"/get-invoices-by-stateAPIServerResponse/200/currency\", \"order\": 25, \"title\": \"currency\", \"dataElementType\": \"string\"}, \"mapCondition\": {\"isConditionSet\": false, \"sourceTreeIndex\": [], \"targetTreeIndex\": [], \"mapConditionFormValue\": {}}}]}, {\"/get-invoices-by-stateAPIServerResponse/400/errorMessage\": [{\"type\": \"map\", \"source\": {\"path\": \"/currencyConvertError/error/message\", \"title\": \"message\", \"dataElementType\": \"string\"}, \"target\": {\"path\": \"/get-invoices-by-stateAPIServerResponse/400/errorMessage\", \"order\": 1, \"title\": \"errorMessage\", \"dataElementType\": \"string\"}, \"mapCondition\": {\"isConditionSet\": false, \"sourceTreeIndex\": [], \"targetTreeIndex\": [], \"mapConditionFormValue\": {}}}]}], \"tracks\": {}, \"transformer\": [{\"inputs\": {\"/LIST_APPEND_INPUT/docIn\": [{\"type\": \"map\", \"source\": {\"path\": \"/invoiceResponse\", \"title\": \"invoiceResponse\", \"dataElementType\": \"document\"}, \"target\": {\"path\": \"/LIST_APPEND_INPUT/docIn\", \"title\": \"docIn\", \"dataElementType\": \"document\"}, \"mapCondition\": {\"isConditionSet\": false, \"sourceTreeIndex\": [], \"targetTreeIndex\": [], \"mapConditionFormValue\": {}}}], \"/LIST_APPEND_INPUT/docList[]\": [{\"type\": \"list\", \"source\": {\"path\": \"/get-invoices-by-stateAPIServerResponse/200/invoices[]\", \"title\": \"invoices\", \"dataElementType\": \"documentArray\"}, \"target\": {\"path\": \"/LIST_APPEND_INPUT/docList[]\", \"title\": \"docList\", \"dataElementType\": \"documentArray\"}, \"mapCondition\": {\"isConditionSet\": false, \"sourceTreeIndex\": [{\"key\": 1, \"title\": \"get-invoices-by-stateAPIServerResponse\", \"isLeaf\": false, \"isArray\": false, \"children\": [{\"key\": 2, \"title\": \"200\", \"isLeaf\": false, \"isArray\": false, \"children\": [{\"key\": 3, \"title\": \"invoices[]\", \"isLeaf\": false, \"isArray\": true, \"parentKey\": 2, \"arrayIndex\": null}], \"parentKey\": 1}], \"parentKey\": 0}], \"targetTreeIndex\": [{\"key\": 1, \"title\": \"LIST_APPEND_INPUT\", \"isLeaf\": false, \"isArray\": false, \"children\": [{\"key\": 2, \"title\": \"docList\", \"isLeaf\": false, \"isArray\": true, \"parentKey\": 1, \"arrayIndex\": null}], \"parentKey\": 0}], \"mapConditionFormValue\": {}}}]}, \"outputs\": {\"/get-invoices-by-stateAPIServerResponse/200/invoices[]\": [{\"type\": \"list\", \"source\": {\"path\": \"/LIST_APPEND_OUTPUT/docList[]\", \"title\": \"docList\", \"dataElementType\": \"documentArray\"}, \"target\": {\"path\": \"/get-invoices-by-stateAPIServerResponse/200/invoices[]\", \"order\": 2, \"title\": \"invoices\", \"dataElementType\": \"documentArray\"}, \"mapCondition\": {\"isConditionSet\": false, \"sourceTreeIndex\": [{\"key\": 1, \"title\": \"LIST_APPEND_OUTPUT\", \"isLeaf\": false, \"isArray\": false, \"children\": [{\"key\": 2, \"title\": \"docList\", \"isLeaf\": false, \"isArray\": true, \"parentKey\": 1, \"arrayIndex\": null}], \"parentKey\": 0}], \"targetTreeIndex\": [{\"key\": 1, \"title\": \"get-invoices-by-stateAPIServerResponse\", \"isLeaf\": false, \"isArray\": false, \"children\": [{\"key\": 2, \"title\": \"200\", \"isLeaf\": false, \"isArray\": false, \"children\": [{\"key\": 3, \"title\": \"invoices[]\", \"isLeaf\": false, \"isArray\": true, \"parentKey\": 2, \"arrayIndex\": null}], \"parentKey\": 1}], \"parentKey\": 0}], \"mapConditionFormValue\": {}}}]}, \"functionInfo\": {\"id\": \"f5437179-0ea3-46c8-af0c-12576afcff42\", \"name\": \"AppendList\", \"category\": {\"id\": \"41a97f98-22ec-4738-9b60-e2e3bd2bc1f9\"}, \"internalName\": \"LIST_APPEND\"}}, {\"inputs\": {\"/MATH_ADD_FLOATS_INPUT/num1\": [{\"type\": \"map\", \"source\": {\"path\": \"/get-invoices-by-stateAPIServerResponse/200/grandTotal\", \"title\": \"grandTotal\", \"dataElementType\": \"number\"}, \"target\": {\"path\": \"/MATH_ADD_FLOATS_INPUT/num1\", \"title\": \"num1\", \"dataElementType\": \"number\"}, \"mapCondition\": {\"isConditionSet\": false, \"sourceTreeIndex\": [], \"targetTreeIndex\": [], \"mapConditionFormValue\": {}}}], \"/MATH_ADD_FLOATS_INPUT/num2\": [{\"type\": \"map\", \"source\": {\"path\": \"/invoiceResponse/totalamt\", \"title\": \"totalamt\", \"dataElementType\": \"number\"}, \"target\": {\"path\": \"/MATH_ADD_FLOATS_INPUT/num2\", \"title\": \"num2\", \"dataElementType\": \"number\"}, \"mapCondition\": {\"isConditionSet\": false, \"sourceTreeIndex\": [], \"targetTreeIndex\": [], \"mapConditionFormValue\": {}}}]}, \"outputs\": {\"/get-invoices-by-stateAPIServerResponse/200/grandTotal\": [{\"type\": \"map\", \"source\": {\"path\": \"/MATH_ADD_FLOATS_OUTPUT/output\", \"title\": \"output\", \"dataElementType\": \"number\"}, \"target\": {\"path\": \"/get-invoices-by-stateAPIServerResponse/200/grandTotal\", \"order\": 24, \"title\": \"grandTotal\", \"dataElementType\": \"number\"}, \"mapCondition\": {\"isConditionSet\": false, \"sourceTreeIndex\": [], \"targetTreeIndex\": [], \"mapConditionFormValue\": {}}}]}, \"functionInfo\": {\"id\": \"74ed6c4e-4bcd-450a-9a89-0269f3ec31cf\", \"name\": \"AddFloats\", \"category\": {\"id\": \"18db0fe2-347a-4bac-8a2d-41403773c028\"}, \"internalName\": \"MATH_ADD_FLOATS\"}}]}",
    "null" : false
  },
  "endpoint_structure_json" : {
    "type" : "jsonb",
    "value" : "{\"maps\": []}",
    "null" : false
  },
  "is_error" : false,
  "no_of_errors" : 0,
  "action_input_type" : null,
  "config_service_id" : null,
  "config_imap_id" : null,
  "config_b2b_document_type_id" : null,
  "config_document_id" : null,
  "add_variables" : {
    "type" : "jsonb",
    "value" : "[]",
    "null" : false
  },
  "drop_variables" : {
    "type" : "jsonb",
    "value" : "[]",
    "null" : false
  },
  "plug_input_structure" : null,
  "plug_output_structure" : null,
  "config_plug_id" : null,
  "override_plug" : false,
  "config_java_service_id" : null,
  "service_tag" : "EMPTY",
  "endpoint_tag" : null,
  "config_service_tag" : "",
  "config_imap_tag" : "",
  "config_b2b_document_type_tag" : "",
  "active" : true,
  "parent_component_config_service_tag" : "EMPTY",
  "service_project_id" : "30844f33-d409-4b0e-af83-1e4235a7350b",
  "service_project_tag" : "EMPTY",
  "config_service_project_id" : null,
  "config_service_project_tag" : "",
  "config_imap_project_id" : null,
  "config_imap_project_tag" : "",
  "config_b2b_document_type_project_id" : null,
  "config_b2b_document_type_project_tag" : "",
  "endpoint_project_id" : null,
  "endpoint_project_tag" : null,
  "config_plug_tag" : null,
  "config_plug_project_id" : null,
  "config_plug_project_tag" : null,
  "config_java_service_tag" : "",
  "config_java_service_project_id" : null,
  "config_java_service_project_tag" : "",
  "disabled" : false,
  "config" : null,
  "config_b2b_document_type_project_mode_id" : "112c1cb8-4b9e-4d1a-a042-0bd031dc7d05",
  "config_imap_project_mode_id" : "112c1cb8-4b9e-4d1a-a042-0bd031dc7d05",
  "config_java_service_project_mode_id" : "112c1cb8-4b9e-4d1a-a042-0bd031dc7d05",
  "config_plug_project_mode_id" : "112c1cb8-4b9e-4d1a-a042-0bd031dc7d05",
  "config_service_project_mode_id" : "112c1cb8-4b9e-4d1a-a042-0bd031dc7d05",
  "endpoint_project_mode_id" : "112c1cb8-4b9e-4d1a-a042-0bd031dc7d05",
  "service_project_mode_id" : "112c1cb8-4b9e-4d1a-a042-0bd031dc7d05",
  "parent_component_config_service_project_mode_id" : "112c1cb8-4b9e-4d1a-a042-0bd031dc7d05",
  "is_audit" : true,
  "keys_with_order" : null
}