{
  "component_config_id" : "51be39b1-a66f-49ba-9c98-0bbe32d36e18",
  "endpoint_config_json" : {
    "type" : "jsonb",
    "value" : "{\"crossRef\": [], \"services\": [], \"multistep\": [], \"operations\": []}",
    "null" : false
  },
  "input_config_json" : {
    "type" : "jsonb",
    "value" : "{\"crossRef\": [], \"services\": [], \"multistep\": [], \"operations\": [{\"map\": {\"id\": \"cecc381a-842b-4a8f-ae5f-0bdb31c859d2\", \"root\": false, \"type\": \"map\", \"cached\": false, \"source\": \"/get-invoices-by-stateAPIServerRequest/queryParams/currencycode\", \"target\": \"/HTTPSGetInput/queryParams/to\", \"mapNull\": false, \"disabled\": false, \"extractXml\": false, \"extractJson\": false, \"targetOrder\": 1.0, \"mapEmptyString\": false, \"sourceJavaType\": \"java.lang.String\", \"targetJavaType\": \"java.lang.String\"}}, {\"map\": {\"id\": \"871550a1-84be-4325-b454-134567cc1d5e\", \"root\": false, \"type\": \"map\", \"cached\": false, \"source\": \"/GetInvoicesByStateOutput/response/resultSet/invoice_totalamt\", \"target\": \"/HTTPSGetInput/queryParams/amount\", \"mapNull\": false, \"disabled\": false, \"extractXml\": false, \"extractJson\": false, \"targetOrder\": 1.0, \"mapEmptyString\": false, \"sourceJavaType\": \"java.lang.Float\", \"targetJavaType\": \"java.lang.String\"}}, {\"map\": {\"id\": \"bb27763f-ad9e-4933-90eb-9b1c14c12caa\", \"root\": false, \"type\": \"map\", \"cached\": false, \"source\": \"/GetInvoicesByStateOutput/response/resultSet/invoice_currency\", \"target\": \"/HTTPSGetInput/queryParams/from\", \"mapNull\": false, \"disabled\": false, \"extractXml\": false, \"extractJson\": false, \"targetOrder\": 1.0, \"mapEmptyString\": false, \"sourceJavaType\": \"java.lang.String\", \"targetJavaType\": \"java.lang.String\"}}, {\"map\": {\"id\": \"44e91b7a-071e-4590-ae4b-7b2809bd19cf\", \"root\": false, \"type\": \"setValue\", \"cached\": false, \"target\": \"/HTTPSGetInput/basePath\", \"mapNull\": false, \"disabled\": false, \"extractXml\": false, \"extractJson\": false, \"targetOrder\": 3.0, \"targetValue\": \"/convert\", \"mapEmptyString\": false, \"targetJavaType\": \"java.lang.String\", \"variableSubstitution\": false}}]}",
    "null" : false
  },
  "output_config_json" : {
    "type" : "jsonb",
    "value" : "{\"crossRef\": [], \"services\": [], \"multistep\": [], \"operations\": [{\"map\": {\"id\": \"ef6a3d73-b55e-4389-b53e-f3f202b09b07\", \"root\": true, \"type\": \"map\", \"cached\": false, \"source\": \"/HTTPSGetOutput\", \"target\": \"/HTTPSGetOutput\", \"mapNull\": false, \"disabled\": false, \"extractXml\": false, \"extractJson\": false, \"mapEmptyString\": false}}, {\"map\": {\"id\": \"3520d9ba-1232-47ac-a1b2-3036cc2478d6\", \"root\": true, \"type\": \"map\", \"cached\": false, \"source\": \"/HTTPSGetOutput/response\", \"target\": \"/currencyConvertResponse\", \"mapNull\": false, \"disabled\": false, \"extractXml\": false, \"extractJson\": true, \"targetOrder\": 1.0, \"mapEmptyString\": false, \"sourceJavaType\": \"java.lang.Object\"}}, {\"map\": {\"id\": \"f3daaa6f-2063-4c96-af5e-ed0536604e40\", \"root\": true, \"type\": \"map\", \"cached\": false, \"source\": \"/HTTPSGetOutput/errors\", \"target\": \"/currencyConvertError\", \"mapNull\": false, \"disabled\": false, \"extractXml\": false, \"extractJson\": true, \"targetOrder\": 1.0, \"mapEmptyString\": false, \"sourceJavaType\": \"java.lang.Object\"}}]}",
    "null" : false
  },
  "component_id" : "1dd81dfd-e452-4eb3-bbd7-bc6f0da00cbd",
  "service_id" : "d067420f-a884-445d-bd62-777538edb131",
  "endpoint_id" : "e0182ea9-1188-4bbe-b048-b35b42e769ca",
  "parent_component_config_id" : "ea2b105b-8766-492e-9f30-23602bee35a7",
  "component_config_order" : 1.75,
  "action_id" : "1b4bc7a2-679b-4779-ad98-79fc11210459",
  "name" : "Convert currency",
  "description" : "",
  "override_endpoint" : false,
  "input_structure_json" : {
    "type" : "jsonb",
    "value" : "{\"maps\": [{\"/HTTPSGetInput/queryParams/to\": [{\"type\": \"map\", \"source\": {\"path\": \"/get-invoices-by-stateAPIServerRequest/queryParams/currencycode\", \"title\": \"currencycode\", \"dataElementType\": \"string\"}, \"target\": {\"path\": \"/HTTPSGetInput/queryParams/to\", \"order\": 1, \"title\": \"to\", \"dataElementType\": \"string\"}, \"mapCondition\": {\"isConditionSet\": false, \"sourceTreeIndex\": [], \"targetTreeIndex\": [], \"mapConditionFormValue\": {}}}]}, {\"/HTTPSGetInput/queryParams/amount\": [{\"type\": \"map\", \"source\": {\"path\": \"/GetInvoicesByStateOutput/response/resultSet/invoice_totalamt\", \"title\": \"invoice_totalamt\", \"dataElementType\": \"number\"}, \"target\": {\"path\": \"/HTTPSGetInput/queryParams/amount\", \"order\": 1, \"title\": \"amount\", \"dataElementType\": \"string\"}, \"mapCondition\": {\"isConditionSet\": false, \"sourceTreeIndex\": [], \"targetTreeIndex\": [], \"mapConditionFormValue\": {}}}]}, {\"/HTTPSGetInput/queryParams/from\": [{\"type\": \"map\", \"source\": {\"path\": \"/GetInvoicesByStateOutput/response/resultSet/invoice_currency\", \"title\": \"invoice_currency\", \"dataElementType\": \"string\"}, \"target\": {\"path\": \"/HTTPSGetInput/queryParams/from\", \"order\": 1, \"title\": \"from\", \"dataElementType\": \"string\"}, \"mapCondition\": {\"isConditionSet\": false, \"sourceTreeIndex\": [], \"targetTreeIndex\": [], \"mapConditionFormValue\": {}}}]}, {\"/HTTPSGetInput/basePath\": [{\"type\": \"setValue\", \"target\": {\"path\": \"/HTTPSGetInput/basePath\", \"order\": 3, \"title\": \"basePath\", \"dataElementType\": \"string\"}, \"values\": [{\"id\": \"00bd78df-82ef-4061-9672-587b6228dfc1\", \"key\": \"/HTTPSGetInput/basePath\", \"type\": \"object\", \"order\": 3, \"title\": \"basePath\", \"isLeaf\": false, \"children\": [], \"setValue\": null, \"uiElement\": \"/convert\", \"isSetValue\": false, \"childrenSet\": false, \"hasChildren\": false, \"dataElementType\": \"string\", \"encryption_required\": false}], \"mapCondition\": {\"isConditionSet\": false, \"sourceTreeIndex\": [], \"targetTreeIndex\": [], \"mapConditionFormValue\": {}}, \"variableSubstitution\": false, \"overwritePipelineValue\": false}]}], \"mappedNodes\": [\"/get-invoices-by-stateAPIServerRequest/queryParams/currencycode pipeIn\", \"/HTTPSGetInput/queryParams/to actionIn\", \"/GetInvoicesByStateOutput/response/resultSet/invoice_totalamt pipeIn\", \"/HTTPSGetInput/queryParams/amount actionIn\", \"/GetInvoicesByStateOutput/response/resultSet/invoice_currency pipeIn\", \"/HTTPSGetInput/queryParams/from actionIn\", \"/HTTPSGetInput/basePath actionIn\", \"/HTTPSGetInput actionIn\", \"/HTTPSGetInput actionIn\", \"/HTTPSGetOutput/errors\", \"/currencyConvertErrorpipeOut\"], \"addVariables\": [{\"id\": \"3adfb9e0-7e4f-4060-9108-ddb79a1131f8\", \"key\": \"/HTTPSGetInput/queryParams/amount\", \"type\": \"node\", \"order\": 1, \"title\": \"amount\", \"value\": {\"type\": \"string\"}, \"children\": [], \"editAllow\": true, \"dataElementType\": \"string\", \"componentConfigId\": \"51be39b1-a66f-49ba-9c98-0bbe32d36e18\", \"componentConfigName\": \"HTTPS\"}, {\"id\": \"11498b68-190d-4bc9-b312-4dcaae65e4ed\", \"key\": \"/HTTPSGetInput/queryParams/from\", \"type\": \"node\", \"order\": 1, \"title\": \"from\", \"value\": {\"type\": \"string\"}, \"children\": [], \"editAllow\": true, \"dataElementType\": \"string\", \"componentConfigId\": \"51be39b1-a66f-49ba-9c98-0bbe32d36e18\", \"componentConfigName\": \"HTTPS\"}, {\"id\": \"07731a9d-10f8-4786-b54e-5b085608f098\", \"key\": \"/HTTPSGetInput/queryParams/to\", \"type\": \"node\", \"order\": 1, \"title\": \"to\", \"value\": {\"type\": \"string\"}, \"children\": [], \"editAllow\": true, \"dataElementType\": \"string\", \"componentConfigId\": \"51be39b1-a66f-49ba-9c98-0bbe32d36e18\", \"componentConfigName\": \"HTTPS\"}]}",
    "null" : false
  },
  "output_structure_json" : {
    "type" : "jsonb",
    "value" : "{\"maps\": [{\"/HTTPSGetOutput\": [{\"type\": \"map\", \"source\": {\"path\": \"/HTTPSGetOutput\", \"title\": \"HTTPSGetOutput\", \"dataElementType\": \"document\"}, \"target\": {\"path\": \"/HTTPSGetOutput\", \"alias\": null, \"order\": null, \"title\": \"HTTPSGetOutput\", \"dataElementType\": \"document\"}, \"mapCondition\": {\"mapNull\": null, \"defaultValue\": null, \"isConditionSet\": false, \"mapEmptyString\": null, \"sourceTreeIndex\": [], \"targetTreeIndex\": [], \"mapConditionFormValue\": {\"fields\": null}}}]}, {\"/currencyConvertResponse\": [{\"type\": \"map\", \"source\": {\"path\": \"/HTTPSGetOutput/response\", \"title\": \"response\", \"dataElementType\": \"object\"}, \"target\": {\"path\": \"/currencyConvertResponse\", \"order\": 1, \"title\": \"currencyConvertResponse\", \"dataElementType\": \"document\"}, \"extractJson\": true, \"mapCondition\": {\"isConditionSet\": false, \"sourceTreeIndex\": [], \"targetTreeIndex\": [], \"mapConditionFormValue\": {}}}]}, {\"/currencyConvertError\": [{\"type\": \"map\", \"source\": {\"path\": \"/HTTPSGetOutput/errors\", \"title\": \"errors\", \"dataElementType\": \"object\"}, \"target\": {\"path\": \"/currencyConvertError\", \"order\": 1, \"title\": \"currencyConvertError\", \"dataElementType\": \"document\"}, \"extractJson\": true, \"mapCondition\": {\"isConditionSet\": false, \"sourceTreeIndex\": [], \"targetTreeIndex\": [], \"mapConditionFormValue\": {}}}]}], \"tracks\": {}, \"transformer\": []}",
    "null" : false
  },
  "endpoint_structure_json" : {
    "type" : "jsonb",
    "value" : "{\"maps\": []}",
    "null" : false
  },
  "is_error" : false,
  "no_of_errors" : 0,
  "action_input_type" : null,
  "config_service_id" : null,
  "config_imap_id" : null,
  "config_b2b_document_type_id" : null,
  "config_document_id" : null,
  "add_variables" : {
    "type" : "jsonb",
    "value" : "[{\"id\": \"59e272ac-a721-4837-b3de-135a0e8df9f7\", \"key\": \"/currencyConvertResponse\", \"type\": \"node\", \"order\": 1, \"title\": \"currencyConvertResponse\", \"value\": {}, \"children\": [{\"id\": \"8dc4a3d0-89a0-4385-9469-fdbc9741f14a\", \"key\": \"/currencyConvertResponse/success\", \"type\": \"node\", \"order\": 1, \"title\": \"success\", \"value\": {\"type\": \"boolean\"}, \"isLeaf\": true, \"editAllow\": true, \"extractXml\": false, \"childrenSet\": false, \"extractJson\": true, \"hasChildren\": false, \"dataElementType\": \"boolean\", \"componentConfigId\": \"51be39b1-a66f-49ba-9c98-0bbe32d36e18\", \"encryption_required\": false}, {\"id\": \"9a32fd95-7f95-4e1e-ab94-e75f6745f143\", \"key\": \"/currencyConvertResponse/query\", \"type\": \"node\", \"order\": 2, \"title\": \"query\", \"value\": {\"type\": \"object\"}, \"isLeaf\": false, \"children\": [{\"id\": \"57ca3d98-8a7f-43f3-ac07-619b6d64918a\", \"key\": \"/currencyConvertResponse/query/from\", \"type\": \"node\", \"order\": 3, \"title\": \"from\", \"value\": {\"type\": \"string\"}, \"isLeaf\": true, \"editAllow\": true, \"extractXml\": false, \"childrenSet\": false, \"extractJson\": true, \"hasChildren\": false, \"dataElementType\": \"string\", \"componentConfigId\": \"51be39b1-a66f-49ba-9c98-0bbe32d36e18\", \"encryption_required\": false}, {\"id\": \"dca53631-afd0-41e7-ae91-e250f93c50f5\", \"key\": \"/currencyConvertResponse/query/to\", \"type\": \"node\", \"order\": 4, \"title\": \"to\", \"value\": {\"type\": \"string\"}, \"isLeaf\": true, \"editAllow\": true, \"extractXml\": false, \"childrenSet\": false, \"extractJson\": true, \"hasChildren\": false, \"dataElementType\": \"string\", \"componentConfigId\": \"51be39b1-a66f-49ba-9c98-0bbe32d36e18\", \"encryption_required\": false}, {\"id\": \"c3fa24f6-581a-4693-b3b9-ca7bac25bb5f\", \"key\": \"/currencyConvertResponse/query/amount\", \"type\": \"node\", \"order\": 5, \"title\": \"amount\", \"value\": {\"type\": \"integer\"}, \"isLeaf\": true, \"editAllow\": true, \"extractXml\": false, \"childrenSet\": false, \"extractJson\": true, \"hasChildren\": false, \"dataElementType\": \"integer\", \"componentConfigId\": \"51be39b1-a66f-49ba-9c98-0bbe32d36e18\", \"encryption_required\": false}], \"editAllow\": true, \"extractXml\": false, \"childrenSet\": false, \"extractJson\": true, \"hasChildren\": false, \"dataElementType\": \"document\", \"componentConfigId\": \"51be39b1-a66f-49ba-9c98-0bbe32d36e18\", \"encryption_required\": false}, {\"id\": \"814841f0-8b61-43c0-81e7-a4a3cf18ff0a\", \"key\": \"/currencyConvertResponse/info\", \"type\": \"node\", \"order\": 6, \"title\": \"info\", \"value\": {\"type\": \"object\"}, \"isLeaf\": false, \"children\": [{\"id\": \"12106d03-b7ac-4ed6-9c10-7863a72802d3\", \"key\": \"/currencyConvertResponse/info/timestamp\", \"type\": \"node\", \"order\": 7, \"title\": \"timestamp\", \"value\": {\"type\": \"integer\"}, \"isLeaf\": true, \"editAllow\": true, \"extractXml\": false, \"childrenSet\": false, \"extractJson\": true, \"hasChildren\": false, \"dataElementType\": \"integer\", \"componentConfigId\": \"51be39b1-a66f-49ba-9c98-0bbe32d36e18\", \"encryption_required\": false}, {\"id\": \"1f0869ea-93cf-4ac8-818a-1677bbfed80f\", \"key\": \"/currencyConvertResponse/info/rate\", \"type\": \"node\", \"order\": 8, \"title\": \"rate\", \"value\": {\"type\": \"number\"}, \"isLeaf\": true, \"editAllow\": true, \"extractXml\": false, \"childrenSet\": false, \"extractJson\": true, \"hasChildren\": false, \"dataElementType\": \"number\", \"componentConfigId\": \"51be39b1-a66f-49ba-9c98-0bbe32d36e18\", \"encryption_required\": false}], \"editAllow\": true, \"extractXml\": false, \"childrenSet\": false, \"extractJson\": true, \"hasChildren\": false, \"dataElementType\": \"document\", \"componentConfigId\": \"51be39b1-a66f-49ba-9c98-0bbe32d36e18\", \"encryption_required\": false}, {\"id\": \"6146416a-8d11-4b64-895a-d0b07b66ceb3\", \"key\": \"/currencyConvertResponse/date\", \"type\": \"node\", \"order\": 9, \"title\": \"date\", \"value\": {\"type\": \"string\"}, \"isLeaf\": true, \"editAllow\": true, \"extractXml\": false, \"childrenSet\": false, \"extractJson\": true, \"hasChildren\": false, \"dataElementType\": \"string\", \"componentConfigId\": \"51be39b1-a66f-49ba-9c98-0bbe32d36e18\", \"encryption_required\": false}, {\"id\": \"87519709-f43a-44b4-b6cd-846072a2f422\", \"key\": \"/currencyConvertResponse/result\", \"type\": \"node\", \"order\": 10, \"title\": \"result\", \"value\": {\"type\": \"number\"}, \"isLeaf\": true, \"editAllow\": true, \"extractXml\": false, \"childrenSet\": false, \"extractJson\": true, \"hasChildren\": false, \"dataElementType\": \"number\", \"componentConfigId\": \"51be39b1-a66f-49ba-9c98-0bbe32d36e18\", \"encryption_required\": false}], \"editAllow\": true, \"extractXml\": false, \"extractJson\": true, \"dataElementType\": \"document\", \"componentConfigId\": \"51be39b1-a66f-49ba-9c98-0bbe32d36e18\", \"componentConfigName\": \"HTTPS\"}, {\"id\": \"71fc63a9-35ae-478f-b160-cb43992f2fb1\", \"key\": \"/currencyConvertError\", \"type\": \"node\", \"order\": 1, \"title\": \"currencyConvertError\", \"value\": {}, \"children\": [{\"id\": \"749341a3-90c1-4bf1-a08b-493bd761efa9\", \"key\": \"/currencyConvertError/error\", \"type\": \"node\", \"order\": 1, \"title\": \"error\", \"value\": {\"type\": \"object\"}, \"isLeaf\": false, \"children\": [{\"id\": \"25b73d9e-4487-4391-97b8-cb406459729e\", \"key\": \"/currencyConvertError/error/code\", \"type\": \"node\", \"order\": 2, \"title\": \"code\", \"value\": {\"type\": \"string\"}, \"isLeaf\": true, \"editAllow\": true, \"extractXml\": false, \"childrenSet\": false, \"extractJson\": true, \"hasChildren\": false, \"dataElementType\": \"string\", \"componentConfigId\": \"51be39b1-a66f-49ba-9c98-0bbe32d36e18\", \"encryption_required\": false}, {\"id\": \"25f06973-8b68-4903-a4a7-c81613fdb745\", \"key\": \"/currencyConvertError/error/message\", \"type\": \"node\", \"order\": 3, \"title\": \"message\", \"value\": {\"type\": \"string\"}, \"isLeaf\": true, \"editAllow\": true, \"extractXml\": false, \"childrenSet\": false, \"extractJson\": true, \"hasChildren\": false, \"dataElementType\": \"string\", \"componentConfigId\": \"51be39b1-a66f-49ba-9c98-0bbe32d36e18\", \"encryption_required\": false}], \"editAllow\": true, \"extractXml\": false, \"childrenSet\": false, \"extractJson\": true, \"hasChildren\": false, \"dataElementType\": \"document\", \"componentConfigId\": \"51be39b1-a66f-49ba-9c98-0bbe32d36e18\", \"encryption_required\": false}], \"editAllow\": true, \"extractXml\": false, \"extractJson\": true, \"componentName\": \"Convert currency\", \"dataElementType\": \"document\", \"componentConfigId\": \"51be39b1-a66f-49ba-9c98-0bbe32d36e18\", \"componentConfigName\": \"HTTPS\"}]",
    "null" : false
  },
  "drop_variables" : {
    "type" : "jsonb",
    "value" : "[]",
    "null" : false
  },
  "plug_input_structure" : null,
  "plug_output_structure" : null,
  "config_plug_id" : null,
  "override_plug" : false,
  "config_java_service_id" : null,
  "service_tag" : "EMPTY",
  "endpoint_tag" : "EMPTY",
  "config_service_tag" : "",
  "config_imap_tag" : "",
  "config_b2b_document_type_tag" : "",
  "active" : true,
  "parent_component_config_service_tag" : "EMPTY",
  "service_project_id" : "30844f33-d409-4b0e-af83-1e4235a7350b",
  "service_project_tag" : "EMPTY",
  "config_service_project_id" : null,
  "config_service_project_tag" : "",
  "config_imap_project_id" : null,
  "config_imap_project_tag" : "",
  "config_b2b_document_type_project_id" : null,
  "config_b2b_document_type_project_tag" : "",
  "endpoint_project_id" : "30844f33-d409-4b0e-af83-1e4235a7350b",
  "endpoint_project_tag" : "EMPTY",
  "config_plug_tag" : null,
  "config_plug_project_id" : null,
  "config_plug_project_tag" : null,
  "config_java_service_tag" : "",
  "config_java_service_project_id" : null,
  "config_java_service_project_tag" : "",
  "disabled" : false,
  "config" : {
    "type" : "json",
    "value" : "{}",
    "null" : false
  },
  "config_b2b_document_type_project_mode_id" : "112c1cb8-4b9e-4d1a-a042-0bd031dc7d05",
  "config_imap_project_mode_id" : "112c1cb8-4b9e-4d1a-a042-0bd031dc7d05",
  "config_java_service_project_mode_id" : "112c1cb8-4b9e-4d1a-a042-0bd031dc7d05",
  "config_plug_project_mode_id" : "112c1cb8-4b9e-4d1a-a042-0bd031dc7d05",
  "config_service_project_mode_id" : "112c1cb8-4b9e-4d1a-a042-0bd031dc7d05",
  "endpoint_project_mode_id" : "112c1cb8-4b9e-4d1a-a042-0bd031dc7d05",
  "service_project_mode_id" : "112c1cb8-4b9e-4d1a-a042-0bd031dc7d05",
  "parent_component_config_service_project_mode_id" : "112c1cb8-4b9e-4d1a-a042-0bd031dc7d05",
  "is_audit" : true,
  "keys_with_order" : null
}