{
  "component_config_id" : "d1315c99-420a-492e-865c-fe645c368911",
  "endpoint_config_json" : {
    "type" : "jsonb",
    "value" : "{\"crossRef\": [], \"services\": [], \"multistep\": [], \"operations\": []}",
    "null" : false
  },
  "input_config_json" : {
    "type" : "jsonb",
    "value" : "{\"crossRef\": [], \"services\": [], \"multistep\": [], \"operations\": []}",
    "null" : false
  },
  "output_config_json" : {
    "type" : "jsonb",
    "value" : "{\"crossRef\": [], \"services\": [], \"multistep\": [], \"operations\": [{\"transformer\": {\"id\": \"048fb84c-ded0-4107-b7a9-4bfb27aaf818\", \"name\": \"MATH_DECIMAL_PRECISION\", \"type\": \"Math\", \"query\": null, \"inputs\": [{\"id\": \"1ed868f6-7db1-4249-b1e9-5a67d517ddb8\", \"root\": false, \"type\": \"map\", \"cached\": false, \"source\": \"/currencyConvertResponse/result\", \"target\": \"/MATH_DECIMAL_PRECISION_INPUT/decimal\", \"mapNull\": false, \"disabled\": false, \"extractXml\": false, \"extractJson\": false, \"mapEmptyString\": false, \"sourceJavaType\": \"java.lang.Float\", \"targetJavaType\": \"java.lang.Float\"}, {\"id\": \"6f28facb-a236-448a-ba28-685737c2dd12\", \"root\": false, \"type\": \"setValue\", \"cached\": false, \"target\": \"/MATH_DECIMAL_PRECISION_INPUT/precision\", \"mapNull\": false, \"disabled\": false, \"extractXml\": false, \"extractJson\": false, \"targetValue\": \"2\", \"mapEmptyString\": false, \"targetJavaType\": \"java.lang.Float\", \"variableSubstitution\": false}], \"outputs\": [{\"id\": \"da4aff2c-13fd-4afd-bdb0-0083dffe039b\", \"root\": false, \"type\": \"map\", \"cached\": false, \"source\": \"/MATH_DECIMAL_PRECISION_OUTPUT/output\", \"target\": \"/invoiceResponse/totalamt\", \"mapNull\": false, \"disabled\": false, \"extractXml\": false, \"extractJson\": true, \"targetOrder\": 6.0, \"mapEmptyString\": false, \"sourceJavaType\": \"java.lang.Float\", \"targetJavaType\": \"java.lang.Float\"}], \"tableId\": null, \"configId\": null, \"disabled\": false, \"serviceId\": null, \"expression\": null}}, {\"map\": {\"id\": \"29b5faae-a7da-41d5-8912-d8972661b37d\", \"root\": false, \"type\": \"map\", \"cached\": false, \"source\": \"/GetInvoicesByStateOutput/response/resultSet/invoice_invnum\", \"target\": \"/invoiceResponse/invnum\", \"mapNull\": false, \"disabled\": false, \"extractXml\": false, \"extractJson\": true, \"targetOrder\": 1.0, \"mapEmptyString\": false, \"sourceJavaType\": \"java.lang.String\", \"targetJavaType\": \"java.lang.String\"}}, {\"map\": {\"id\": \"b02ff9ae-289d-4667-b984-527946368635\", \"root\": false, \"type\": \"map\", \"cached\": false, \"source\": \"/GetInvoicesByStateOutput/response/resultSet/invoice_invdate\", \"target\": \"/invoiceResponse/invdate\", \"mapNull\": false, \"disabled\": false, \"extractXml\": false, \"extractJson\": true, \"targetOrder\": 2.0, \"mapEmptyString\": false, \"sourceJavaType\": \"java.lang.String\", \"targetJavaType\": \"java.lang.String\"}}, {\"map\": {\"id\": \"4df13e5d-a3b2-49ae-a562-23b49fc53281\", \"root\": false, \"type\": \"map\", \"cached\": false, \"source\": \"/GetInvoicesByStateOutput/response/resultSet/invoice_businessname\", \"target\": \"/invoiceResponse/businessname\", \"mapNull\": false, \"disabled\": false, \"extractXml\": false, \"extractJson\": true, \"targetOrder\": 3.0, \"mapEmptyString\": false, \"sourceJavaType\": \"java.lang.String\", \"targetJavaType\": \"java.lang.String\"}}, {\"map\": {\"id\": \"799d49c7-6bd7-4b9e-8479-152ac21fc7bc\", \"root\": false, \"type\": \"map\", \"cached\": false, \"source\": \"/GetInvoicesByStateOutput/response/resultSet/invoice_billtoname\", \"target\": \"/invoiceResponse/billtoname\", \"mapNull\": false, \"disabled\": false, \"extractXml\": false, \"extractJson\": true, \"targetOrder\": 4.0, \"mapEmptyString\": false, \"sourceJavaType\": \"java.lang.String\", \"targetJavaType\": \"java.lang.String\"}}, {\"map\": {\"id\": \"18573867-c9b3-4002-b076-cc8b0c81f8d3\", \"root\": false, \"type\": \"map\", \"cached\": false, \"source\": \"/GetInvoicesByStateOutput/response/resultSet/invoice_vat\", \"target\": \"/invoiceResponse/vat\", \"mapNull\": false, \"disabled\": false, \"extractXml\": false, \"extractJson\": true, \"targetOrder\": 5.0, \"mapEmptyString\": false, \"sourceJavaType\": \"java.lang.String\", \"targetJavaType\": \"java.lang.String\"}}, {\"map\": {\"id\": \"eb4f5d7b-86aa-4da6-b180-0c2162a1f852\", \"root\": false, \"type\": \"map\", \"cached\": false, \"source\": \"/GetInvoicesByStateOutput/response/resultSet/invoice_state\", \"target\": \"/invoiceResponse/state\", \"mapNull\": false, \"disabled\": false, \"extractXml\": false, \"extractJson\": true, \"targetOrder\": 8.0, \"mapEmptyString\": false, \"sourceJavaType\": \"java.lang.String\", \"targetJavaType\": \"java.lang.String\"}}, {\"map\": {\"id\": \"be1691db-41e9-48c5-8c98-fc57346c7083\", \"root\": false, \"type\": \"map\", \"cached\": false, \"source\": \"/currencyConvertResponse/query/to\", \"target\": \"/invoiceResponse/currency\", \"mapNull\": false, \"disabled\": false, \"extractXml\": false, \"extractJson\": true, \"targetOrder\": 7.0, \"mapEmptyString\": false, \"sourceJavaType\": \"java.lang.String\", \"targetJavaType\": \"java.lang.String\"}}, {\"ifElseBlock\": {\"root\": false, \"cached\": false, \"target\": \"/status\", \"disabled\": false, \"actualPath\": \"/status\", \"operations\": [{\"map\": {\"id\": \"d1de68cb-cdb2-4061-b0e5-36c2375ca3e5\", \"root\": false, \"type\": \"setValue\", \"cached\": false, \"mapNull\": false, \"disabled\": false, \"expression\": \"%{/HTTPSGetOutput/success}% != true \", \"extractXml\": false, \"extractJson\": false, \"targetValue\": \"400\", \"mapEmptyString\": false, \"targetJavaType\": \"java.lang.String\", \"variableSubstitution\": false}}], \"targetOrder\": 1.0}}]}",
    "null" : false
  },
  "component_id" : "8ac5fe03-27a2-4e6a-a449-6a8893818223",
  "service_id" : "d067420f-a884-445d-bd62-777538edb131",
  "endpoint_id" : null,
  "parent_component_config_id" : "ea2b105b-8766-492e-9f30-23602bee35a7",
  "component_config_order" : 2.75,
  "action_id" : "06843b78-eab0-45da-afab-8c8277d7553f",
  "name" : "Converted invoice",
  "description" : "",
  "override_endpoint" : false,
  "input_structure_json" : {
    "type" : "jsonb",
    "value" : "{\"maps\": [], \"mappedNodes\": [\"/currencyConvertResponse/result pipeIn\", \"/MATH_DECIMAL_PRECISION_INPUT/decimal0\", \"/MATH_DECIMAL_PRECISION_INPUT/precision\", \"/MATH_DECIMAL_PRECISION_INPUT\", \"/MATH_DECIMAL_PRECISION_OUTPUT/output0\", \"/invoiceResponse/totalamtpipeOut\", \"/GetInvoicesByStateOutput/response/resultSet/invoice_invnum pipeIn\", \"/invoiceResponse/invnumpipeOut\", \"/GetInvoicesByStateOutput/response/resultSet/invoice_invdate pipeIn\", \"/invoiceResponse/invdatepipeOut\", \"/GetInvoicesByStateOutput/response/resultSet/invoice_businessname pipeIn\", \"/invoiceResponse/businessnamepipeOut\", \"/GetInvoicesByStateOutput/response/resultSet/invoice_billtoname pipeIn\", \"/invoiceResponse/billtonamepipeOut\", \"/GetInvoicesByStateOutput/response/resultSet/invoice_vat pipeIn\", \"/invoiceResponse/vatpipeOut\", \"/GetInvoicesByStateOutput/response/resultSet/invoice_state pipeIn\", \"/invoiceResponse/statepipeOut\"]}",
    "null" : false
  },
  "output_structure_json" : {
    "type" : "jsonb",
    "value" : "{\"maps\": [{\"/invoiceResponse/invnum\": [{\"type\": \"map\", \"source\": {\"path\": \"/GetInvoicesByStateOutput/response/resultSet/invoice_invnum\", \"title\": \"invoice_invnum\", \"dataElementType\": \"string\"}, \"target\": {\"path\": \"/invoiceResponse/invnum\", \"order\": 1, \"title\": \"invnum\", \"dataElementType\": \"string\"}, \"extractJson\": true, \"mapCondition\": {\"isConditionSet\": false, \"sourceTreeIndex\": [], \"targetTreeIndex\": [], \"mapConditionFormValue\": {}}}]}, {\"/invoiceResponse/invdate\": [{\"type\": \"map\", \"source\": {\"path\": \"/GetInvoicesByStateOutput/response/resultSet/invoice_invdate\", \"title\": \"invoice_invdate\", \"dataElementType\": \"string\"}, \"target\": {\"path\": \"/invoiceResponse/invdate\", \"order\": 2, \"title\": \"invdate\", \"dataElementType\": \"string\"}, \"extractJson\": true, \"mapCondition\": {\"isConditionSet\": false, \"sourceTreeIndex\": [], \"targetTreeIndex\": [], \"mapConditionFormValue\": {}}}]}, {\"/invoiceResponse/businessname\": [{\"type\": \"map\", \"source\": {\"path\": \"/GetInvoicesByStateOutput/response/resultSet/invoice_businessname\", \"title\": \"invoice_businessname\", \"dataElementType\": \"string\"}, \"target\": {\"path\": \"/invoiceResponse/businessname\", \"order\": 3, \"title\": \"businessname\", \"dataElementType\": \"string\"}, \"extractJson\": true, \"mapCondition\": {\"isConditionSet\": false, \"sourceTreeIndex\": [], \"targetTreeIndex\": [], \"mapConditionFormValue\": {}}}]}, {\"/invoiceResponse/billtoname\": [{\"type\": \"map\", \"source\": {\"path\": \"/GetInvoicesByStateOutput/response/resultSet/invoice_billtoname\", \"title\": \"invoice_billtoname\", \"dataElementType\": \"string\"}, \"target\": {\"path\": \"/invoiceResponse/billtoname\", \"order\": 4, \"title\": \"billtoname\", \"dataElementType\": \"string\"}, \"extractJson\": true, \"mapCondition\": {\"isConditionSet\": false, \"sourceTreeIndex\": [], \"targetTreeIndex\": [], \"mapConditionFormValue\": {}}}]}, {\"/invoiceResponse/vat\": [{\"type\": \"map\", \"source\": {\"path\": \"/GetInvoicesByStateOutput/response/resultSet/invoice_vat\", \"title\": \"invoice_vat\", \"dataElementType\": \"string\"}, \"target\": {\"path\": \"/invoiceResponse/vat\", \"order\": 5, \"title\": \"vat\", \"dataElementType\": \"string\"}, \"extractJson\": true, \"mapCondition\": {\"isConditionSet\": false, \"sourceTreeIndex\": [], \"targetTreeIndex\": [], \"mapConditionFormValue\": {}}}]}, {\"/invoiceResponse/state\": [{\"type\": \"map\", \"source\": {\"path\": \"/GetInvoicesByStateOutput/response/resultSet/invoice_state\", \"title\": \"invoice_state\", \"dataElementType\": \"string\"}, \"target\": {\"path\": \"/invoiceResponse/state\", \"order\": 8, \"title\": \"state\", \"dataElementType\": \"string\"}, \"extractJson\": true, \"mapCondition\": {\"isConditionSet\": false, \"sourceTreeIndex\": [], \"targetTreeIndex\": [], \"mapConditionFormValue\": {}}}]}, {\"/invoiceResponse/currency\": [{\"type\": \"map\", \"source\": {\"path\": \"/currencyConvertResponse/query/to\", \"title\": \"to\", \"dataElementType\": \"string\"}, \"target\": {\"path\": \"/invoiceResponse/currency\", \"order\": 7, \"title\": \"currency\", \"dataElementType\": \"string\"}, \"extractJson\": true, \"mapCondition\": {\"isConditionSet\": false, \"sourceTreeIndex\": [], \"targetTreeIndex\": [], \"mapConditionFormValue\": {}}}]}, {\"/status\": [{\"type\": \"conditionalMap\", \"target\": {\"path\": \"/status\", \"order\": 1, \"title\": \"status\", \"dataElementType\": \"string\"}, \"actualPath\": \"/status\", \"conditions\": [{\"id\": \"902fa47e-4087-42aa-bbc4-468c85e0b09f\", \"type\": \"setValue\", \"fields\": [{\"id\": 0, \"path\": \"%{/HTTPSGetOutput/success}%\", \"field\": \"/HTTPSGetOutput/success\", \"value\": \"true\", \"isGroup\": false, \"children\": null, \"operator\": \"!=\", \"uniqueId\": \"495f284e-db45-4b3f-9721-e856828d7607\", \"operation\": \"&&\", \"isTreeChecked\": false, \"dataElementType\": \"boolean\"}], \"mapNull\": false, \"setValue\": \"\", \"uiElement\": \"400\", \"conditionName\": \"if\", \"mapEmptyString\": false, \"variableSubstitution\": false}], \"mapCondition\": {\"isConditionSet\": false, \"sourceTreeIndex\": [], \"targetTreeIndex\": [], \"mapConditionFormValue\": {}}, \"variableSubstitution\": false, \"overwritePipelineValue\": false}]}], \"tracks\": {}, \"transformer\": [{\"inputs\": {\"/MATH_DECIMAL_PRECISION_INPUT/decimal\": [{\"type\": \"map\", \"source\": {\"path\": \"/currencyConvertResponse/result\", \"title\": \"result\", \"dataElementType\": \"number\"}, \"target\": {\"path\": \"/MATH_DECIMAL_PRECISION_INPUT/decimal\", \"title\": \"decimal\", \"dataElementType\": \"number\"}, \"mapCondition\": {\"isConditionSet\": false, \"sourceTreeIndex\": [], \"targetTreeIndex\": [], \"mapConditionFormValue\": {}}}], \"/MATH_DECIMAL_PRECISION_INPUT/precision\": [{\"type\": \"setValue\", \"target\": {\"path\": \"/MATH_DECIMAL_PRECISION_INPUT/precision\", \"order\": \"\", \"title\": \"precision\", \"dataElementType\": \"number\"}, \"values\": [{\"id\": \"09b4c24a-58a5-45c5-999f-20c981ec020f\", \"key\": \"/MATH_DECIMAL_PRECISION_INPUT/precision\", \"type\": \"number\", \"title\": \"precision\", \"isLeaf\": true, \"secret\": false, \"children\": [], \"setValue\": null, \"uiElement\": \"2\", \"isSetValue\": false, \"dataElementType\": \"number\"}], \"mapCondition\": {\"isConditionSet\": false, \"sourceTreeIndex\": [], \"targetTreeIndex\": [], \"mapConditionFormValue\": {}}, \"variableSubstitution\": false, \"overwritePipelineValue\": false}]}, \"outputs\": {\"/invoiceResponse/totalamt\": [{\"type\": \"map\", \"source\": {\"path\": \"/MATH_DECIMAL_PRECISION_OUTPUT/output\", \"title\": \"output\", \"dataElementType\": \"number\"}, \"target\": {\"path\": \"/invoiceResponse/totalamt\", \"order\": 6, \"title\": \"totalamt\", \"dataElementType\": \"number\"}, \"extractJson\": true, \"mapCondition\": {\"isConditionSet\": false, \"sourceTreeIndex\": [], \"targetTreeIndex\": [], \"mapConditionFormValue\": {}}}]}, \"functionInfo\": {\"id\": \"02bb4e00-23e2-4942-bb05-699f807fb05c\", \"name\": \"DecimalPrecision\", \"category\": {\"id\": \"18db0fe2-347a-4bac-8a2d-41403773c028\"}, \"internalName\": \"MATH_DECIMAL_PRECISION\"}}]}",
    "null" : false
  },
  "endpoint_structure_json" : {
    "type" : "jsonb",
    "value" : "{\"maps\": []}",
    "null" : false
  },
  "is_error" : false,
  "no_of_errors" : 0,
  "action_input_type" : null,
  "config_service_id" : null,
  "config_imap_id" : null,
  "config_b2b_document_type_id" : null,
  "config_document_id" : null,
  "add_variables" : {
    "type" : "jsonb",
    "value" : "[{\"id\": \"9f2f25e9-8c76-4c8e-98e6-f311f3decb0a\", \"key\": \"/invoiceResponse\", \"type\": \"node\", \"order\": 1, \"title\": \"invoiceResponse\", \"value\": {}, \"children\": [{\"id\": \"c03f01df-88b4-4a3a-9778-cd830bf82705\", \"key\": \"/invoiceResponse/invnum\", \"type\": \"node\", \"order\": 1, \"title\": \"invnum\", \"value\": {\"type\": \"string\"}, \"isLeaf\": true, \"editAllow\": true, \"extractXml\": false, \"childrenSet\": false, \"extractJson\": true, \"hasChildren\": false, \"dataElementType\": \"string\", \"componentConfigId\": \"d1315c99-420a-492e-865c-fe645c368911\", \"encryption_required\": false}, {\"id\": \"afc78062-2e76-4070-904c-813e1e1c689f\", \"key\": \"/invoiceResponse/invdate\", \"type\": \"node\", \"order\": 2, \"title\": \"invdate\", \"value\": {\"type\": \"string\"}, \"isLeaf\": true, \"editAllow\": true, \"extractXml\": false, \"childrenSet\": false, \"extractJson\": true, \"hasChildren\": false, \"dataElementType\": \"string\", \"componentConfigId\": \"d1315c99-420a-492e-865c-fe645c368911\", \"encryption_required\": false}, {\"id\": \"19a235d9-9edc-4a1e-8145-8cfa67886f39\", \"key\": \"/invoiceResponse/businessname\", \"type\": \"node\", \"order\": 3, \"title\": \"businessname\", \"value\": {\"type\": \"string\"}, \"isLeaf\": true, \"editAllow\": true, \"extractXml\": false, \"childrenSet\": false, \"extractJson\": true, \"hasChildren\": false, \"dataElementType\": \"string\", \"componentConfigId\": \"d1315c99-420a-492e-865c-fe645c368911\", \"encryption_required\": false}, {\"id\": \"a5ab95f5-7d0c-4039-8eef-ac832f89f031\", \"key\": \"/invoiceResponse/billtoname\", \"type\": \"node\", \"order\": 4, \"title\": \"billtoname\", \"value\": {\"type\": \"string\"}, \"isLeaf\": true, \"editAllow\": true, \"extractXml\": false, \"childrenSet\": false, \"extractJson\": true, \"hasChildren\": false, \"dataElementType\": \"string\", \"componentConfigId\": \"d1315c99-420a-492e-865c-fe645c368911\", \"encryption_required\": false}, {\"id\": \"38f5ecdb-0ae2-45f1-aab1-334f85747d52\", \"key\": \"/invoiceResponse/vat\", \"type\": \"node\", \"order\": 5, \"title\": \"vat\", \"value\": {\"type\": \"string\"}, \"isLeaf\": true, \"editAllow\": true, \"extractXml\": false, \"childrenSet\": false, \"extractJson\": true, \"hasChildren\": false, \"dataElementType\": \"string\", \"componentConfigId\": \"d1315c99-420a-492e-865c-fe645c368911\", \"encryption_required\": false}, {\"id\": \"77bf61a2-a238-4c07-8963-6e6f3629d79f\", \"key\": \"/invoiceResponse/totalamt\", \"type\": \"node\", \"order\": 6, \"title\": \"totalamt\", \"value\": {\"type\": \"number\"}, \"isLeaf\": true, \"editAllow\": true, \"extractXml\": false, \"childrenSet\": false, \"extractJson\": true, \"hasChildren\": false, \"dataElementType\": \"number\", \"componentConfigId\": \"d1315c99-420a-492e-865c-fe645c368911\", \"encryption_required\": false}, {\"id\": \"41652c8c-46cc-47cb-982e-65fdae232e17\", \"key\": \"/invoiceResponse/currency\", \"type\": \"node\", \"order\": 7, \"title\": \"currency\", \"value\": {\"type\": \"string\"}, \"isLeaf\": true, \"editAllow\": true, \"extractXml\": false, \"childrenSet\": false, \"extractJson\": true, \"hasChildren\": false, \"dataElementType\": \"string\", \"componentConfigId\": \"d1315c99-420a-492e-865c-fe645c368911\", \"encryption_required\": false}, {\"id\": \"74cb19e3-a5af-4bba-bb80-b9120dc93bf9\", \"key\": \"/invoiceResponse/state\", \"type\": \"node\", \"order\": 8, \"title\": \"state\", \"value\": {\"type\": \"string\"}, \"isLeaf\": true, \"editAllow\": true, \"extractXml\": false, \"childrenSet\": false, \"extractJson\": true, \"hasChildren\": false, \"dataElementType\": \"string\", \"componentConfigId\": \"d1315c99-420a-492e-865c-fe645c368911\", \"encryption_required\": false}], \"editAllow\": true, \"extractXml\": false, \"extractJson\": true, \"componentName\": \"Converted invoice\", \"dataElementType\": \"document\", \"componentConfigId\": \"d1315c99-420a-492e-865c-fe645c368911\", \"componentConfigName\": \"Map\"}]",
    "null" : false
  },
  "drop_variables" : {
    "type" : "jsonb",
    "value" : "[]",
    "null" : false
  },
  "plug_input_structure" : null,
  "plug_output_structure" : null,
  "config_plug_id" : null,
  "override_plug" : false,
  "config_java_service_id" : null,
  "service_tag" : "EMPTY",
  "endpoint_tag" : null,
  "config_service_tag" : "",
  "config_imap_tag" : "",
  "config_b2b_document_type_tag" : "",
  "active" : true,
  "parent_component_config_service_tag" : "EMPTY",
  "service_project_id" : "30844f33-d409-4b0e-af83-1e4235a7350b",
  "service_project_tag" : "EMPTY",
  "config_service_project_id" : null,
  "config_service_project_tag" : "",
  "config_imap_project_id" : null,
  "config_imap_project_tag" : "",
  "config_b2b_document_type_project_id" : null,
  "config_b2b_document_type_project_tag" : "",
  "endpoint_project_id" : null,
  "endpoint_project_tag" : null,
  "config_plug_tag" : null,
  "config_plug_project_id" : null,
  "config_plug_project_tag" : null,
  "config_java_service_tag" : "",
  "config_java_service_project_id" : null,
  "config_java_service_project_tag" : "",
  "disabled" : false,
  "config" : null,
  "config_b2b_document_type_project_mode_id" : "112c1cb8-4b9e-4d1a-a042-0bd031dc7d05",
  "config_imap_project_mode_id" : "112c1cb8-4b9e-4d1a-a042-0bd031dc7d05",
  "config_java_service_project_mode_id" : "112c1cb8-4b9e-4d1a-a042-0bd031dc7d05",
  "config_plug_project_mode_id" : "112c1cb8-4b9e-4d1a-a042-0bd031dc7d05",
  "config_service_project_mode_id" : "112c1cb8-4b9e-4d1a-a042-0bd031dc7d05",
  "endpoint_project_mode_id" : "112c1cb8-4b9e-4d1a-a042-0bd031dc7d05",
  "service_project_mode_id" : "112c1cb8-4b9e-4d1a-a042-0bd031dc7d05",
  "parent_component_config_service_project_mode_id" : "112c1cb8-4b9e-4d1a-a042-0bd031dc7d05",
  "is_audit" : true,
  "keys_with_order" : null
}