{
  "component_config_id" : "3af1339d-1e16-4c2b-a9b8-5885408bd9f1",
  "endpoint_config_json" : {
    "type" : "jsonb",
    "value" : "{\"crossRef\": [], \"services\": [], \"multistep\": [], \"operations\": []}",
    "null" : false
  },
  "input_config_json" : {
    "type" : "jsonb",
    "value" : "{\"crossRef\": [], \"services\": [], \"multistep\": [], \"operations\": [{\"map\": {\"id\": \"fc3a50c2-e4f3-4546-b531-2c301c5e961b\", \"root\": false, \"type\": \"map\", \"cached\": false, \"source\": \"/get-invoices-by-stateAPIServerRequest/queryParams/state\", \"target\": \"/GetInvoicesByStateInput/where/where_invoice_state\", \"mapNull\": false, \"disabled\": false, \"extractXml\": false, \"extractJson\": false, \"targetOrder\": 3.0, \"mapEmptyString\": false, \"sourceJavaType\": \"java.lang.String\", \"targetJavaType\": \"java.lang.String\"}}]}",
    "null" : false
  },
  "output_config_json" : {
    "type" : "jsonb",
    "value" : "{\"crossRef\": [], \"services\": [], \"multistep\": [], \"operations\": [{\"map\": {\"id\": \"830bc0fe-11d5-467e-a326-05e9adbe9676\", \"root\": true, \"type\": \"map\", \"cached\": false, \"source\": \"/GetInvoicesByStateOutput\", \"target\": \"/GetInvoicesByStateOutput\", \"mapNull\": false, \"disabled\": false, \"extractXml\": false, \"extractJson\": false, \"targetOrder\": 1.0, \"mapEmptyString\": false}}, {\"map\": {\"id\": \"cfa0726d-b029-4a36-9c85-9ad41f379620\", \"root\": false, \"type\": \"setValue\", \"cached\": false, \"target\": \"/status\", \"mapNull\": false, \"disabled\": false, \"extractXml\": false, \"extractJson\": false, \"targetOrder\": 1.0, \"targetValue\": \"200\", \"mapEmptyString\": false, \"targetJavaType\": \"java.lang.String\", \"variableSubstitution\": false}}, {\"map\": {\"id\": \"54cf9735-09b2-4bfe-a9d0-d958c44a2476\", \"root\": false, \"type\": \"setValue\", \"cached\": false, \"target\": \"/get-invoices-by-stateAPIServerResponse/200/responseHeaders/Content-Type\", \"mapNull\": false, \"disabled\": false, \"extractXml\": false, \"extractJson\": false, \"targetOrder\": 37.0, \"targetValue\": \"application/json\", \"mapEmptyString\": false, \"targetJavaType\": \"java.lang.String\", \"variableSubstitution\": false}}, {\"map\": {\"id\": \"20b3cf9a-d747-4f3c-beea-4c55526484db\", \"root\": false, \"type\": \"setValue\", \"cached\": false, \"target\": \"/get-invoices-by-stateAPIServerResponse/200/grandTotal\", \"mapNull\": false, \"disabled\": false, \"extractXml\": false, \"extractJson\": false, \"targetOrder\": 24.0, \"targetValue\": \"0\", \"mapEmptyString\": false, \"targetJavaType\": \"java.lang.Float\", \"variableSubstitution\": false}}]}",
    "null" : false
  },
  "component_id" : "dc16ccf6-67f4-4135-95ca-42e055af53c4",
  "service_id" : "d067420f-a884-445d-bd62-777538edb131",
  "endpoint_id" : "74e25fd0-ef49-4af2-ad19-3abcbb390a3c",
  "parent_component_config_id" : "d7202f9c-b327-4256-a362-473dd723c28e",
  "component_config_order" : 0.5,
  "action_id" : "0a8b5a47-8cb0-4eb5-8b73-7e811ba14a57",
  "name" : "Query invoices by state",
  "description" : "",
  "override_endpoint" : false,
  "input_structure_json" : {
    "type" : "jsonb",
    "value" : "{\"maps\": [{\"/GetInvoicesByStateInput/where/where_invoice_state\": [{\"type\": \"map\", \"source\": {\"path\": \"/get-invoices-by-stateAPIServerRequest/queryParams/state\", \"title\": \"state\", \"dataElementType\": \"string\"}, \"target\": {\"path\": \"/GetInvoicesByStateInput/where/where_invoice_state\", \"order\": 3, \"title\": \"invoice_state\", \"dataElementType\": \"string\"}, \"mapCondition\": {\"isConditionSet\": false, \"sourceTreeIndex\": [], \"targetTreeIndex\": [], \"mapConditionFormValue\": {}}}]}], \"mappedNodes\": [\"/GetInvoicesByStateOutputactionOut\", \"/GetInvoicesByStateOutputpipeOut\", \"/get-invoices-by-stateAPIServerRequest/queryParams/state pipeIn\", \"/GetInvoicesByStateInput/where/where_invoice_state actionIn\", \"/statuspipeOut\", \"/get-invoices-by-stateAPIServerResponse/200/responseHeaders/Content-TypepipeOut\", \"/get-invoices-by-stateAPIServerResponse/200/responseHeaderspipeOut\", \"/get-invoices-by-stateAPIServerResponse/200pipeOut\", \"/get-invoices-by-stateAPIServerResponsepipeOut\", \"/get-invoices-by-stateAPIServerResponse/200/grandTotalpipeOut\", \"/get-invoices-by-stateAPIServerResponse/200pipeOut\", \"/get-invoices-by-stateAPIServerResponsepipeOut\", \"/get-invoices-by-stateAPIServerResponse/200/responseHeaderspipeOut\", \"/get-invoices-by-stateAPIServerResponse/200pipeOut\", \"/get-invoices-by-stateAPIServerResponsepipeOut\", \"/get-invoices-by-stateAPIServerResponse/200pipeOut\", \"/get-invoices-by-stateAPIServerResponsepipeOut\"]}",
    "null" : false
  },
  "output_structure_json" : {
    "type" : "jsonb",
    "value" : "{\"maps\": [{\"/GetInvoicesByStateOutput\": [{\"type\": \"map\", \"source\": {\"path\": \"/GetInvoicesByStateOutput\", \"title\": \"GetInvoicesByStateOutput\", \"dataElementType\": \"document\"}, \"target\": {\"path\": \"/GetInvoicesByStateOutput\", \"order\": 1, \"title\": \"GetInvoicesByStateOutput\", \"dataElementType\": \"document\"}, \"mapCondition\": {\"isConditionSet\": false, \"sourceTreeIndex\": [], \"targetTreeIndex\": [], \"mapConditionFormValue\": {}}}]}, {\"/status\": [{\"type\": \"setValue\", \"order\": 1, \"target\": {\"path\": \"/status\", \"order\": 1, \"title\": \"status\", \"dataElementType\": \"string\"}, \"values\": [{\"id\": \"35368224-ae3a-4147-9871-1445387d00fa\", \"key\": \"/status\", \"type\": \"string\", \"order\": 1, \"title\": \"status\", \"setValue\": null, \"uiElement\": \"200\", \"isSetValue\": false, \"childrenSet\": false, \"hasChildren\": false, \"dataElementType\": \"string\", \"encryption_required\": false}], \"mapCondition\": {\"isConditionSet\": false, \"sourceTreeIndex\": [], \"targetTreeIndex\": [], \"mapConditionFormValue\": {}}, \"dataElementType\": \"string\", \"variableSubstitution\": false, \"overwritePipelineValue\": false}]}, {\"/get-invoices-by-stateAPIServerResponse/200/responseHeaders/Content-Type\": [{\"type\": \"setValue\", \"order\": 37, \"target\": {\"path\": \"/get-invoices-by-stateAPIServerResponse/200/responseHeaders/Content-Type\", \"order\": 37, \"title\": \"Content-Type\", \"dataElementType\": \"string\"}, \"values\": [{\"id\": \"44fc3909-f672-4674-b3e5-4c7528071e4f\", \"key\": \"/get-invoices-by-stateAPIServerResponse/200/responseHeaders/Content-Type\", \"type\": \"string\", \"order\": 37, \"title\": \"Content-Type\", \"isLeaf\": true, \"setValue\": null, \"uiElement\": \"application/json\", \"isSetValue\": false, \"childrenSet\": false, \"hasChildren\": false, \"dataElementType\": \"string\", \"encryption_required\": false}], \"mapCondition\": {\"isConditionSet\": false, \"sourceTreeIndex\": [], \"targetTreeIndex\": [], \"mapConditionFormValue\": {}}, \"dataElementType\": \"string\", \"variableSubstitution\": false, \"overwritePipelineValue\": false}]}, {\"/get-invoices-by-stateAPIServerResponse/200/grandTotal\": [{\"type\": \"setValue\", \"order\": 24, \"target\": {\"path\": \"/get-invoices-by-stateAPIServerResponse/200/grandTotal\", \"order\": 24, \"title\": \"grandTotal\", \"dataElementType\": \"number\"}, \"values\": [{\"id\": \"3a20599a-7d30-4549-bf75-4faf3e4a5be0\", \"key\": \"/get-invoices-by-stateAPIServerResponse/200/grandTotal\", \"type\": \"number\", \"order\": 24, \"title\": \"grandTotal\", \"isLeaf\": true, \"setValue\": null, \"uiElement\": \"0\", \"isSetValue\": false, \"childrenSet\": false, \"hasChildren\": false, \"dataElementType\": \"number\", \"encryption_required\": false}], \"mapCondition\": {\"isConditionSet\": false, \"sourceTreeIndex\": [], \"targetTreeIndex\": [], \"mapConditionFormValue\": {}}, \"dataElementType\": \"number\", \"variableSubstitution\": false, \"overwritePipelineValue\": false}]}], \"tracks\": {}, \"transformer\": []}",
    "null" : false
  },
  "endpoint_structure_json" : {
    "type" : "jsonb",
    "value" : "{\"maps\": []}",
    "null" : false
  },
  "is_error" : false,
  "no_of_errors" : 0,
  "action_input_type" : null,
  "config_service_id" : null,
  "config_imap_id" : null,
  "config_b2b_document_type_id" : null,
  "config_document_id" : null,
  "add_variables" : {
    "type" : "jsonb",
    "value" : "[]",
    "null" : false
  },
  "drop_variables" : {
    "type" : "jsonb",
    "value" : "[]",
    "null" : false
  },
  "plug_input_structure" : null,
  "plug_output_structure" : null,
  "config_plug_id" : "03101510-c792-4f68-8f96-c3753b8950a8",
  "override_plug" : false,
  "config_java_service_id" : null,
  "service_tag" : "EMPTY",
  "endpoint_tag" : null,
  "config_service_tag" : "",
  "config_imap_tag" : "",
  "config_b2b_document_type_tag" : "",
  "active" : true,
  "parent_component_config_service_tag" : "EMPTY",
  "service_project_id" : "30844f33-d409-4b0e-af83-1e4235a7350b",
  "service_project_tag" : "EMPTY",
  "config_service_project_id" : null,
  "config_service_project_tag" : "",
  "config_imap_project_id" : null,
  "config_imap_project_tag" : "",
  "config_b2b_document_type_project_id" : null,
  "config_b2b_document_type_project_tag" : "",
  "endpoint_project_id" : "30844f33-d409-4b0e-af83-1e4235a7350b",
  "endpoint_project_tag" : null,
  "config_plug_tag" : "EMPTY",
  "config_plug_project_id" : "30844f33-d409-4b0e-af83-1e4235a7350b",
  "config_plug_project_tag" : "EMPTY",
  "config_java_service_tag" : "",
  "config_java_service_project_id" : null,
  "config_java_service_project_tag" : "",
  "disabled" : false,
  "config" : {
    "type" : "json",
    "value" : "{\"objectId\":null,\"version\":null,\"objectApiId\":null}",
    "null" : false
  },
  "config_b2b_document_type_project_mode_id" : "112c1cb8-4b9e-4d1a-a042-0bd031dc7d05",
  "config_imap_project_mode_id" : "112c1cb8-4b9e-4d1a-a042-0bd031dc7d05",
  "config_java_service_project_mode_id" : "112c1cb8-4b9e-4d1a-a042-0bd031dc7d05",
  "config_plug_project_mode_id" : "112c1cb8-4b9e-4d1a-a042-0bd031dc7d05",
  "config_service_project_mode_id" : "112c1cb8-4b9e-4d1a-a042-0bd031dc7d05",
  "endpoint_project_mode_id" : "112c1cb8-4b9e-4d1a-a042-0bd031dc7d05",
  "service_project_mode_id" : "112c1cb8-4b9e-4d1a-a042-0bd031dc7d05",
  "parent_component_config_service_project_mode_id" : "112c1cb8-4b9e-4d1a-a042-0bd031dc7d05",
  "is_audit" : true,
  "keys_with_order" : null
}