{
  "component_config_id" : "b0356535-fb64-43e9-8992-9d77cb237d2d",
  "endpoint_config_json" : null,
  "input_config_json" : null,
  "output_config_json" : null,
  "component_id" : "16b1a61f-f379-4811-be9d-0d91c39547d3",
  "service_id" : "d067420f-a884-445d-bd62-777538edb131",
  "endpoint_id" : null,
  "parent_component_config_id" : null,
  "component_config_order" : 1.0,
  "action_id" : "09d57e63-9b50-4771-98e2-8fc07cb8bcd5",
  "name" : "receive API request",
  "description" : null,
  "override_endpoint" : false,
  "input_structure_json" : null,
  "output_structure_json" : null,
  "endpoint_structure_json" : null,
  "is_error" : false,
  "no_of_errors" : null,
  "action_input_type" : null,
  "config_service_id" : null,
  "config_imap_id" : null,
  "config_b2b_document_type_id" : null,
  "config_document_id" : null,
  "add_variables" : null,
  "drop_variables" : null,
  "plug_input_structure" : null,
  "plug_output_structure" : {
    "type" : "jsonb",
    "value" : "[{\"key\": \"/get-invoices-by-stateAPIServerRequest\", \"type\": \"object\", \"order\": 1.0, \"title\": \"get-invoices-by-stateAPIServerRequest\", \"value\": {\"type\": \"object\"}, \"children\": [{\"id\": \"b0356535-fb64-43e9-8992-9d77cb237d2d\", \"key\": \"/get-invoices-by-stateAPIServerRequest/pathParams\", \"order\": 0.0, \"title\": \"pathParams\", \"value\": {\"type\": \"object\"}, \"isLeaf\": false, \"children\": [], \"entityType\": \"componentConfig\", \"childrenSet\": false, \"hasChildren\": true, \"dataElementType\": \"document\", \"encryption_required\": false}, {\"id\": \"b0356535-fb64-43e9-8992-9d77cb237d2d\", \"key\": \"/get-invoices-by-stateAPIServerRequest/queryParams\", \"order\": 1.0, \"title\": \"queryParams\", \"value\": {\"type\": \"object\"}, \"isLeaf\": false, \"children\": [{\"id\": \"b0356535-fb64-43e9-8992-9d77cb237d2d\", \"key\": \"/get-invoices-by-stateAPIServerRequest/queryParams/state\", \"title\": \"state\", \"value\": {\"type\": \"string\", \"requiredFlag\": true}, \"isLeaf\": true, \"entityType\": \"componentConfig\", \"childrenSet\": false, \"hasChildren\": false, \"dataElementType\": \"string\", \"encryption_required\": false}, {\"id\": \"b0356535-fb64-43e9-8992-9d77cb237d2d\", \"key\": \"/get-invoices-by-stateAPIServerRequest/queryParams/currencycode\", \"title\": \"currencycode\", \"value\": {\"type\": \"string\", \"requiredFlag\": true}, \"isLeaf\": true, \"entityType\": \"componentConfig\", \"childrenSet\": false, \"hasChildren\": false, \"dataElementType\": \"string\", \"encryption_required\": false}], \"entityType\": \"componentConfig\", \"childrenSet\": false, \"hasChildren\": true, \"dataElementType\": \"document\", \"encryption_required\": false}, {\"id\": \"b0356535-fb64-43e9-8992-9d77cb237d2d\", \"key\": \"/get-invoices-by-stateAPIServerRequest/headers\", \"order\": 2.0, \"title\": \"headers\", \"value\": {\"type\": \"object\"}, \"isLeaf\": false, \"children\": [], \"entityType\": \"componentConfig\", \"childrenSet\": false, \"hasChildren\": true, \"dataElementType\": \"document\", \"encryption_required\": false}], \"entityType\": \"componentConfig\", \"childrenSet\": false, \"hasChildren\": false, \"dataElementType\": \"document\", \"encryption_required\": false}, {\"key\": \"/get-invoices-by-stateAPIServerResponse\", \"type\": \"object\", \"order\": 1.0, \"title\": \"get-invoices-by-stateAPIServerResponse\", \"value\": {\"type\": \"object\"}, \"children\": [{\"key\": \"/get-invoices-by-stateAPIServerResponse/200\", \"type\": \"object\", \"order\": 1.0, \"title\": \"200\", \"value\": {\"type\": \"object\"}, \"children\": [{\"id\": \"b0356535-fb64-43e9-8992-9d77cb237d2d\", \"key\": \"/get-invoices-by-stateAPIServerResponse/200/state\", \"type\": \"string\", \"order\": 1.0, \"title\": \"state\", \"value\": {\"type\": \"string\", \"requiredFlag\": false}, \"isLeaf\": true, \"entityType\": \"componentConfig\", \"childrenSet\": false, \"hasChildren\": false, \"dataElementType\": \"string\", \"encryption_required\": false}, {\"id\": \"b0356535-fb64-43e9-8992-9d77cb237d2d\", \"key\": \"/get-invoices-by-stateAPIServerResponse/200/invoices[]\", \"type\": \"array\", \"order\": 2.0, \"title\": \"invoices\", \"value\": {\"type\": \"array\", \"requiredFlag\": false}, \"isLeaf\": false, \"children\": [{\"id\": \"b0356535-fb64-43e9-8992-9d77cb237d2d\", \"key\": \"/get-invoices-by-stateAPIServerResponse/200/invoices[]/invnum\", \"type\": \"string\", \"order\": 3.0, \"title\": \"invnum\", \"value\": {\"type\": \"string\", \"requiredFlag\": true}, \"isLeaf\": true, \"entityType\": \"componentConfig\", \"childrenSet\": false, \"hasChildren\": false, \"dataElementType\": \"string\", \"encryption_required\": false}, {\"id\": \"b0356535-fb64-43e9-8992-9d77cb237d2d\", \"key\": \"/get-invoices-by-stateAPIServerResponse/200/invoices[]/invdate\", \"type\": \"string\", \"order\": 4.0, \"title\": \"invdate\", \"value\": {\"type\": \"string\", \"requiredFlag\": false}, \"isLeaf\": true, \"entityType\": \"componentConfig\", \"childrenSet\": false, \"hasChildren\": false, \"dataElementType\": \"string\", \"encryption_required\": false}, {\"id\": \"b0356535-fb64-43e9-8992-9d77cb237d2d\", \"key\": \"/get-invoices-by-stateAPIServerResponse/200/invoices[]/businessname\", \"type\": \"string\", \"order\": 5.0, \"title\": \"businessname\", \"value\": {\"type\": \"string\", \"requiredFlag\": false}, \"isLeaf\": true, \"entityType\": \"componentConfig\", \"childrenSet\": false, \"hasChildren\": false, \"dataElementType\": \"string\", \"encryption_required\": false}, {\"id\": \"b0356535-fb64-43e9-8992-9d77cb237d2d\", \"key\": \"/get-invoices-by-stateAPIServerResponse/200/invoices[]/billtoname\", \"type\": \"string\", \"order\": 6.0, \"title\": \"billtoname\", \"value\": {\"type\": \"string\", \"requiredFlag\": false}, \"isLeaf\": true, \"entityType\": \"componentConfig\", \"childrenSet\": false, \"hasChildren\": false, \"dataElementType\": \"string\", \"encryption_required\": false}, {\"id\": \"b0356535-fb64-43e9-8992-9d77cb237d2d\", \"key\": \"/get-invoices-by-stateAPIServerResponse/200/invoices[]/vat\", \"type\": \"string\", \"order\": 7.0, \"title\": \"vat\", \"value\": {\"type\": \"string\", \"requiredFlag\": false}, \"isLeaf\": true, \"entityType\": \"componentConfig\", \"childrenSet\": false, \"hasChildren\": false, \"dataElementType\": \"string\", \"encryption_required\": false}, {\"id\": \"b0356535-fb64-43e9-8992-9d77cb237d2d\", \"key\": \"/get-invoices-by-stateAPIServerResponse/200/invoices[]/state\", \"type\": \"string\", \"order\": 8.0, \"title\": \"state\", \"value\": {\"type\": \"string\", \"_enum\": [\"Draft\", \"Paid\", \"Cancelled\", \"Overdue\", \"Sent\"], \"requiredFlag\": true}, \"isLeaf\": true, \"entityType\": \"componentConfig\", \"childrenSet\": false, \"hasChildren\": false, \"dataElementType\": \"string\", \"encryption_required\": false}, {\"id\": \"b0356535-fb64-43e9-8992-9d77cb237d2d\", \"key\": \"/get-invoices-by-stateAPIServerResponse/200/invoices[]/currency\", \"type\": \"string\", \"order\": 9.0, \"title\": \"currency\", \"value\": {\"type\": \"string\", \"requiredFlag\": true}, \"isLeaf\": true, \"entityType\": \"componentConfig\", \"childrenSet\": false, \"hasChildren\": false, \"dataElementType\": \"string\", \"encryption_required\": false}, {\"id\": \"b0356535-fb64-43e9-8992-9d77cb237d2d\", \"key\": \"/get-invoices-by-stateAPIServerResponse/200/invoices[]/totalamt\", \"type\": \"number\", \"order\": 10.0, \"title\": \"totalamt\", \"value\": {\"type\": \"number\", \"requiredFlag\": true}, \"isLeaf\": true, \"entityType\": \"componentConfig\", \"childrenSet\": false, \"hasChildren\": false, \"dataElementType\": \"number\", \"encryption_required\": false}, {\"id\": \"b0356535-fb64-43e9-8992-9d77cb237d2d\", \"key\": \"/get-invoices-by-stateAPIServerResponse/200/invoices[]/responseHeaders\", \"type\": \"object\", \"order\": 11.0, \"title\": \"responseHeaders\", \"value\": {\"type\": \"object\", \"requiredFlag\": false}, \"isLeaf\": false, \"children\": [{\"id\": \"b0356535-fb64-43e9-8992-9d77cb237d2d\", \"key\": \"/get-invoices-by-stateAPIServerResponse/200/invoices[]/responseHeaders/Transfer-Encoding\", \"type\": \"string\", \"order\": 12.0, \"title\": \"Transfer-Encoding\", \"value\": {\"type\": \"string\", \"requiredFlag\": false}, \"isLeaf\": true, \"entityType\": \"componentConfig\", \"childrenSet\": false, \"hasChildren\": false, \"dataElementType\": \"string\", \"encryption_required\": false}, {\"id\": \"b0356535-fb64-43e9-8992-9d77cb237d2d\", \"key\": \"/get-invoices-by-stateAPIServerResponse/200/invoices[]/responseHeaders/Retry-After\", \"type\": \"string\", \"order\": 13.0, \"title\": \"Retry-After\", \"value\": {\"type\": \"string\", \"requiredFlag\": false}, \"isLeaf\": true, \"entityType\": \"componentConfig\", \"childrenSet\": false, \"hasChildren\": false, \"dataElementType\": \"string\", \"encryption_required\": false}, {\"id\": \"b0356535-fb64-43e9-8992-9d77cb237d2d\", \"key\": \"/get-invoices-by-stateAPIServerResponse/200/invoices[]/responseHeaders/Access-Control-Allow-Origin\", \"type\": \"string\", \"order\": 14.0, \"title\": \"Access-Control-Allow-Origin\", \"value\": {\"type\": \"string\", \"requiredFlag\": false}, \"isLeaf\": true, \"entityType\": \"componentConfig\", \"childrenSet\": false, \"hasChildren\": false, \"dataElementType\": \"string\", \"encryption_required\": false}, {\"id\": \"b0356535-fb64-43e9-8992-9d77cb237d2d\", \"key\": \"/get-invoices-by-stateAPIServerResponse/200/invoices[]/responseHeaders/ETag\", \"type\": \"string\", \"order\": 15.0, \"title\": \"ETag\", \"value\": {\"type\": \"string\", \"requiredFlag\": false}, \"isLeaf\": true, \"entityType\": \"componentConfig\", \"childrenSet\": false, \"hasChildren\": false, \"dataElementType\": \"string\", \"encryption_required\": false}, {\"id\": \"b0356535-fb64-43e9-8992-9d77cb237d2d\", \"key\": \"/get-invoices-by-stateAPIServerResponse/200/invoices[]/responseHeaders/Content-Encoding\", \"type\": \"string\", \"order\": 16.0, \"title\": \"Content-Encoding\", \"value\": {\"type\": \"string\", \"requiredFlag\": false}, \"isLeaf\": true, \"entityType\": \"componentConfig\", \"childrenSet\": false, \"hasChildren\": false, \"dataElementType\": \"string\", \"encryption_required\": false}, {\"id\": \"b0356535-fb64-43e9-8992-9d77cb237d2d\", \"key\": \"/get-invoices-by-stateAPIServerResponse/200/invoices[]/responseHeaders/Set-Cookie\", \"type\": \"string\", \"order\": 17.0, \"title\": \"Set-Cookie\", \"value\": {\"type\": \"string\", \"requiredFlag\": false}, \"isLeaf\": true, \"entityType\": \"componentConfig\", \"childrenSet\": false, \"hasChildren\": false, \"dataElementType\": \"string\", \"encryption_required\": false}, {\"id\": \"b0356535-fb64-43e9-8992-9d77cb237d2d\", \"key\": \"/get-invoices-by-stateAPIServerResponse/200/invoices[]/responseHeaders/Expires\", \"type\": \"string\", \"order\": 18.0, \"title\": \"Expires\", \"value\": {\"type\": \"string\", \"requiredFlag\": false}, \"isLeaf\": true, \"entityType\": \"componentConfig\", \"childrenSet\": false, \"hasChildren\": false, \"dataElementType\": \"string\", \"encryption_required\": false}, {\"id\": \"b0356535-fb64-43e9-8992-9d77cb237d2d\", \"key\": \"/get-invoices-by-stateAPIServerResponse/200/invoices[]/responseHeaders/Last-Modified\", \"type\": \"string\", \"order\": 19.0, \"title\": \"Last-Modified\", \"value\": {\"type\": \"string\", \"requiredFlag\": false}, \"isLeaf\": true, \"entityType\": \"componentConfig\", \"childrenSet\": false, \"hasChildren\": false, \"dataElementType\": \"string\", \"encryption_required\": false}, {\"id\": \"b0356535-fb64-43e9-8992-9d77cb237d2d\", \"key\": \"/get-invoices-by-stateAPIServerResponse/200/invoices[]/responseHeaders/Content-Language\", \"type\": \"string\", \"order\": 20.0, \"title\": \"Content-Language\", \"value\": {\"type\": \"string\", \"requiredFlag\": false}, \"isLeaf\": true, \"entityType\": \"componentConfig\", \"childrenSet\": false, \"hasChildren\": false, \"dataElementType\": \"string\", \"encryption_required\": false}, {\"id\": \"b0356535-fb64-43e9-8992-9d77cb237d2d\", \"key\": \"/get-invoices-by-stateAPIServerResponse/200/invoices[]/responseHeaders/Allow\", \"type\": \"string\", \"order\": 21.0, \"title\": \"Allow\", \"value\": {\"type\": \"string\", \"requiredFlag\": false}, \"isLeaf\": true, \"entityType\": \"componentConfig\", \"childrenSet\": false, \"hasChildren\": false, \"dataElementType\": \"string\", \"encryption_required\": false}, {\"id\": \"b0356535-fb64-43e9-8992-9d77cb237d2d\", \"key\": \"/get-invoices-by-stateAPIServerResponse/200/invoices[]/responseHeaders/Content-Type\", \"type\": \"string\", \"order\": 22.0, \"title\": \"Content-Type\", \"value\": {\"type\": \"string\", \"requiredFlag\": false}, \"isLeaf\": true, \"entityType\": \"componentConfig\", \"childrenSet\": false, \"hasChildren\": false, \"dataElementType\": \"string\", \"encryption_required\": false}, {\"id\": \"b0356535-fb64-43e9-8992-9d77cb237d2d\", \"key\": \"/get-invoices-by-stateAPIServerResponse/200/invoices[]/responseHeaders/Location\", \"type\": \"string\", \"order\": 23.0, \"title\": \"Location\", \"value\": {\"type\": \"string\", \"requiredFlag\": false}, \"isLeaf\": true, \"entityType\": \"componentConfig\", \"childrenSet\": false, \"hasChildren\": false, \"dataElementType\": \"string\", \"encryption_required\": false}], \"entityType\": \"componentConfig\", \"childrenSet\": false, \"hasChildren\": false, \"dataElementType\": \"document\", \"encryption_required\": false}], \"entityType\": \"componentConfig\", \"childrenSet\": false, \"hasChildren\": false, \"dataElementType\": \"documentArray\", \"encryption_required\": false}, {\"id\": \"b0356535-fb64-43e9-8992-9d77cb237d2d\", \"key\": \"/get-invoices-by-stateAPIServerResponse/200/grandTotal\", \"type\": \"number\", \"order\": 24.0, \"title\": \"grandTotal\", \"value\": {\"type\": \"number\", \"requiredFlag\": false}, \"isLeaf\": true, \"entityType\": \"componentConfig\", \"childrenSet\": false, \"hasChildren\": false, \"dataElementType\": \"number\", \"encryption_required\": false}, {\"id\": \"b0356535-fb64-43e9-8992-9d77cb237d2d\", \"key\": \"/get-invoices-by-stateAPIServerResponse/200/currency\", \"type\": \"string\", \"order\": 25.0, \"title\": \"currency\", \"value\": {\"type\": \"string\", \"requiredFlag\": false}, \"isLeaf\": true, \"entityType\": \"componentConfig\", \"childrenSet\": false, \"hasChildren\": false, \"dataElementType\": \"string\", \"encryption_required\": false}, {\"id\": \"b0356535-fb64-43e9-8992-9d77cb237d2d\", \"key\": \"/get-invoices-by-stateAPIServerResponse/200/responseHeaders\", \"type\": \"object\", \"order\": 26.0, \"title\": \"responseHeaders\", \"value\": {\"type\": \"object\", \"requiredFlag\": false}, \"isLeaf\": false, \"children\": [{\"id\": \"b0356535-fb64-43e9-8992-9d77cb237d2d\", \"key\": \"/get-invoices-by-stateAPIServerResponse/200/responseHeaders/Transfer-Encoding\", \"type\": \"string\", \"order\": 27.0, \"title\": \"Transfer-Encoding\", \"value\": {\"type\": \"string\", \"requiredFlag\": false}, \"isLeaf\": true, \"entityType\": \"componentConfig\", \"childrenSet\": false, \"hasChildren\": false, \"dataElementType\": \"string\", \"encryption_required\": false}, {\"id\": \"b0356535-fb64-43e9-8992-9d77cb237d2d\", \"key\": \"/get-invoices-by-stateAPIServerResponse/200/responseHeaders/Retry-After\", \"type\": \"string\", \"order\": 28.0, \"title\": \"Retry-After\", \"value\": {\"type\": \"string\", \"requiredFlag\": false}, \"isLeaf\": true, \"entityType\": \"componentConfig\", \"childrenSet\": false, \"hasChildren\": false, \"dataElementType\": \"string\", \"encryption_required\": false}, {\"id\": \"b0356535-fb64-43e9-8992-9d77cb237d2d\", \"key\": \"/get-invoices-by-stateAPIServerResponse/200/responseHeaders/Access-Control-Allow-Origin\", \"type\": \"string\", \"order\": 29.0, \"title\": \"Access-Control-Allow-Origin\", \"value\": {\"type\": \"string\", \"requiredFlag\": false}, \"isLeaf\": true, \"entityType\": \"componentConfig\", \"childrenSet\": false, \"hasChildren\": false, \"dataElementType\": \"string\", \"encryption_required\": false}, {\"id\": \"b0356535-fb64-43e9-8992-9d77cb237d2d\", \"key\": \"/get-invoices-by-stateAPIServerResponse/200/responseHeaders/ETag\", \"type\": \"string\", \"order\": 30.0, \"title\": \"ETag\", \"value\": {\"type\": \"string\", \"requiredFlag\": false}, \"isLeaf\": true, \"entityType\": \"componentConfig\", \"childrenSet\": false, \"hasChildren\": false, \"dataElementType\": \"string\", \"encryption_required\": false}, {\"id\": \"b0356535-fb64-43e9-8992-9d77cb237d2d\", \"key\": \"/get-invoices-by-stateAPIServerResponse/200/responseHeaders/Content-Encoding\", \"type\": \"string\", \"order\": 31.0, \"title\": \"Content-Encoding\", \"value\": {\"type\": \"string\", \"requiredFlag\": false}, \"isLeaf\": true, \"entityType\": \"componentConfig\", \"childrenSet\": false, \"hasChildren\": false, \"dataElementType\": \"string\", \"encryption_required\": false}, {\"id\": \"b0356535-fb64-43e9-8992-9d77cb237d2d\", \"key\": \"/get-invoices-by-stateAPIServerResponse/200/responseHeaders/Set-Cookie\", \"type\": \"string\", \"order\": 32.0, \"title\": \"Set-Cookie\", \"value\": {\"type\": \"string\", \"requiredFlag\": false}, \"isLeaf\": true, \"entityType\": \"componentConfig\", \"childrenSet\": false, \"hasChildren\": false, \"dataElementType\": \"string\", \"encryption_required\": false}, {\"id\": \"b0356535-fb64-43e9-8992-9d77cb237d2d\", \"key\": \"/get-invoices-by-stateAPIServerResponse/200/responseHeaders/Expires\", \"type\": \"string\", \"order\": 33.0, \"title\": \"Expires\", \"value\": {\"type\": \"string\", \"requiredFlag\": false}, \"isLeaf\": true, \"entityType\": \"componentConfig\", \"childrenSet\": false, \"hasChildren\": false, \"dataElementType\": \"string\", \"encryption_required\": false}, {\"id\": \"b0356535-fb64-43e9-8992-9d77cb237d2d\", \"key\": \"/get-invoices-by-stateAPIServerResponse/200/responseHeaders/Last-Modified\", \"type\": \"string\", \"order\": 34.0, \"title\": \"Last-Modified\", \"value\": {\"type\": \"string\", \"requiredFlag\": false}, \"isLeaf\": true, \"entityType\": \"componentConfig\", \"childrenSet\": false, \"hasChildren\": false, \"dataElementType\": \"string\", \"encryption_required\": false}, {\"id\": \"b0356535-fb64-43e9-8992-9d77cb237d2d\", \"key\": \"/get-invoices-by-stateAPIServerResponse/200/responseHeaders/Content-Language\", \"type\": \"string\", \"order\": 35.0, \"title\": \"Content-Language\", \"value\": {\"type\": \"string\", \"requiredFlag\": false}, \"isLeaf\": true, \"entityType\": \"componentConfig\", \"childrenSet\": false, \"hasChildren\": false, \"dataElementType\": \"string\", \"encryption_required\": false}, {\"id\": \"b0356535-fb64-43e9-8992-9d77cb237d2d\", \"key\": \"/get-invoices-by-stateAPIServerResponse/200/responseHeaders/Allow\", \"type\": \"string\", \"order\": 36.0, \"title\": \"Allow\", \"value\": {\"type\": \"string\", \"requiredFlag\": false}, \"isLeaf\": true, \"entityType\": \"componentConfig\", \"childrenSet\": false, \"hasChildren\": false, \"dataElementType\": \"string\", \"encryption_required\": false}, {\"id\": \"b0356535-fb64-43e9-8992-9d77cb237d2d\", \"key\": \"/get-invoices-by-stateAPIServerResponse/200/responseHeaders/Content-Type\", \"type\": \"string\", \"order\": 37.0, \"title\": \"Content-Type\", \"value\": {\"type\": \"string\", \"requiredFlag\": false}, \"isLeaf\": true, \"entityType\": \"componentConfig\", \"childrenSet\": false, \"hasChildren\": false, \"dataElementType\": \"string\", \"encryption_required\": false}, {\"id\": \"b0356535-fb64-43e9-8992-9d77cb237d2d\", \"key\": \"/get-invoices-by-stateAPIServerResponse/200/responseHeaders/Location\", \"type\": \"string\", \"order\": 38.0, \"title\": \"Location\", \"value\": {\"type\": \"string\", \"requiredFlag\": false}, \"isLeaf\": true, \"entityType\": \"componentConfig\", \"childrenSet\": false, \"hasChildren\": false, \"dataElementType\": \"string\", \"encryption_required\": false}], \"entityType\": \"componentConfig\", \"childrenSet\": false, \"hasChildren\": false, \"dataElementType\": \"document\", \"encryption_required\": false}], \"entityType\": \"componentConfig\", \"childrenSet\": false, \"hasChildren\": false, \"dataElementType\": \"document\", \"encryption_required\": false}, {\"key\": \"/get-invoices-by-stateAPIServerResponse/400\", \"type\": \"object\", \"order\": 1.0, \"title\": \"400\", \"value\": {\"type\": \"object\"}, \"children\": [{\"id\": \"b0356535-fb64-43e9-8992-9d77cb237d2d\", \"key\": \"/get-invoices-by-stateAPIServerResponse/400/errorMessage\", \"type\": \"string\", \"order\": 1.0, \"title\": \"errorMessage\", \"value\": {\"type\": \"string\", \"requiredFlag\": false}, \"isLeaf\": true, \"entityType\": \"componentConfig\", \"childrenSet\": false, \"hasChildren\": false, \"dataElementType\": \"string\", \"encryption_required\": false}, {\"id\": \"b0356535-fb64-43e9-8992-9d77cb237d2d\", \"key\": \"/get-invoices-by-stateAPIServerResponse/400/responseHeaders\", \"type\": \"object\", \"order\": 2.0, \"title\": \"responseHeaders\", \"value\": {\"type\": \"object\", \"requiredFlag\": false}, \"isLeaf\": false, \"children\": [{\"id\": \"b0356535-fb64-43e9-8992-9d77cb237d2d\", \"key\": \"/get-invoices-by-stateAPIServerResponse/400/responseHeaders/Transfer-Encoding\", \"type\": \"string\", \"order\": 3.0, \"title\": \"Transfer-Encoding\", \"value\": {\"type\": \"string\", \"requiredFlag\": false}, \"isLeaf\": true, \"entityType\": \"componentConfig\", \"childrenSet\": false, \"hasChildren\": false, \"dataElementType\": \"string\", \"encryption_required\": false}, {\"id\": \"b0356535-fb64-43e9-8992-9d77cb237d2d\", \"key\": \"/get-invoices-by-stateAPIServerResponse/400/responseHeaders/Retry-After\", \"type\": \"string\", \"order\": 4.0, \"title\": \"Retry-After\", \"value\": {\"type\": \"string\", \"requiredFlag\": false}, \"isLeaf\": true, \"entityType\": \"componentConfig\", \"childrenSet\": false, \"hasChildren\": false, \"dataElementType\": \"string\", \"encryption_required\": false}, {\"id\": \"b0356535-fb64-43e9-8992-9d77cb237d2d\", \"key\": \"/get-invoices-by-stateAPIServerResponse/400/responseHeaders/Access-Control-Allow-Origin\", \"type\": \"string\", \"order\": 5.0, \"title\": \"Access-Control-Allow-Origin\", \"value\": {\"type\": \"string\", \"requiredFlag\": false}, \"isLeaf\": true, \"entityType\": \"componentConfig\", \"childrenSet\": false, \"hasChildren\": false, \"dataElementType\": \"string\", \"encryption_required\": false}, {\"id\": \"b0356535-fb64-43e9-8992-9d77cb237d2d\", \"key\": \"/get-invoices-by-stateAPIServerResponse/400/responseHeaders/ETag\", \"type\": \"string\", \"order\": 6.0, \"title\": \"ETag\", \"value\": {\"type\": \"string\", \"requiredFlag\": false}, \"isLeaf\": true, \"entityType\": \"componentConfig\", \"childrenSet\": false, \"hasChildren\": false, \"dataElementType\": \"string\", \"encryption_required\": false}, {\"id\": \"b0356535-fb64-43e9-8992-9d77cb237d2d\", \"key\": \"/get-invoices-by-stateAPIServerResponse/400/responseHeaders/Content-Encoding\", \"type\": \"string\", \"order\": 7.0, \"title\": \"Content-Encoding\", \"value\": {\"type\": \"string\", \"requiredFlag\": false}, \"isLeaf\": true, \"entityType\": \"componentConfig\", \"childrenSet\": false, \"hasChildren\": false, \"dataElementType\": \"string\", \"encryption_required\": false}, {\"id\": \"b0356535-fb64-43e9-8992-9d77cb237d2d\", \"key\": \"/get-invoices-by-stateAPIServerResponse/400/responseHeaders/Set-Cookie\", \"type\": \"string\", \"order\": 8.0, \"title\": \"Set-Cookie\", \"value\": {\"type\": \"string\", \"requiredFlag\": false}, \"isLeaf\": true, \"entityType\": \"componentConfig\", \"childrenSet\": false, \"hasChildren\": false, \"dataElementType\": \"string\", \"encryption_required\": false}, {\"id\": \"b0356535-fb64-43e9-8992-9d77cb237d2d\", \"key\": \"/get-invoices-by-stateAPIServerResponse/400/responseHeaders/Expires\", \"type\": \"string\", \"order\": 9.0, \"title\": \"Expires\", \"value\": {\"type\": \"string\", \"requiredFlag\": false}, \"isLeaf\": true, \"entityType\": \"componentConfig\", \"childrenSet\": false, \"hasChildren\": false, \"dataElementType\": \"string\", \"encryption_required\": false}, {\"id\": \"b0356535-fb64-43e9-8992-9d77cb237d2d\", \"key\": \"/get-invoices-by-stateAPIServerResponse/400/responseHeaders/Last-Modified\", \"type\": \"string\", \"order\": 10.0, \"title\": \"Last-Modified\", \"value\": {\"type\": \"string\", \"requiredFlag\": false}, \"isLeaf\": true, \"entityType\": \"componentConfig\", \"childrenSet\": false, \"hasChildren\": false, \"dataElementType\": \"string\", \"encryption_required\": false}, {\"id\": \"b0356535-fb64-43e9-8992-9d77cb237d2d\", \"key\": \"/get-invoices-by-stateAPIServerResponse/400/responseHeaders/Content-Language\", \"type\": \"string\", \"order\": 11.0, \"title\": \"Content-Language\", \"value\": {\"type\": \"string\", \"requiredFlag\": false}, \"isLeaf\": true, \"entityType\": \"componentConfig\", \"childrenSet\": false, \"hasChildren\": false, \"dataElementType\": \"string\", \"encryption_required\": false}, {\"id\": \"b0356535-fb64-43e9-8992-9d77cb237d2d\", \"key\": \"/get-invoices-by-stateAPIServerResponse/400/responseHeaders/Allow\", \"type\": \"string\", \"order\": 12.0, \"title\": \"Allow\", \"value\": {\"type\": \"string\", \"requiredFlag\": false}, \"isLeaf\": true, \"entityType\": \"componentConfig\", \"childrenSet\": false, \"hasChildren\": false, \"dataElementType\": \"string\", \"encryption_required\": false}, {\"id\": \"b0356535-fb64-43e9-8992-9d77cb237d2d\", \"key\": \"/get-invoices-by-stateAPIServerResponse/400/responseHeaders/Content-Type\", \"type\": \"string\", \"order\": 13.0, \"title\": \"Content-Type\", \"value\": {\"type\": \"string\", \"requiredFlag\": false}, \"isLeaf\": true, \"entityType\": \"componentConfig\", \"childrenSet\": false, \"hasChildren\": false, \"dataElementType\": \"string\", \"encryption_required\": false}, {\"id\": \"b0356535-fb64-43e9-8992-9d77cb237d2d\", \"key\": \"/get-invoices-by-stateAPIServerResponse/400/responseHeaders/Location\", \"type\": \"string\", \"order\": 14.0, \"title\": \"Location\", \"value\": {\"type\": \"string\", \"requiredFlag\": false}, \"isLeaf\": true, \"entityType\": \"componentConfig\", \"childrenSet\": false, \"hasChildren\": false, \"dataElementType\": \"string\", \"encryption_required\": false}], \"entityType\": \"componentConfig\", \"childrenSet\": false, \"hasChildren\": false, \"dataElementType\": \"document\", \"encryption_required\": false}], \"entityType\": \"componentConfig\", \"childrenSet\": false, \"hasChildren\": false, \"dataElementType\": \"document\", \"encryption_required\": false}, {\"key\": \"/get-invoices-by-stateAPIServerResponse/default\", \"type\": \"object\", \"order\": 1.0, \"title\": \"default\", \"value\": {\"type\": \"object\"}, \"children\": [{\"id\": \"b0356535-fb64-43e9-8992-9d77cb237d2d\", \"key\": \"/get-invoices-by-stateAPIServerResponse/default/responseHeaders\", \"type\": \"object\", \"order\": 1.0, \"title\": \"responseHeaders\", \"value\": {\"type\": \"object\", \"requiredFlag\": false}, \"isLeaf\": false, \"children\": [{\"id\": \"b0356535-fb64-43e9-8992-9d77cb237d2d\", \"key\": \"/get-invoices-by-stateAPIServerResponse/default/responseHeaders/Transfer-Encoding\", \"type\": \"string\", \"order\": 2.0, \"title\": \"Transfer-Encoding\", \"value\": {\"type\": \"string\", \"requiredFlag\": false}, \"isLeaf\": true, \"entityType\": \"componentConfig\", \"childrenSet\": false, \"hasChildren\": false, \"dataElementType\": \"string\", \"encryption_required\": false}, {\"id\": \"b0356535-fb64-43e9-8992-9d77cb237d2d\", \"key\": \"/get-invoices-by-stateAPIServerResponse/default/responseHeaders/Retry-After\", \"type\": \"string\", \"order\": 3.0, \"title\": \"Retry-After\", \"value\": {\"type\": \"string\", \"requiredFlag\": false}, \"isLeaf\": true, \"entityType\": \"componentConfig\", \"childrenSet\": false, \"hasChildren\": false, \"dataElementType\": \"string\", \"encryption_required\": false}, {\"id\": \"b0356535-fb64-43e9-8992-9d77cb237d2d\", \"key\": \"/get-invoices-by-stateAPIServerResponse/default/responseHeaders/Access-Control-Allow-Origin\", \"type\": \"string\", \"order\": 4.0, \"title\": \"Access-Control-Allow-Origin\", \"value\": {\"type\": \"string\", \"requiredFlag\": false}, \"isLeaf\": true, \"entityType\": \"componentConfig\", \"childrenSet\": false, \"hasChildren\": false, \"dataElementType\": \"string\", \"encryption_required\": false}, {\"id\": \"b0356535-fb64-43e9-8992-9d77cb237d2d\", \"key\": \"/get-invoices-by-stateAPIServerResponse/default/responseHeaders/ETag\", \"type\": \"string\", \"order\": 5.0, \"title\": \"ETag\", \"value\": {\"type\": \"string\", \"requiredFlag\": false}, \"isLeaf\": true, \"entityType\": \"componentConfig\", \"childrenSet\": false, \"hasChildren\": false, \"dataElementType\": \"string\", \"encryption_required\": false}, {\"id\": \"b0356535-fb64-43e9-8992-9d77cb237d2d\", \"key\": \"/get-invoices-by-stateAPIServerResponse/default/responseHeaders/Content-Encoding\", \"type\": \"string\", \"order\": 6.0, \"title\": \"Content-Encoding\", \"value\": {\"type\": \"string\", \"requiredFlag\": false}, \"isLeaf\": true, \"entityType\": \"componentConfig\", \"childrenSet\": false, \"hasChildren\": false, \"dataElementType\": \"string\", \"encryption_required\": false}, {\"id\": \"b0356535-fb64-43e9-8992-9d77cb237d2d\", \"key\": \"/get-invoices-by-stateAPIServerResponse/default/responseHeaders/Set-Cookie\", \"type\": \"string\", \"order\": 7.0, \"title\": \"Set-Cookie\", \"value\": {\"type\": \"string\", \"requiredFlag\": false}, \"isLeaf\": true, \"entityType\": \"componentConfig\", \"childrenSet\": false, \"hasChildren\": false, \"dataElementType\": \"string\", \"encryption_required\": false}, {\"id\": \"b0356535-fb64-43e9-8992-9d77cb237d2d\", \"key\": \"/get-invoices-by-stateAPIServerResponse/default/responseHeaders/Expires\", \"type\": \"string\", \"order\": 8.0, \"title\": \"Expires\", \"value\": {\"type\": \"string\", \"requiredFlag\": false}, \"isLeaf\": true, \"entityType\": \"componentConfig\", \"childrenSet\": false, \"hasChildren\": false, \"dataElementType\": \"string\", \"encryption_required\": false}, {\"id\": \"b0356535-fb64-43e9-8992-9d77cb237d2d\", \"key\": \"/get-invoices-by-stateAPIServerResponse/default/responseHeaders/Last-Modified\", \"type\": \"string\", \"order\": 9.0, \"title\": \"Last-Modified\", \"value\": {\"type\": \"string\", \"requiredFlag\": false}, \"isLeaf\": true, \"entityType\": \"componentConfig\", \"childrenSet\": false, \"hasChildren\": false, \"dataElementType\": \"string\", \"encryption_required\": false}, {\"id\": \"b0356535-fb64-43e9-8992-9d77cb237d2d\", \"key\": \"/get-invoices-by-stateAPIServerResponse/default/responseHeaders/Content-Language\", \"type\": \"string\", \"order\": 10.0, \"title\": \"Content-Language\", \"value\": {\"type\": \"string\", \"requiredFlag\": false}, \"isLeaf\": true, \"entityType\": \"componentConfig\", \"childrenSet\": false, \"hasChildren\": false, \"dataElementType\": \"string\", \"encryption_required\": false}, {\"id\": \"b0356535-fb64-43e9-8992-9d77cb237d2d\", \"key\": \"/get-invoices-by-stateAPIServerResponse/default/responseHeaders/Allow\", \"type\": \"string\", \"order\": 11.0, \"title\": \"Allow\", \"value\": {\"type\": \"string\", \"requiredFlag\": false}, \"isLeaf\": true, \"entityType\": \"componentConfig\", \"childrenSet\": false, \"hasChildren\": false, \"dataElementType\": \"string\", \"encryption_required\": false}, {\"id\": \"b0356535-fb64-43e9-8992-9d77cb237d2d\", \"key\": \"/get-invoices-by-stateAPIServerResponse/default/responseHeaders/Content-Type\", \"type\": \"string\", \"order\": 12.0, \"title\": \"Content-Type\", \"value\": {\"type\": \"string\", \"requiredFlag\": false}, \"isLeaf\": true, \"entityType\": \"componentConfig\", \"childrenSet\": false, \"hasChildren\": false, \"dataElementType\": \"string\", \"encryption_required\": false}, {\"id\": \"b0356535-fb64-43e9-8992-9d77cb237d2d\", \"key\": \"/get-invoices-by-stateAPIServerResponse/default/responseHeaders/Location\", \"type\": \"string\", \"order\": 13.0, \"title\": \"Location\", \"value\": {\"type\": \"string\", \"requiredFlag\": false}, \"isLeaf\": true, \"entityType\": \"componentConfig\", \"childrenSet\": false, \"hasChildren\": false, \"dataElementType\": \"string\", \"encryption_required\": false}], \"entityType\": \"componentConfig\", \"childrenSet\": false, \"hasChildren\": false, \"dataElementType\": \"document\", \"encryption_required\": false}, {\"id\": \"b0356535-fb64-43e9-8992-9d77cb237d2d\", \"key\": \"/get-invoices-by-stateAPIServerResponse/default/content\", \"type\": \"object\", \"order\": 14.0, \"title\": \"content\", \"value\": {\"type\": \"object\", \"requiredFlag\": false}, \"isLeaf\": false, \"entityType\": \"componentConfig\", \"childrenSet\": false, \"hasChildren\": false, \"dataElementType\": \"object\", \"encryption_required\": false}], \"entityType\": \"componentConfig\", \"childrenSet\": false, \"hasChildren\": false, \"dataElementType\": \"document\", \"encryption_required\": false}], \"entityType\": \"componentConfig\", \"childrenSet\": false, \"hasChildren\": false, \"dataElementType\": \"document\", \"encryption_required\": false}]",
    "null" : false
  },
  "config_plug_id" : null,
  "override_plug" : false,
  "config_java_service_id" : null,
  "service_tag" : "EMPTY",
  "endpoint_tag" : null,
  "config_service_tag" : null,
  "config_imap_tag" : null,
  "config_b2b_document_type_tag" : null,
  "active" : true,
  "parent_component_config_service_tag" : "EMPTY",
  "service_project_id" : "30844f33-d409-4b0e-af83-1e4235a7350b",
  "service_project_tag" : "EMPTY",
  "config_service_project_id" : null,
  "config_service_project_tag" : null,
  "config_imap_project_id" : null,
  "config_imap_project_tag" : null,
  "config_b2b_document_type_project_id" : null,
  "config_b2b_document_type_project_tag" : null,
  "endpoint_project_id" : null,
  "endpoint_project_tag" : null,
  "config_plug_tag" : null,
  "config_plug_project_id" : null,
  "config_plug_project_tag" : null,
  "config_java_service_tag" : null,
  "config_java_service_project_id" : null,
  "config_java_service_project_tag" : null,
  "disabled" : false,
  "config" : {
    "type" : "json",
    "value" : "{\"api\":{\"id\":\"63161521-001b-4254-95b8-f09b196b9de0\",\"name\":\"InvoiceAPI\",\"projectId\":\"30844f33-d409-4b0e-af83-1e4235a7350b\",\"projectName\":\"TM_APIfication\",\"integrationId\":\"d067420f-a884-445d-bd62-777538edb131\",\"entityId\":\"488301a2-b9ad-4a98-bc8a-4301c64c0deb\",\"apiServiceId\":\"b7629515-25f8-425e-90d1-2655a401c16d\"},\"operations\":[{\"id\":\"a7edcf4b-06da-4cbd-9e03-788338e5a816\",\"method\":\"GET\",\"path\":\"/invoices\",\"operationId\":\"Invoice API-1.0.0 get-invoices-by-state\"}]}",
    "null" : false
  },
  "config_b2b_document_type_project_mode_id" : "112c1cb8-4b9e-4d1a-a042-0bd031dc7d05",
  "config_imap_project_mode_id" : "112c1cb8-4b9e-4d1a-a042-0bd031dc7d05",
  "config_java_service_project_mode_id" : "112c1cb8-4b9e-4d1a-a042-0bd031dc7d05",
  "config_plug_project_mode_id" : "112c1cb8-4b9e-4d1a-a042-0bd031dc7d05",
  "config_service_project_mode_id" : "112c1cb8-4b9e-4d1a-a042-0bd031dc7d05",
  "endpoint_project_mode_id" : "112c1cb8-4b9e-4d1a-a042-0bd031dc7d05",
  "service_project_mode_id" : "112c1cb8-4b9e-4d1a-a042-0bd031dc7d05",
  "parent_component_config_service_project_mode_id" : "112c1cb8-4b9e-4d1a-a042-0bd031dc7d05",
  "is_audit" : true,
  "keys_with_order" : null
}