{
  "component_config_id" : "aaccbcf5-2e55-407d-a54b-c808cd95579a",
  "endpoint_config_json" : {
    "type" : "jsonb",
    "value" : "{\"crossRef\": [], \"services\": [], \"multistep\": [], \"operations\": []}",
    "null" : false
  },
  "input_config_json" : {
    "type" : "jsonb",
    "value" : "{\"crossRef\": [], \"services\": [], \"multistep\": [], \"operations\": []}",
    "null" : false
  },
  "output_config_json" : {
    "type" : "jsonb",
    "value" : "{\"crossRef\": [], \"services\": [], \"multistep\": [], \"operations\": [{\"transformer\": {\"id\": \"4de947c1-9466-49d6-8b9b-5e498f8eaf12\", \"name\": \"LIST_APPEND\", \"type\": \"List\", \"query\": null, \"inputs\": [{\"id\": \"df6d9369-2c11-4d29-a438-106af404bc64\", \"root\": true, \"type\": \"list\", \"cached\": false, \"source\": \"/response/invoices[]\", \"target\": \"/LIST_APPEND_INPUT/docList[]\", \"mapNull\": false, \"disabled\": false, \"extractXml\": false, \"extractJson\": false, \"mapEmptyString\": false}, {\"id\": \"06cbcc31-7633-4957-a307-f5681384ee8c\", \"root\": true, \"type\": \"map\", \"cached\": false, \"source\": \"/invoice\", \"target\": \"/LIST_APPEND_INPUT/docIn\", \"mapNull\": false, \"disabled\": false, \"extractXml\": false, \"extractJson\": false, \"mapEmptyString\": false}], \"outputs\": [{\"id\": \"eae1e4bf-aa67-46e1-97f2-e39beb6f5612\", \"root\": true, \"type\": \"list\", \"cached\": false, \"source\": \"/LIST_APPEND_OUTPUT/docList[]\", \"target\": \"/response/invoices[]\", \"mapNull\": false, \"disabled\": false, \"extractXml\": false, \"extractJson\": true, \"targetOrder\": 5.0, \"mapEmptyString\": false}], \"tableId\": null, \"configId\": null, \"disabled\": false, \"serviceId\": null, \"expression\": null}}, {\"transformer\": {\"id\": \"a3596445-f2ca-4bca-8463-1b2ca51a91fe\", \"name\": \"MATH_ADD_FLOATS\", \"type\": \"Math\", \"query\": null, \"inputs\": [{\"id\": \"65be7c22-fa84-4083-ae6d-3cabcdee5d24\", \"root\": false, \"type\": \"map\", \"cached\": false, \"source\": \"/response/grandTotal\", \"target\": \"/MATH_ADD_FLOATS_INPUT/num1\", \"mapNull\": false, \"disabled\": false, \"extractXml\": false, \"extractJson\": false, \"mapEmptyString\": false, \"sourceJavaType\": \"java.lang.Float\", \"targetJavaType\": \"java.lang.Float\"}, {\"id\": \"552de803-f11d-4c5d-a06d-0a1b2e20f677\", \"root\": false, \"type\": \"map\", \"cached\": false, \"source\": \"/invoice/totalamt\", \"target\": \"/MATH_ADD_FLOATS_INPUT/num2\", \"mapNull\": false, \"disabled\": false, \"extractXml\": false, \"extractJson\": false, \"mapEmptyString\": false, \"sourceJavaType\": \"java.lang.String\", \"targetJavaType\": \"java.lang.Float\"}], \"outputs\": [{\"id\": \"44774c42-0fce-45df-953f-44d5974a335e\", \"root\": false, \"type\": \"map\", \"cached\": false, \"source\": \"/MATH_ADD_FLOATS_OUTPUT/output\", \"target\": \"/response/grandTotal\", \"mapNull\": false, \"disabled\": false, \"extractXml\": false, \"extractJson\": true, \"targetOrder\": 1.0, \"mapEmptyString\": false, \"sourceJavaType\": \"java.lang.Float\", \"targetJavaType\": \"java.lang.Float\"}], \"tableId\": null, \"configId\": null, \"disabled\": false, \"serviceId\": null, \"expression\": null}}, {\"map\": {\"id\": \"35f55d75-10dc-4706-8071-e56655e65dff\", \"root\": false, \"type\": \"map\", \"cached\": false, \"source\": \"/HTTPSServerGetOutput/queryParams/status\", \"target\": \"/response/status\", \"mapNull\": false, \"disabled\": false, \"extractXml\": false, \"extractJson\": true, \"targetOrder\": 2.0, \"mapEmptyString\": false, \"sourceJavaType\": \"java.lang.String\", \"targetJavaType\": \"java.lang.String\"}}, {\"map\": {\"id\": \"ae95a385-1c62-4de9-bc09-74cab14efb29\", \"root\": false, \"type\": \"map\", \"cached\": false, \"source\": \"/HTTPSServerGetOutput/queryParams/currencycode\", \"target\": \"/response/currency\", \"mapNull\": false, \"disabled\": false, \"extractXml\": false, \"extractJson\": true, \"targetOrder\": 3.0, \"mapEmptyString\": false, \"sourceJavaType\": \"java.lang.String\", \"targetJavaType\": \"java.lang.String\"}}]}",
    "null" : false
  },
  "component_id" : "8ac5fe03-27a2-4e6a-a449-6a8893818223",
  "service_id" : "2f6500cc-ce4a-4805-841a-a02b649127fb",
  "endpoint_id" : null,
  "parent_component_config_id" : "75e774ae-5ff3-43a2-9e57-8590f35c457e",
  "component_config_order" : 6.0,
  "action_id" : "06843b78-eab0-45da-afab-8c8277d7553f",
  "name" : "Append to list",
  "description" : "",
  "override_endpoint" : false,
  "input_structure_json" : {
    "type" : "jsonb",
    "value" : "{\"maps\": [], \"mappedNodes\": [\"/response/invoices[] pipeIn\", \"/LIST_APPEND_INPUT/docList[]0\", \"/invoice pipeIn\", \"/LIST_APPEND_INPUT/docIn0\", \"/LIST_APPEND_OUTPUT/docList[]0\", \"/response/invoices[]pipeOut\", \"/response/grandTotal pipeIn\", \"/MATH_ADD_FLOATS_INPUT/num11\", \"/invoice/totalamt pipeIn\", \"/MATH_ADD_FLOATS_INPUT/num21\", \"/MATH_ADD_FLOATS_OUTPUT/output1\", \"/response/grandTotalpipeOut\", \"/HTTPSServerGetOutput/queryParams/status pipeIn\", \"/response/statuspipeOut\", \"/HTTPSServerGetOutput/queryParams/currencycode pipeIn\", \"/response/currencypipeOut\"]}",
    "null" : false
  },
  "output_structure_json" : {
    "type" : "jsonb",
    "value" : "{\"maps\": [{\"/response/status\": [{\"type\": \"map\", \"source\": {\"path\": \"/HTTPSServerGetOutput/queryParams/status\", \"title\": \"status\", \"dataElementType\": \"string\"}, \"target\": {\"path\": \"/response/status\", \"order\": 2, \"title\": \"status\", \"dataElementType\": \"string\"}, \"extractJson\": true, \"mapCondition\": {\"isConditionSet\": false, \"sourceTreeIndex\": [], \"targetTreeIndex\": [], \"mapConditionFormValue\": {}}}]}, {\"/response/currency\": [{\"type\": \"map\", \"source\": {\"path\": \"/HTTPSServerGetOutput/queryParams/currencycode\", \"title\": \"currencycode\", \"dataElementType\": \"string\"}, \"target\": {\"path\": \"/response/currency\", \"order\": 3, \"title\": \"currency\", \"dataElementType\": \"string\"}, \"extractJson\": true, \"mapCondition\": {\"isConditionSet\": false, \"sourceTreeIndex\": [], \"targetTreeIndex\": [], \"mapConditionFormValue\": {}}}]}], \"tracks\": {}, \"transformer\": [{\"inputs\": {\"/LIST_APPEND_INPUT/docIn\": [{\"type\": \"map\", \"source\": {\"path\": \"/invoice\", \"title\": \"invoice\", \"dataElementType\": \"document\"}, \"target\": {\"path\": \"/LIST_APPEND_INPUT/docIn\", \"title\": \"docIn\", \"dataElementType\": \"document\"}, \"mapCondition\": {\"isConditionSet\": false, \"sourceTreeIndex\": [], \"targetTreeIndex\": [], \"mapConditionFormValue\": {}}}], \"/LIST_APPEND_INPUT/docList[]\": [{\"type\": \"list\", \"source\": {\"path\": \"/response/invoices[]\", \"title\": \"invoices\", \"dataElementType\": \"documentArray\"}, \"target\": {\"path\": \"/LIST_APPEND_INPUT/docList[]\", \"title\": \"docList\", \"dataElementType\": \"documentArray\"}, \"mapCondition\": {\"isConditionSet\": false, \"sourceTreeIndex\": [{\"key\": 1, \"title\": \"response\", \"isLeaf\": false, \"isArray\": false, \"children\": [{\"key\": 2, \"title\": \"invoices[]\", \"isLeaf\": false, \"isArray\": true, \"parentKey\": 1, \"arrayIndex\": null}], \"parentKey\": 0}], \"targetTreeIndex\": [{\"key\": 1, \"title\": \"LIST_APPEND_INPUT\", \"isLeaf\": false, \"isArray\": false, \"children\": [{\"key\": 2, \"title\": \"docList\", \"isLeaf\": false, \"isArray\": true, \"parentKey\": 1, \"arrayIndex\": null}], \"parentKey\": 0}], \"mapConditionFormValue\": {}}}]}, \"outputs\": {\"/response/invoices[]\": [{\"type\": \"list\", \"source\": {\"path\": \"/LIST_APPEND_OUTPUT/docList[]\", \"title\": \"docList\", \"dataElementType\": \"documentArray\"}, \"target\": {\"path\": \"/response/invoices[]\", \"order\": 5, \"title\": \"invoices\", \"dataElementType\": \"documentArray\"}, \"extractJson\": true, \"mapCondition\": {\"isConditionSet\": false, \"sourceTreeIndex\": [{\"key\": 1, \"title\": \"LIST_APPEND_OUTPUT\", \"isLeaf\": false, \"isArray\": false, \"children\": [{\"key\": 2, \"title\": \"docList\", \"isLeaf\": false, \"isArray\": true, \"parentKey\": 1, \"arrayIndex\": null}], \"parentKey\": 0}], \"targetTreeIndex\": [{\"key\": 1, \"title\": \"response\", \"isLeaf\": false, \"isArray\": false, \"children\": [{\"key\": 2, \"title\": \"invoices[]\", \"isLeaf\": false, \"isArray\": true, \"parentKey\": 1, \"arrayIndex\": null}], \"parentKey\": 0}], \"mapConditionFormValue\": {}}}]}, \"functionInfo\": {\"id\": \"f5437179-0ea3-46c8-af0c-12576afcff42\", \"name\": \"AppendList\", \"category\": {\"id\": \"41a97f98-22ec-4738-9b60-e2e3bd2bc1f9\"}, \"internalName\": \"LIST_APPEND\"}}, {\"inputs\": {\"/MATH_ADD_FLOATS_INPUT/num1\": [{\"type\": \"map\", \"source\": {\"path\": \"/response/grandTotal\", \"title\": \"grandTotal\", \"dataElementType\": \"number\"}, \"target\": {\"path\": \"/MATH_ADD_FLOATS_INPUT/num1\", \"title\": \"num1\", \"dataElementType\": \"number\"}, \"mapCondition\": {\"isConditionSet\": false, \"sourceTreeIndex\": [], \"targetTreeIndex\": [], \"mapConditionFormValue\": {}}}], \"/MATH_ADD_FLOATS_INPUT/num2\": [{\"type\": \"map\", \"source\": {\"path\": \"/invoice/totalamt\", \"title\": \"totalamt\", \"dataElementType\": \"string\"}, \"target\": {\"path\": \"/MATH_ADD_FLOATS_INPUT/num2\", \"title\": \"num2\", \"dataElementType\": \"number\"}, \"mapCondition\": {\"isConditionSet\": false, \"sourceTreeIndex\": [], \"targetTreeIndex\": [], \"mapConditionFormValue\": {}}}]}, \"outputs\": {\"/response/grandTotal\": [{\"type\": \"map\", \"source\": {\"path\": \"/MATH_ADD_FLOATS_OUTPUT/output\", \"title\": \"output\", \"dataElementType\": \"number\"}, \"target\": {\"path\": \"/response/grandTotal\", \"order\": 1, \"title\": \"grandTotal\", \"dataElementType\": \"number\"}, \"extractJson\": true, \"mapCondition\": {\"isConditionSet\": false, \"sourceTreeIndex\": [], \"targetTreeIndex\": [], \"mapConditionFormValue\": {}}}]}, \"functionInfo\": {\"id\": \"74ed6c4e-4bcd-450a-9a89-0269f3ec31cf\", \"name\": \"AddFloats\", \"category\": {\"id\": \"18db0fe2-347a-4bac-8a2d-41403773c028\"}, \"internalName\": \"MATH_ADD_FLOATS\"}}]}",
    "null" : false
  },
  "endpoint_structure_json" : {
    "type" : "jsonb",
    "value" : "{\"maps\": []}",
    "null" : false
  },
  "is_error" : false,
  "no_of_errors" : 0,
  "action_input_type" : null,
  "config_service_id" : null,
  "config_imap_id" : null,
  "config_b2b_document_type_id" : null,
  "config_document_id" : null,
  "add_variables" : {
    "type" : "jsonb",
    "value" : "[]",
    "null" : false
  },
  "drop_variables" : {
    "type" : "jsonb",
    "value" : "[]",
    "null" : false
  },
  "plug_input_structure" : null,
  "plug_output_structure" : null,
  "config_plug_id" : null,
  "override_plug" : false,
  "config_java_service_id" : null,
  "service_tag" : "EMPTY",
  "endpoint_tag" : "EMPTY",
  "config_service_tag" : "EMPTY",
  "config_imap_tag" : "EMPTY",
  "config_b2b_document_type_tag" : "EMPTY",
  "active" : true,
  "parent_component_config_service_tag" : "EMPTY",
  "service_project_id" : "c4ce3c37-bf42-4a2c-ad0e-29f8a710e224",
  "service_project_tag" : "EMPTY",
  "config_service_project_id" : null,
  "config_service_project_tag" : "EMPTY",
  "config_imap_project_id" : null,
  "config_imap_project_tag" : "EMPTY",
  "config_b2b_document_type_project_id" : null,
  "config_b2b_document_type_project_tag" : "EMPTY",
  "endpoint_project_id" : null,
  "endpoint_project_tag" : "EMPTY",
  "config_plug_tag" : "EMPTY",
  "config_plug_project_id" : null,
  "config_plug_project_tag" : "EMPTY",
  "config_java_service_tag" : "EMPTY",
  "config_java_service_project_id" : null,
  "config_java_service_project_tag" : "EMPTY",
  "disabled" : false,
  "config" : null,
  "config_b2b_document_type_project_mode_id" : "112c1cb8-4b9e-4d1a-a042-0bd031dc7d05",
  "config_imap_project_mode_id" : "112c1cb8-4b9e-4d1a-a042-0bd031dc7d05",
  "config_java_service_project_mode_id" : "112c1cb8-4b9e-4d1a-a042-0bd031dc7d05",
  "config_plug_project_mode_id" : "112c1cb8-4b9e-4d1a-a042-0bd031dc7d05",
  "config_service_project_mode_id" : "112c1cb8-4b9e-4d1a-a042-0bd031dc7d05",
  "endpoint_project_mode_id" : "112c1cb8-4b9e-4d1a-a042-0bd031dc7d05",
  "service_project_mode_id" : "112c1cb8-4b9e-4d1a-a042-0bd031dc7d05",
  "parent_component_config_service_project_mode_id" : "112c1cb8-4b9e-4d1a-a042-0bd031dc7d05",
  "is_audit" : true,
  "keys_with_order" : null
}