{
  "component_config_id" : "66cb568f-e066-405d-a274-402edb3431d4",
  "endpoint_config_json" : {
    "type" : "jsonb",
    "value" : "{\"crossRef\": [], \"services\": [], \"multistep\": [], \"operations\": []}",
    "null" : false
  },
  "input_config_json" : {
    "type" : "jsonb",
    "value" : "{\"crossRef\": [], \"services\": [], \"multistep\": [], \"operations\": [{\"map\": {\"id\": \"9595074e-a854-4f7c-b0a2-1863c80e100b\", \"root\": false, \"type\": \"map\", \"cached\": false, \"source\": \"/GetInvoicesByStatusOutput/response/resultSet/invoice_totalamt\", \"target\": \"/HTTPSGetInput/queryParams/amount\", \"mapNull\": false, \"disabled\": false, \"extractXml\": false, \"extractJson\": false, \"targetOrder\": 1.0, \"mapEmptyString\": false, \"sourceJavaType\": \"java.lang.Float\", \"targetJavaType\": \"java.lang.String\"}}, {\"map\": {\"id\": \"63afa8a2-8f3a-44fd-8acb-fd32ca8292ca\", \"root\": false, \"type\": \"map\", \"cached\": false, \"source\": \"/GetInvoicesByStatusOutput/response/resultSet/invoice_currency\", \"target\": \"/HTTPSGetInput/queryParams/from\", \"mapNull\": false, \"disabled\": false, \"extractXml\": false, \"extractJson\": false, \"targetOrder\": 1.0, \"mapEmptyString\": false, \"sourceJavaType\": \"java.lang.String\", \"targetJavaType\": \"java.lang.String\"}}, {\"map\": {\"id\": \"eb9d0f9f-51ee-49a4-810f-c68080a06b89\", \"root\": false, \"type\": \"map\", \"cached\": false, \"source\": \"/HTTPSServerGetOutput/queryParams/currencycode\", \"target\": \"/HTTPSGetInput/queryParams/to\", \"mapNull\": false, \"disabled\": false, \"extractXml\": false, \"extractJson\": false, \"targetOrder\": 1.0, \"mapEmptyString\": false, \"sourceJavaType\": \"java.lang.String\", \"targetJavaType\": \"java.lang.String\"}}, {\"map\": {\"id\": \"6f48fdf8-ada9-4047-b673-11329feed859\", \"root\": false, \"type\": \"setValue\", \"cached\": false, \"target\": \"/HTTPSGetInput/basePath\", \"mapNull\": false, \"disabled\": false, \"extractXml\": false, \"extractJson\": false, \"targetOrder\": 3.0, \"targetValue\": \"/convert\", \"mapEmptyString\": false, \"targetJavaType\": \"java.lang.String\", \"variableSubstitution\": false}}]}",
    "null" : false
  },
  "output_config_json" : {
    "type" : "jsonb",
    "value" : "{\"crossRef\": [], \"services\": [], \"multistep\": [], \"operations\": [{\"map\": {\"id\": \"60be4222-5055-4480-9092-a8e2c2e7737c\", \"root\": true, \"type\": \"map\", \"cached\": false, \"source\": \"/HTTPSGetOutput\", \"target\": \"/HTTPSGetOutput\", \"mapNull\": false, \"disabled\": false, \"extractXml\": false, \"extractJson\": false, \"mapEmptyString\": false}}, {\"map\": {\"id\": \"2e1ea0f3-d1d5-4697-97fc-5269d28e8db3\", \"root\": true, \"type\": \"map\", \"cached\": false, \"source\": \"/HTTPSGetOutput/response\", \"target\": \"/currencyConvertResponse\", \"mapNull\": false, \"disabled\": false, \"extractXml\": false, \"extractJson\": true, \"targetOrder\": 1.0, \"mapEmptyString\": false, \"sourceJavaType\": \"java.lang.Object\"}}]}",
    "null" : false
  },
  "component_id" : "1dd81dfd-e452-4eb3-bbd7-bc6f0da00cbd",
  "service_id" : "2f6500cc-ce4a-4805-841a-a02b649127fb",
  "endpoint_id" : "c011ca71-f4fa-4c17-8f3e-31a810dae5d4",
  "parent_component_config_id" : "75e774ae-5ff3-43a2-9e57-8590f35c457e",
  "component_config_order" : 4.0,
  "action_id" : "1b4bc7a2-679b-4779-ad98-79fc11210459",
  "name" : "Convert amount",
  "description" : "",
  "override_endpoint" : false,
  "input_structure_json" : {
    "type" : "jsonb",
    "value" : "{\"maps\": [{\"/HTTPSGetInput/basePath\": [{\"type\": \"setValue\", \"target\": {\"path\": \"/HTTPSGetInput/basePath\", \"order\": 3, \"title\": \"basePath\", \"dataElementType\": \"string\"}, \"values\": [{\"id\": \"761989c0-770e-41ac-af98-8aef5ff9c2c3\", \"key\": \"/HTTPSGetInput/basePath\", \"type\": \"object\", \"order\": 3, \"title\": \"basePath\", \"isLeaf\": false, \"children\": [], \"setValue\": null, \"uiElement\": \"/convert\", \"isSetValue\": false, \"childrenSet\": false, \"hasChildren\": false, \"dataElementType\": \"string\"}], \"mapCondition\": {\"isConditionSet\": false, \"sourceTreeIndex\": [], \"targetTreeIndex\": [], \"mapConditionFormValue\": {}}, \"variableSubstitution\": false, \"overwritePipelineValue\": false}]}, {\"/HTTPSGetInput/queryParams/amount\": [{\"type\": \"map\", \"source\": {\"path\": \"/GetInvoicesByStatusOutput/response/resultSet/invoice_totalamt\", \"title\": \"invoice_totalamt\", \"dataElementType\": \"number\"}, \"target\": {\"path\": \"/HTTPSGetInput/queryParams/amount\", \"order\": 1, \"title\": \"amount\", \"dataElementType\": \"string\"}, \"mapCondition\": {\"isConditionSet\": false, \"sourceTreeIndex\": [], \"targetTreeIndex\": [], \"mapConditionFormValue\": {}}}]}, {\"/HTTPSGetInput/queryParams/from\": [{\"type\": \"map\", \"source\": {\"path\": \"/GetInvoicesByStatusOutput/response/resultSet/invoice_currency\", \"title\": \"invoice_currency\", \"dataElementType\": \"string\"}, \"target\": {\"path\": \"/HTTPSGetInput/queryParams/from\", \"order\": 1, \"title\": \"from\", \"dataElementType\": \"string\"}, \"mapCondition\": {\"isConditionSet\": false, \"sourceTreeIndex\": [], \"targetTreeIndex\": [], \"mapConditionFormValue\": {}}}]}, {\"/HTTPSGetInput/queryParams/to\": [{\"type\": \"map\", \"source\": {\"path\": \"/HTTPSServerGetOutput/queryParams/currencycode\", \"title\": \"currencycode\", \"dataElementType\": \"string\"}, \"target\": {\"path\": \"/HTTPSGetInput/queryParams/to\", \"order\": 1, \"title\": \"to\", \"dataElementType\": \"string\"}, \"mapCondition\": {\"isConditionSet\": false, \"sourceTreeIndex\": [], \"targetTreeIndex\": [], \"mapConditionFormValue\": {}}}]}], \"mappedNodes\": [\"/HTTPSGetOutput\", \"/HTTPSGetOutputpipeOut\", \"/HTTPSGetInput/basePath actionIn\", \"/GetInvoicesByStatusOutput/response/resultSet/invoice_currency pipeIn\", \"/HTTPSGetInput/queryParams/from actionIn\", \"/HTTPSServerGetOutput/queryParams/currencycode pipeIn\", \"/HTTPSGetInput/queryParams/to actionIn\", \"/HTTPSGetOutput/response\", \"/currencyConvertResponsepipeOut\"], \"addVariables\": [{\"id\": \"86285da9-2615-46dc-a659-aaf15accbf73\", \"key\": \"/HTTPSGetInput/queryParams/amount\", \"type\": \"node\", \"order\": 1, \"title\": \"amount\", \"value\": {\"type\": \"string\"}, \"children\": [], \"editAllow\": true, \"dataElementType\": \"string\", \"componentConfigId\": \"66cb568f-e066-405d-a274-402edb3431d4\", \"componentConfigName\": \"HTTPS\"}, {\"id\": \"fbacd42d-4c9f-4d80-843d-518397e9c4f3\", \"key\": \"/HTTPSGetInput/queryParams/from\", \"type\": \"node\", \"order\": 1, \"title\": \"from\", \"value\": {\"type\": \"string\"}, \"children\": [], \"editAllow\": true, \"dataElementType\": \"string\", \"componentConfigId\": \"66cb568f-e066-405d-a274-402edb3431d4\", \"componentConfigName\": \"HTTPS\"}, {\"id\": \"78ab848b-37a5-42fa-98a9-9104cbaad6da\", \"key\": \"/HTTPSGetInput/queryParams/to\", \"type\": \"node\", \"order\": 1, \"title\": \"to\", \"value\": {\"type\": \"string\"}, \"children\": [], \"editAllow\": true, \"dataElementType\": \"string\", \"componentConfigId\": \"66cb568f-e066-405d-a274-402edb3431d4\", \"componentConfigName\": \"HTTPS\"}]}",
    "null" : false
  },
  "output_structure_json" : {
    "type" : "jsonb",
    "value" : "{\"maps\": [{\"/HTTPSGetOutput\": [{\"type\": \"map\", \"source\": {\"path\": \"/HTTPSGetOutput\", \"title\": \"HTTPSGetOutput\", \"dataElementType\": \"document\"}, \"target\": {\"path\": \"/HTTPSGetOutput\", \"alias\": null, \"order\": null, \"title\": \"HTTPSGetOutput\", \"dataElementType\": \"document\"}, \"mapCondition\": {\"mapNull\": null, \"defaultValue\": null, \"isConditionSet\": false, \"mapEmptyString\": null, \"sourceTreeIndex\": [], \"targetTreeIndex\": [], \"mapConditionFormValue\": {\"fields\": null}}}]}, {\"/currencyConvertResponse\": [{\"type\": \"map\", \"source\": {\"path\": \"/HTTPSGetOutput/response\", \"title\": \"response\", \"dataElementType\": \"object\"}, \"target\": {\"path\": \"/currencyConvertResponse\", \"order\": 1, \"title\": \"currencyConvertResponse\", \"dataElementType\": \"document\"}, \"extractJson\": true, \"mapCondition\": {\"isConditionSet\": false, \"sourceTreeIndex\": [], \"targetTreeIndex\": [], \"mapConditionFormValue\": {}}}]}], \"tracks\": {}, \"transformer\": []}",
    "null" : false
  },
  "endpoint_structure_json" : {
    "type" : "jsonb",
    "value" : "{\"maps\": []}",
    "null" : false
  },
  "is_error" : false,
  "no_of_errors" : 0,
  "action_input_type" : null,
  "config_service_id" : null,
  "config_imap_id" : null,
  "config_b2b_document_type_id" : null,
  "config_document_id" : null,
  "add_variables" : {
    "type" : "jsonb",
    "value" : "[{\"id\": \"6b7fd69f-2734-444e-bb5b-201f58082581\", \"key\": \"/currencyConvertResponse\", \"type\": \"node\", \"order\": 1, \"title\": \"currencyConvertResponse\", \"value\": {}, \"children\": [{\"id\": \"aac3e523-756e-43c0-a8e7-f23526d1401f\", \"key\": \"/currencyConvertResponse/success\", \"type\": \"node\", \"order\": 1, \"title\": \"success\", \"value\": {\"type\": \"boolean\"}, \"isLeaf\": true, \"editAllow\": true, \"extractXml\": false, \"childrenSet\": false, \"extractJson\": true, \"hasChildren\": false, \"dataElementType\": \"boolean\", \"componentConfigId\": \"66cb568f-e066-405d-a274-402edb3431d4\"}, {\"id\": \"1307468f-5d2f-4afe-89ce-ae6e6b6dabce\", \"key\": \"/currencyConvertResponse/query\", \"type\": \"node\", \"order\": 2, \"title\": \"query\", \"value\": {\"type\": \"object\"}, \"isLeaf\": false, \"children\": [{\"id\": \"9aee44ae-44bf-4f32-979c-ddba040c89cf\", \"key\": \"/currencyConvertResponse/query/from\", \"type\": \"node\", \"order\": 3, \"title\": \"from\", \"value\": {\"type\": \"string\"}, \"isLeaf\": true, \"editAllow\": true, \"extractXml\": false, \"childrenSet\": false, \"extractJson\": true, \"hasChildren\": false, \"dataElementType\": \"string\", \"componentConfigId\": \"66cb568f-e066-405d-a274-402edb3431d4\"}, {\"id\": \"753c10c3-46ee-4268-9064-690d6675bca3\", \"key\": \"/currencyConvertResponse/query/to\", \"type\": \"node\", \"order\": 4, \"title\": \"to\", \"value\": {\"type\": \"string\"}, \"isLeaf\": true, \"editAllow\": true, \"extractXml\": false, \"childrenSet\": false, \"extractJson\": true, \"hasChildren\": false, \"dataElementType\": \"string\", \"componentConfigId\": \"66cb568f-e066-405d-a274-402edb3431d4\"}, {\"id\": \"8447cd88-7842-451b-928a-03e5bde645a2\", \"key\": \"/currencyConvertResponse/query/amount\", \"type\": \"node\", \"order\": 5, \"title\": \"amount\", \"value\": {\"type\": \"integer\"}, \"isLeaf\": true, \"editAllow\": true, \"extractXml\": false, \"childrenSet\": false, \"extractJson\": true, \"hasChildren\": false, \"dataElementType\": \"integer\", \"componentConfigId\": \"66cb568f-e066-405d-a274-402edb3431d4\"}], \"editAllow\": true, \"extractXml\": false, \"childrenSet\": false, \"extractJson\": true, \"hasChildren\": false, \"dataElementType\": \"document\", \"componentConfigId\": \"66cb568f-e066-405d-a274-402edb3431d4\"}, {\"id\": \"8704dcca-714c-47f6-8846-d523971fd0e5\", \"key\": \"/currencyConvertResponse/info\", \"type\": \"node\", \"order\": 6, \"title\": \"info\", \"value\": {\"type\": \"object\"}, \"isLeaf\": false, \"children\": [{\"id\": \"63aaa273-aa40-40a8-ac08-cba6c24c1d6e\", \"key\": \"/currencyConvertResponse/info/timestamp\", \"type\": \"node\", \"order\": 7, \"title\": \"timestamp\", \"value\": {\"type\": \"integer\"}, \"isLeaf\": true, \"editAllow\": true, \"extractXml\": false, \"childrenSet\": false, \"extractJson\": true, \"hasChildren\": false, \"dataElementType\": \"integer\", \"componentConfigId\": \"66cb568f-e066-405d-a274-402edb3431d4\"}, {\"id\": \"73d2593a-5f23-44c1-969a-7620b110a51b\", \"key\": \"/currencyConvertResponse/info/rate\", \"type\": \"node\", \"order\": 8, \"title\": \"rate\", \"value\": {\"type\": \"number\"}, \"isLeaf\": true, \"editAllow\": true, \"extractXml\": false, \"childrenSet\": false, \"extractJson\": true, \"hasChildren\": false, \"dataElementType\": \"number\", \"componentConfigId\": \"66cb568f-e066-405d-a274-402edb3431d4\"}], \"editAllow\": true, \"extractXml\": false, \"childrenSet\": false, \"extractJson\": true, \"hasChildren\": false, \"dataElementType\": \"document\", \"componentConfigId\": \"66cb568f-e066-405d-a274-402edb3431d4\"}, {\"id\": \"351cb98d-3bce-4921-86bb-d3009d3a8f76\", \"key\": \"/currencyConvertResponse/date\", \"type\": \"node\", \"order\": 9, \"title\": \"date\", \"value\": {\"type\": \"string\"}, \"isLeaf\": true, \"editAllow\": true, \"extractXml\": false, \"childrenSet\": false, \"extractJson\": true, \"hasChildren\": false, \"dataElementType\": \"string\", \"componentConfigId\": \"66cb568f-e066-405d-a274-402edb3431d4\"}, {\"id\": \"3ff15111-97f9-4890-ac9f-a3badb97a9d6\", \"key\": \"/currencyConvertResponse/result\", \"type\": \"node\", \"order\": 10, \"title\": \"result\", \"value\": {\"type\": \"number\"}, \"isLeaf\": true, \"editAllow\": true, \"extractXml\": false, \"childrenSet\": false, \"extractJson\": true, \"hasChildren\": false, \"dataElementType\": \"number\", \"componentConfigId\": \"66cb568f-e066-405d-a274-402edb3431d4\"}], \"editAllow\": true, \"extractXml\": false, \"extractJson\": true, \"dataElementType\": \"document\", \"componentConfigId\": \"66cb568f-e066-405d-a274-402edb3431d4\", \"componentConfigName\": \"HTTPS\"}]",
    "null" : false
  },
  "drop_variables" : {
    "type" : "jsonb",
    "value" : "[]",
    "null" : false
  },
  "plug_input_structure" : null,
  "plug_output_structure" : null,
  "config_plug_id" : null,
  "override_plug" : false,
  "config_java_service_id" : null,
  "service_tag" : "EMPTY",
  "endpoint_tag" : "EMPTY",
  "config_service_tag" : "EMPTY",
  "config_imap_tag" : "EMPTY",
  "config_b2b_document_type_tag" : "EMPTY",
  "active" : true,
  "parent_component_config_service_tag" : "EMPTY",
  "service_project_id" : "c4ce3c37-bf42-4a2c-ad0e-29f8a710e224",
  "service_project_tag" : "EMPTY",
  "config_service_project_id" : null,
  "config_service_project_tag" : "EMPTY",
  "config_imap_project_id" : null,
  "config_imap_project_tag" : "EMPTY",
  "config_b2b_document_type_project_id" : null,
  "config_b2b_document_type_project_tag" : "EMPTY",
  "endpoint_project_id" : "c4ce3c37-bf42-4a2c-ad0e-29f8a710e224",
  "endpoint_project_tag" : "EMPTY",
  "config_plug_tag" : "EMPTY",
  "config_plug_project_id" : null,
  "config_plug_project_tag" : "EMPTY",
  "config_java_service_tag" : "EMPTY",
  "config_java_service_project_id" : null,
  "config_java_service_project_tag" : "EMPTY",
  "disabled" : false,
  "config" : {
    "type" : "json",
    "value" : "{}",
    "null" : false
  },
  "config_b2b_document_type_project_mode_id" : "112c1cb8-4b9e-4d1a-a042-0bd031dc7d05",
  "config_imap_project_mode_id" : "112c1cb8-4b9e-4d1a-a042-0bd031dc7d05",
  "config_java_service_project_mode_id" : "112c1cb8-4b9e-4d1a-a042-0bd031dc7d05",
  "config_plug_project_mode_id" : "112c1cb8-4b9e-4d1a-a042-0bd031dc7d05",
  "config_service_project_mode_id" : "112c1cb8-4b9e-4d1a-a042-0bd031dc7d05",
  "endpoint_project_mode_id" : "112c1cb8-4b9e-4d1a-a042-0bd031dc7d05",
  "service_project_mode_id" : "112c1cb8-4b9e-4d1a-a042-0bd031dc7d05",
  "parent_component_config_service_project_mode_id" : "112c1cb8-4b9e-4d1a-a042-0bd031dc7d05",
  "is_audit" : true,
  "keys_with_order" : null
}