{
  "component_config_id" : "df5624bc-4453-402b-80db-1625a060321e",
  "endpoint_config_json" : {
    "type" : "jsonb",
    "value" : "{\"crossRef\": [], \"services\": [], \"multistep\": [], \"operations\": []}",
    "null" : false
  },
  "input_config_json" : {
    "type" : "jsonb",
    "value" : "{\"crossRef\": [], \"services\": [], \"multistep\": [], \"operations\": [{\"map\": {\"id\": \"f0a9bed3-19cd-495c-bf76-b9e474f91c1e\", \"root\": false, \"type\": \"map\", \"cached\": false, \"source\": \"/HTTPSServerGetOutput/queryParams/status\", \"target\": \"/GetInvoicesByStatusInput/where/where_invoice_status\", \"mapNull\": false, \"disabled\": false, \"extractXml\": false, \"extractJson\": false, \"targetOrder\": 3.0, \"mapEmptyString\": false, \"sourceJavaType\": \"java.lang.String\", \"targetJavaType\": \"java.lang.String\"}}]}",
    "null" : false
  },
  "output_config_json" : {
    "type" : "jsonb",
    "value" : "{\"crossRef\": [], \"services\": [], \"multistep\": [], \"operations\": [{\"map\": {\"id\": \"fdc4f373-8452-4e1a-b418-88c57bc5ea28\", \"root\": true, \"type\": \"map\", \"cached\": false, \"source\": \"/GetInvoicesByStatusOutput\", \"target\": \"/GetInvoicesByStatusOutput\", \"mapNull\": false, \"disabled\": false, \"extractXml\": false, \"extractJson\": false, \"targetOrder\": 1.0, \"mapEmptyString\": false}}]}",
    "null" : false
  },
  "component_id" : "dc16ccf6-67f4-4135-95ca-42e055af53c4",
  "service_id" : "2f6500cc-ce4a-4805-841a-a02b649127fb",
  "endpoint_id" : "6cdc56cb-e423-4835-9abf-49632d38ce52",
  "parent_component_config_id" : null,
  "component_config_order" : 2.0,
  "action_id" : "0a8b5a47-8cb0-4eb5-8b73-7e811ba14a57",
  "name" : "Query invoices by status",
  "description" : "",
  "override_endpoint" : false,
  "input_structure_json" : {
    "type" : "jsonb",
    "value" : "{\"maps\": [{\"/GetInvoicesByStatusInput/where/where_invoice_status\": [{\"type\": \"map\", \"source\": {\"path\": \"/HTTPSServerGetOutput/queryParams/status\", \"title\": \"status\", \"dataElementType\": \"string\"}, \"target\": {\"path\": \"/GetInvoicesByStatusInput/where/where_invoice_status\", \"order\": 3, \"title\": \"invoice_status\", \"dataElementType\": \"string\"}, \"mapCondition\": {\"isConditionSet\": false, \"sourceTreeIndex\": [], \"targetTreeIndex\": [], \"mapConditionFormValue\": {}}}]}], \"mappedNodes\": [\"/HTTPSServerGetOutput/queryParams/status pipeIn\", \"/GetInvoicesByStatusInput/where/where_invoice_status actionIn\"]}",
    "null" : false
  },
  "output_structure_json" : {
    "type" : "jsonb",
    "value" : "{\"maps\": [{\"/GetInvoicesByStatusOutput\": [{\"type\": \"map\", \"source\": {\"path\": \"/GetInvoicesByStatusOutput\", \"title\": \"GetInvoicesByStatusOutput\", \"dataElementType\": \"document\"}, \"target\": {\"path\": \"/GetInvoicesByStatusOutput\", \"order\": 1, \"title\": \"GetInvoicesByStatusOutput\", \"dataElementType\": \"document\"}, \"mapCondition\": {\"isConditionSet\": false, \"sourceTreeIndex\": [], \"targetTreeIndex\": [], \"mapConditionFormValue\": {}}}]}], \"tracks\": {}, \"transformer\": []}",
    "null" : false
  },
  "endpoint_structure_json" : {
    "type" : "jsonb",
    "value" : "{\"maps\": []}",
    "null" : false
  },
  "is_error" : false,
  "no_of_errors" : 0,
  "action_input_type" : null,
  "config_service_id" : null,
  "config_imap_id" : null,
  "config_b2b_document_type_id" : null,
  "config_document_id" : null,
  "add_variables" : {
    "type" : "jsonb",
    "value" : "[{\"id\": \"42798192-ebe5-489a-95c5-11a351d504da\", \"key\": \"/response\", \"type\": \"node\", \"order\": 1, \"title\": \"response\", \"value\": {}, \"children\": [{\"id\": \"0dcedc4d-9199-4cbc-acad-a73906a311ef\", \"key\": \"/response/grandTotal\", \"type\": \"node\", \"order\": 1, \"title\": \"grandTotal\", \"value\": {\"type\": \"number\"}, \"isLeaf\": true, \"editAllow\": true, \"extractXml\": false, \"childrenSet\": false, \"extractJson\": true, \"hasChildren\": false, \"dataElementType\": \"number\", \"componentConfigId\": \"df5624bc-4453-402b-80db-1625a060321e\"}, {\"id\": \"d913b91f-a13c-47c2-b36d-18cdb6b010c5\", \"key\": \"/response/status\", \"type\": \"node\", \"order\": 2, \"title\": \"status\", \"value\": {\"type\": \"string\"}, \"isLeaf\": true, \"editAllow\": true, \"extractXml\": false, \"childrenSet\": false, \"extractJson\": true, \"hasChildren\": false, \"dataElementType\": \"string\", \"componentConfigId\": \"df5624bc-4453-402b-80db-1625a060321e\"}, {\"id\": \"3a551f6b-b743-4a93-a26a-f93ba889e4b5\", \"key\": \"/response/currency\", \"type\": \"node\", \"order\": 3, \"title\": \"currency\", \"value\": {\"type\": \"string\"}, \"isLeaf\": true, \"editAllow\": true, \"extractXml\": false, \"childrenSet\": false, \"extractJson\": true, \"hasChildren\": false, \"dataElementType\": \"string\", \"componentConfigId\": \"df5624bc-4453-402b-80db-1625a060321e\"}, {\"id\": \"544df4ac-31f3-4886-9bb2-a8f6f020d46a\", \"key\": \"/response/success\", \"type\": \"node\", \"order\": 4, \"title\": \"success\", \"value\": {\"type\": \"boolean\"}, \"isLeaf\": true, \"editAllow\": true, \"extractXml\": false, \"childrenSet\": false, \"extractJson\": true, \"hasChildren\": false, \"dataElementType\": \"boolean\", \"componentConfigId\": \"df5624bc-4453-402b-80db-1625a060321e\"}, {\"id\": \"71184642-74f1-4262-8da6-aafaa8b865c3\", \"key\": \"/response/invoices[]\", \"type\": \"node\", \"order\": 5, \"title\": \"invoices\", \"value\": {\"type\": \"array\"}, \"isLeaf\": false, \"children\": [{\"id\": \"8b090228-7181-4cf3-a315-825680d24175\", \"key\": \"/response/invoices[]/currency\", \"type\": \"node\", \"order\": 6, \"title\": \"currency\", \"value\": {\"type\": \"string\"}, \"isLeaf\": true, \"editAllow\": true, \"extractXml\": false, \"childrenSet\": false, \"extractJson\": true, \"hasChildren\": false, \"dataElementType\": \"string\", \"componentConfigId\": \"df5624bc-4453-402b-80db-1625a060321e\"}, {\"id\": \"669371f2-eb71-49ec-9d97-18801bfc69b5\", \"key\": \"/response/invoices[]/totalamt\", \"type\": \"node\", \"order\": 7, \"title\": \"totalamt\", \"value\": {\"type\": \"string\"}, \"isLeaf\": true, \"editAllow\": true, \"extractXml\": false, \"childrenSet\": false, \"extractJson\": true, \"hasChildren\": false, \"dataElementType\": \"string\", \"componentConfigId\": \"df5624bc-4453-402b-80db-1625a060321e\"}, {\"id\": \"f3c9d281-5069-49e0-9e04-baa808057fff\", \"key\": \"/response/invoices[]/invnum\", \"type\": \"node\", \"order\": 8, \"title\": \"invnum\", \"value\": {\"type\": \"string\"}, \"isLeaf\": true, \"editAllow\": true, \"extractXml\": false, \"childrenSet\": false, \"extractJson\": true, \"hasChildren\": false, \"dataElementType\": \"string\", \"componentConfigId\": \"df5624bc-4453-402b-80db-1625a060321e\"}, {\"id\": \"bed7f9d2-2a12-42a8-8a95-11a03a66e8f0\", \"key\": \"/response/invoices[]/invdate\", \"type\": \"node\", \"order\": 9, \"title\": \"invdate\", \"value\": {\"type\": \"string\"}, \"isLeaf\": true, \"editAllow\": true, \"extractXml\": false, \"childrenSet\": false, \"extractJson\": true, \"hasChildren\": false, \"dataElementType\": \"string\", \"componentConfigId\": \"df5624bc-4453-402b-80db-1625a060321e\"}, {\"id\": \"d2fd0899-2f29-495b-9ab6-d42e1d12b94c\", \"key\": \"/response/invoices[]/businessname\", \"type\": \"node\", \"order\": 10, \"title\": \"businessname\", \"value\": {\"type\": \"string\"}, \"isLeaf\": true, \"editAllow\": true, \"extractXml\": false, \"childrenSet\": false, \"extractJson\": true, \"hasChildren\": false, \"dataElementType\": \"string\", \"componentConfigId\": \"df5624bc-4453-402b-80db-1625a060321e\"}, {\"id\": \"f2644030-8d59-4a1c-89c9-42dfd43cc1fd\", \"key\": \"/response/invoices[]/billtoname\", \"type\": \"node\", \"order\": 11, \"title\": \"billtoname\", \"value\": {\"type\": \"string\"}, \"isLeaf\": true, \"editAllow\": true, \"extractXml\": false, \"childrenSet\": false, \"extractJson\": true, \"hasChildren\": false, \"dataElementType\": \"string\", \"componentConfigId\": \"df5624bc-4453-402b-80db-1625a060321e\"}, {\"id\": \"e8c7f8e1-c327-471f-bd00-998c579ae585\", \"key\": \"/response/invoices[]/vat\", \"type\": \"node\", \"order\": 12, \"title\": \"vat\", \"value\": {\"type\": \"string\"}, \"isLeaf\": true, \"editAllow\": true, \"extractXml\": false, \"childrenSet\": false, \"extractJson\": true, \"hasChildren\": false, \"dataElementType\": \"string\", \"componentConfigId\": \"df5624bc-4453-402b-80db-1625a060321e\"}], \"editAllow\": true, \"extractXml\": false, \"childrenSet\": false, \"extractJson\": true, \"hasChildren\": false, \"dataElementType\": \"documentArray\", \"componentConfigId\": \"df5624bc-4453-402b-80db-1625a060321e\"}], \"editAllow\": true, \"extractXml\": false, \"extractJson\": true, \"dataElementType\": \"document\", \"componentConfigId\": \"df5624bc-4453-402b-80db-1625a060321e\", \"componentConfigName\": \"SQL\"}]",
    "null" : false
  },
  "drop_variables" : {
    "type" : "jsonb",
    "value" : "[]",
    "null" : false
  },
  "plug_input_structure" : null,
  "plug_output_structure" : null,
  "config_plug_id" : "7c012679-c7e4-4457-b4b5-2b7a1e4dab31",
  "override_plug" : false,
  "config_java_service_id" : null,
  "service_tag" : "EMPTY",
  "endpoint_tag" : "EMPTY",
  "config_service_tag" : "EMPTY",
  "config_imap_tag" : "EMPTY",
  "config_b2b_document_type_tag" : "EMPTY",
  "active" : true,
  "parent_component_config_service_tag" : "EMPTY",
  "service_project_id" : "c4ce3c37-bf42-4a2c-ad0e-29f8a710e224",
  "service_project_tag" : "EMPTY",
  "config_service_project_id" : null,
  "config_service_project_tag" : "EMPTY",
  "config_imap_project_id" : null,
  "config_imap_project_tag" : "EMPTY",
  "config_b2b_document_type_project_id" : null,
  "config_b2b_document_type_project_tag" : "EMPTY",
  "endpoint_project_id" : "c4ce3c37-bf42-4a2c-ad0e-29f8a710e224",
  "endpoint_project_tag" : "EMPTY",
  "config_plug_tag" : "EMPTY",
  "config_plug_project_id" : "c4ce3c37-bf42-4a2c-ad0e-29f8a710e224",
  "config_plug_project_tag" : "EMPTY",
  "config_java_service_tag" : "EMPTY",
  "config_java_service_project_id" : null,
  "config_java_service_project_tag" : "EMPTY",
  "disabled" : false,
  "config" : {
    "type" : "json",
    "value" : "{\"objectId\":null,\"version\":null,\"objectApiId\":null}",
    "null" : false
  },
  "config_b2b_document_type_project_mode_id" : "112c1cb8-4b9e-4d1a-a042-0bd031dc7d05",
  "config_imap_project_mode_id" : "112c1cb8-4b9e-4d1a-a042-0bd031dc7d05",
  "config_java_service_project_mode_id" : "112c1cb8-4b9e-4d1a-a042-0bd031dc7d05",
  "config_plug_project_mode_id" : "112c1cb8-4b9e-4d1a-a042-0bd031dc7d05",
  "config_service_project_mode_id" : "112c1cb8-4b9e-4d1a-a042-0bd031dc7d05",
  "endpoint_project_mode_id" : "112c1cb8-4b9e-4d1a-a042-0bd031dc7d05",
  "service_project_mode_id" : "112c1cb8-4b9e-4d1a-a042-0bd031dc7d05",
  "parent_component_config_service_project_mode_id" : "112c1cb8-4b9e-4d1a-a042-0bd031dc7d05",
  "is_audit" : true,
  "keys_with_order" : null
}