{
  "component_config_id" : "ae044675-a23b-4984-95f4-4e8663e7aa48",
  "endpoint_config_json" : {
    "type" : "jsonb",
    "value" : "{\"crossRef\": [], \"services\": [], \"multistep\": [], \"operations\": []}",
    "null" : false
  },
  "input_config_json" : {
    "type" : "jsonb",
    "value" : "{\"crossRef\": [], \"services\": [], \"multistep\": [], \"operations\": [{\"map\": {\"id\": \"7a2e0171-369d-4356-87c6-395952dd780d\", \"root\": false, \"type\": \"map\", \"cached\": false, \"source\": \"/response\", \"target\": \"/HttpResponseInput/body\", \"mapNull\": false, \"disabled\": false, \"extractXml\": false, \"extractJson\": false, \"targetOrder\": 2.0, \"mapEmptyString\": false, \"targetJavaType\": \"java.lang.String\"}}]}",
    "null" : false
  },
  "output_config_json" : {
    "type" : "jsonb",
    "value" : "{\"crossRef\": [], \"services\": [], \"multistep\": [], \"operations\": []}",
    "null" : false
  },
  "component_id" : "6116e8c7-9c67-4086-a4e5-5b0fa60d9070",
  "service_id" : "2f6500cc-ce4a-4805-841a-a02b649127fb",
  "endpoint_id" : "4114be34-732c-4db4-861f-1e43bb67fc6e",
  "parent_component_config_id" : null,
  "component_config_order" : 1.0,
  "action_id" : "3c8179e3-0fd6-4fcb-a638-2417e4ca6eb8",
  "name" : "Receive request",
  "description" : "",
  "override_endpoint" : false,
  "input_structure_json" : {
    "type" : "jsonb",
    "value" : "{\"maps\": [{\"/HttpResponseInput/body\": [{\"type\": \"map\", \"source\": {\"path\": \"/response\", \"title\": \"response\", \"dataElementType\": \"document\"}, \"target\": {\"path\": \"/HttpResponseInput/body\", \"order\": 2, \"title\": \"body\", \"dataElementType\": \"string\"}, \"mapCondition\": {\"isConditionSet\": false, \"sourceTreeIndex\": [], \"targetTreeIndex\": [], \"mapConditionFormValue\": {}}}]}], \"mappedNodes\": [\"/response pipeIn\", \"/HttpResponseInput/body actionIn\"]}",
    "null" : false
  },
  "output_structure_json" : {
    "type" : "jsonb",
    "value" : "{}",
    "null" : false
  },
  "endpoint_structure_json" : {
    "type" : "jsonb",
    "value" : "{\"maps\": []}",
    "null" : false
  },
  "is_error" : false,
  "no_of_errors" : null,
  "action_input_type" : null,
  "config_service_id" : null,
  "config_imap_id" : null,
  "config_b2b_document_type_id" : null,
  "config_document_id" : null,
  "add_variables" : {
    "type" : "jsonb",
    "value" : "[{\"id\": \"9c7b3a48-6975-4596-bf34-dbfad23ebb58\", \"key\": \"/HTTPSServerGetOutput\", \"type\": \"object\", \"title\": \"HTTPSServerGetOutput\", \"children\": [{\"id\": \"2bb41f83-f824-40d2-b77d-b0ffe1b0ccdc\", \"key\": \"/HTTPSServerGetOutput/pathParams\", \"type\": \"object\", \"title\": \"pathParams\", \"children\": [], \"editAllow\": false, \"childrenSet\": false, \"hasChildren\": true, \"dataElementType\": \"document\"}, {\"id\": \"3f273833-ad47-4b0e-a648-acc3d4a1d78b\", \"key\": \"/HTTPSServerGetOutput/queryParams\", \"type\": \"object\", \"title\": \"queryParams\", \"children\": [{\"key\": \"/HTTPSServerGetOutput/queryParams/status\", \"type\": \"node\", \"order\": 1.0, \"title\": \"status\", \"children\": [], \"editAllow\": false, \"childrenSet\": false, \"hasChildren\": false, \"dataElementType\": \"string\"}, {\"key\": \"/HTTPSServerGetOutput/queryParams/currencycode\", \"type\": \"node\", \"order\": 1.0, \"title\": \"currencycode\", \"children\": [], \"editAllow\": false, \"childrenSet\": false, \"hasChildren\": false, \"dataElementType\": \"string\"}], \"editAllow\": false, \"childrenSet\": false, \"hasChildren\": true, \"dataElementType\": \"document\"}, {\"id\": \"afe79bfa-c42e-4056-81cd-9126188abdc8\", \"key\": \"/HTTPSServerGetOutput/headers\", \"type\": \"object\", \"title\": \"headers\", \"children\": [], \"editAllow\": false, \"childrenSet\": false, \"hasChildren\": true, \"dataElementType\": \"document\"}], \"editAllow\": false, \"childrenSet\": false, \"hasChildren\": true, \"dataElementType\": \"document\"}]",
    "null" : false
  },
  "drop_variables" : {
    "type" : "jsonb",
    "value" : "[]",
    "null" : false
  },
  "plug_input_structure" : null,
  "plug_output_structure" : null,
  "config_plug_id" : null,
  "override_plug" : false,
  "config_java_service_id" : null,
  "service_tag" : "EMPTY",
  "endpoint_tag" : "EMPTY",
  "config_service_tag" : "EMPTY",
  "config_imap_tag" : "EMPTY",
  "config_b2b_document_type_tag" : "EMPTY",
  "active" : true,
  "parent_component_config_service_tag" : "EMPTY",
  "service_project_id" : "c4ce3c37-bf42-4a2c-ad0e-29f8a710e224",
  "service_project_tag" : "EMPTY",
  "config_service_project_id" : null,
  "config_service_project_tag" : "EMPTY",
  "config_imap_project_id" : null,
  "config_imap_project_tag" : "EMPTY",
  "config_b2b_document_type_project_id" : null,
  "config_b2b_document_type_project_tag" : "EMPTY",
  "endpoint_project_id" : "c4ce3c37-bf42-4a2c-ad0e-29f8a710e224",
  "endpoint_project_tag" : "EMPTY",
  "config_plug_tag" : "EMPTY",
  "config_plug_project_id" : null,
  "config_plug_project_tag" : "EMPTY",
  "config_java_service_tag" : "EMPTY",
  "config_java_service_project_id" : null,
  "config_java_service_project_tag" : "EMPTY",
  "disabled" : false,
  "config" : {
    "type" : "json",
    "value" : "{\"resourceParams\":[{\"type\":\"resourceParams\",\"id\":\"0bb5a15d-c6f9-4504-a8e0-09ae3ca626a0\",\"value\":\"au_invoices\",\"order\":10}],\"pathListParams\":[{\"type\":\"pathListParams\",\"id\":\"79a41cf5-f340-492a-a2ee-18dcfc79d2c9\",\"value\":null}],\"queryParams\":[\"status\",\"currencycode\"],\"headers\":[],\"url\":\"https://axway-design.sandbox.ampint.axwaytest.net:9443/au_invoices?status=&currencycode=\",\"resourcePath\":\"/au_invoices?status=&currencycode=\",\"body\":\"\",\"status\":null,\"isAsync\":null,\"contentType\":\"\",\"pathParams\":[]}",
    "null" : false
  },
  "config_b2b_document_type_project_mode_id" : "112c1cb8-4b9e-4d1a-a042-0bd031dc7d05",
  "config_imap_project_mode_id" : "112c1cb8-4b9e-4d1a-a042-0bd031dc7d05",
  "config_java_service_project_mode_id" : "112c1cb8-4b9e-4d1a-a042-0bd031dc7d05",
  "config_plug_project_mode_id" : "112c1cb8-4b9e-4d1a-a042-0bd031dc7d05",
  "config_service_project_mode_id" : "112c1cb8-4b9e-4d1a-a042-0bd031dc7d05",
  "endpoint_project_mode_id" : "112c1cb8-4b9e-4d1a-a042-0bd031dc7d05",
  "service_project_mode_id" : "112c1cb8-4b9e-4d1a-a042-0bd031dc7d05",
  "parent_component_config_service_project_mode_id" : "112c1cb8-4b9e-4d1a-a042-0bd031dc7d05",
  "is_audit" : true,
  "keys_with_order" : null
}