{
  "component_config_id" : "8feef29c-296b-472e-a457-9a3dcadf41d1",
  "endpoint_config_json" : {
    "type" : "jsonb",
    "value" : "{\"crossRef\": [], \"services\": [], \"multistep\": [], \"operations\": []}",
    "null" : false
  },
  "input_config_json" : {
    "type" : "jsonb",
    "value" : "{\"crossRef\": [], \"services\": [], \"multistep\": [], \"operations\": []}",
    "null" : false
  },
  "output_config_json" : {
    "type" : "jsonb",
    "value" : "{\"crossRef\": [], \"services\": [], \"multistep\": [], \"operations\": [{\"transformer\": {\"id\": \"752728d7-c834-4a78-ab37-4010617d3df4\", \"name\": \"MATH_DECIMAL_PRECISION\", \"type\": \"Math\", \"query\": null, \"inputs\": [{\"id\": \"224e7861-82dc-47fe-a4c6-88a088b60566\", \"root\": false, \"type\": \"map\", \"cached\": false, \"source\": \"/currencyConvertResponse/result\", \"target\": \"/MATH_DECIMAL_PRECISION_INPUT/decimal\", \"mapNull\": false, \"disabled\": false, \"extractXml\": false, \"extractJson\": false, \"mapEmptyString\": false, \"sourceJavaType\": \"java.lang.Float\", \"targetJavaType\": \"java.lang.Float\"}, {\"id\": \"8cebbf35-0c06-48ff-8763-c9c39f30f2f8\", \"root\": false, \"type\": \"setValue\", \"cached\": false, \"target\": \"/MATH_DECIMAL_PRECISION_INPUT/precision\", \"mapNull\": false, \"disabled\": false, \"extractXml\": false, \"extractJson\": false, \"targetValue\": \"2\", \"mapEmptyString\": false, \"targetJavaType\": \"java.lang.Float\", \"variableSubstitution\": false}], \"outputs\": [{\"id\": \"00fb817e-bcd6-4461-b0da-d00de230a283\", \"root\": false, \"type\": \"map\", \"cached\": false, \"source\": \"/MATH_DECIMAL_PRECISION_OUTPUT/output\", \"target\": \"/invoiceResponse/totalamt\", \"mapNull\": false, \"disabled\": false, \"extractXml\": false, \"extractJson\": true, \"targetOrder\": 6.0, \"mapEmptyString\": false, \"sourceJavaType\": \"java.lang.Float\", \"targetJavaType\": \"java.lang.String\"}], \"tableId\": null, \"configId\": null, \"disabled\": false, \"serviceId\": null, \"expression\": null}}, {\"map\": {\"id\": \"321c3398-c6c7-4d71-9026-544892275081\", \"root\": false, \"type\": \"map\", \"cached\": false, \"source\": \"/currencyConvertResponse/query/to\", \"target\": \"/invoiceResponse/currency\", \"mapNull\": false, \"disabled\": false, \"extractXml\": false, \"extractJson\": true, \"targetOrder\": 7.0, \"mapEmptyString\": false, \"sourceJavaType\": \"java.lang.String\", \"targetJavaType\": \"java.lang.String\"}}, {\"map\": {\"id\": \"d6a85d4e-fe32-4d96-8e93-f264724e0c10\", \"root\": false, \"type\": \"map\", \"cached\": false, \"source\": \"/GetInvoicesByStatusOutput/response/resultSet/invoice_invnum\", \"target\": \"/invoiceResponse/invnum\", \"mapNull\": false, \"disabled\": false, \"extractXml\": false, \"extractJson\": true, \"targetOrder\": 1.0, \"mapEmptyString\": false, \"sourceJavaType\": \"java.lang.String\", \"targetJavaType\": \"java.lang.String\"}}, {\"map\": {\"id\": \"2ad10b2d-16c6-4d16-b4f0-7c69f3866ca0\", \"root\": false, \"type\": \"map\", \"cached\": false, \"source\": \"/GetInvoicesByStatusOutput/response/resultSet/invoice_invdate\", \"target\": \"/invoiceResponse/invdate\", \"mapNull\": false, \"disabled\": false, \"extractXml\": false, \"extractJson\": true, \"targetOrder\": 2.0, \"mapEmptyString\": false, \"sourceJavaType\": \"java.lang.String\", \"targetJavaType\": \"java.lang.String\"}}, {\"map\": {\"id\": \"ca4f7d9f-f886-4b12-b8c9-6f905afc30ff\", \"root\": false, \"type\": \"map\", \"cached\": false, \"source\": \"/GetInvoicesByStatusOutput/response/resultSet/invoice_businessname\", \"target\": \"/invoiceResponse/businessname\", \"mapNull\": false, \"disabled\": false, \"extractXml\": false, \"extractJson\": true, \"targetOrder\": 3.0, \"mapEmptyString\": false, \"sourceJavaType\": \"java.lang.String\", \"targetJavaType\": \"java.lang.String\"}}, {\"map\": {\"id\": \"653a3afa-37d1-40f4-a327-cbac25c1dc88\", \"root\": false, \"type\": \"map\", \"cached\": false, \"source\": \"/GetInvoicesByStatusOutput/response/resultSet/invoice_billtoname\", \"target\": \"/invoiceResponse/billtoname\", \"mapNull\": false, \"disabled\": false, \"extractXml\": false, \"extractJson\": true, \"targetOrder\": 4.0, \"mapEmptyString\": false, \"sourceJavaType\": \"java.lang.String\", \"targetJavaType\": \"java.lang.String\"}}, {\"map\": {\"id\": \"255a8185-3675-45cb-9a1b-30291a46ddb5\", \"root\": false, \"type\": \"map\", \"cached\": false, \"source\": \"/GetInvoicesByStatusOutput/response/resultSet/invoice_vat\", \"target\": \"/invoiceResponse/vat\", \"mapNull\": false, \"disabled\": false, \"extractXml\": false, \"extractJson\": true, \"targetOrder\": 5.0, \"mapEmptyString\": false, \"sourceJavaType\": \"java.lang.String\", \"targetJavaType\": \"java.lang.String\"}}, {\"map\": {\"id\": \"90b0d1b8-7dfe-4f53-a41c-ecc3a4e74ad2\", \"root\": false, \"type\": \"map\", \"cached\": false, \"source\": \"/GetInvoicesByStatusOutput/response/resultSet/invoice_status\", \"target\": \"/invoiceResponse/status\", \"mapNull\": false, \"disabled\": false, \"extractXml\": false, \"extractJson\": true, \"targetOrder\": 8.0, \"mapEmptyString\": false, \"sourceJavaType\": \"java.lang.String\", \"targetJavaType\": \"java.lang.String\"}}]}",
    "null" : false
  },
  "component_id" : "8ac5fe03-27a2-4e6a-a449-6a8893818223",
  "service_id" : "2f6500cc-ce4a-4805-841a-a02b649127fb",
  "endpoint_id" : null,
  "parent_component_config_id" : "75e774ae-5ff3-43a2-9e57-8590f35c457e",
  "component_config_order" : 5.0,
  "action_id" : "06843b78-eab0-45da-afab-8c8277d7553f",
  "name" : "Response invoice item",
  "description" : "",
  "override_endpoint" : false,
  "input_structure_json" : {
    "type" : "jsonb",
    "value" : "{\"maps\": [], \"mappedNodes\": [\"/currencyConvertResponse/result pipeIn\", \"/MATH_DECIMAL_PRECISION_INPUT/decimal0\", \"/MATH_DECIMAL_PRECISION_INPUT/precision\", \"/MATH_DECIMAL_PRECISION_INPUT\", \"/MATH_DECIMAL_PRECISION_OUTPUT/output0\", \"/invoiceResponse/totalamtpipeOut\", \"/currencyConvertResponse/query/to pipeIn\", \"/invoiceResponse/currencypipeOut\", \"/GetInvoicesByStatusOutput/response/resultSet/invoice_invnum pipeIn\", \"/invoiceResponse/invnumpipeOut\", \"/GetInvoicesByStatusOutput/response/resultSet/invoice_invdate pipeIn\", \"/invoiceResponse/invdatepipeOut\", \"/GetInvoicesByStatusOutput/response/resultSet/invoice_businessname pipeIn\", \"/invoiceResponse/businessnamepipeOut\", \"/GetInvoicesByStatusOutput/response/resultSet/invoice_billtoname pipeIn\", \"/invoiceResponse/billtonamepipeOut\", \"/GetInvoicesByStatusOutput/response/resultSet/invoice_vat pipeIn\", \"/invoiceResponse/vatpipeOut\", \"/GetInvoicesByStatusOutput/response/resultSet/invoice_status pipeIn\", \"/invoiceResponse/statuspipeOut\"]}",
    "null" : false
  },
  "output_structure_json" : {
    "type" : "jsonb",
    "value" : "{\"maps\": [{\"/invoiceResponse/currency\": [{\"type\": \"map\", \"source\": {\"path\": \"/currencyConvertResponse/query/to\", \"title\": \"to\", \"dataElementType\": \"string\"}, \"target\": {\"path\": \"/invoiceResponse/currency\", \"order\": 7, \"title\": \"currency\", \"dataElementType\": \"string\"}, \"extractJson\": true, \"mapCondition\": {\"isConditionSet\": false, \"sourceTreeIndex\": [], \"targetTreeIndex\": [], \"mapConditionFormValue\": {}}}]}, {\"/invoiceResponse/invnum\": [{\"type\": \"map\", \"source\": {\"path\": \"/GetInvoicesByStatusOutput/response/resultSet/invoice_invnum\", \"title\": \"invoice_invnum\", \"dataElementType\": \"string\"}, \"target\": {\"path\": \"/invoiceResponse/invnum\", \"order\": 1, \"title\": \"invnum\", \"dataElementType\": \"string\"}, \"extractJson\": true, \"mapCondition\": {\"isConditionSet\": false, \"sourceTreeIndex\": [], \"targetTreeIndex\": [], \"mapConditionFormValue\": {}}}]}, {\"/invoiceResponse/invdate\": [{\"type\": \"map\", \"source\": {\"path\": \"/GetInvoicesByStatusOutput/response/resultSet/invoice_invdate\", \"title\": \"invoice_invdate\", \"dataElementType\": \"string\"}, \"target\": {\"path\": \"/invoiceResponse/invdate\", \"order\": 2, \"title\": \"invdate\", \"dataElementType\": \"string\"}, \"extractJson\": true, \"mapCondition\": {\"isConditionSet\": false, \"sourceTreeIndex\": [], \"targetTreeIndex\": [], \"mapConditionFormValue\": {}}}]}, {\"/invoiceResponse/businessname\": [{\"type\": \"map\", \"source\": {\"path\": \"/GetInvoicesByStatusOutput/response/resultSet/invoice_businessname\", \"title\": \"invoice_businessname\", \"dataElementType\": \"string\"}, \"target\": {\"path\": \"/invoiceResponse/businessname\", \"order\": 3, \"title\": \"businessname\", \"dataElementType\": \"string\"}, \"extractJson\": true, \"mapCondition\": {\"isConditionSet\": false, \"sourceTreeIndex\": [], \"targetTreeIndex\": [], \"mapConditionFormValue\": {}}}]}, {\"/invoiceResponse/billtoname\": [{\"type\": \"map\", \"source\": {\"path\": \"/GetInvoicesByStatusOutput/response/resultSet/invoice_billtoname\", \"title\": \"invoice_billtoname\", \"dataElementType\": \"string\"}, \"target\": {\"path\": \"/invoiceResponse/billtoname\", \"order\": 4, \"title\": \"billtoname\", \"dataElementType\": \"string\"}, \"extractJson\": true, \"mapCondition\": {\"isConditionSet\": false, \"sourceTreeIndex\": [], \"targetTreeIndex\": [], \"mapConditionFormValue\": {}}}]}, {\"/invoiceResponse/vat\": [{\"type\": \"map\", \"source\": {\"path\": \"/GetInvoicesByStatusOutput/response/resultSet/invoice_vat\", \"title\": \"invoice_vat\", \"dataElementType\": \"string\"}, \"target\": {\"path\": \"/invoiceResponse/vat\", \"order\": 5, \"title\": \"vat\", \"dataElementType\": \"string\"}, \"extractJson\": true, \"mapCondition\": {\"isConditionSet\": false, \"sourceTreeIndex\": [], \"targetTreeIndex\": [], \"mapConditionFormValue\": {}}}]}, {\"/invoiceResponse/status\": [{\"type\": \"map\", \"source\": {\"path\": \"/GetInvoicesByStatusOutput/response/resultSet/invoice_status\", \"title\": \"invoice_status\", \"dataElementType\": \"string\"}, \"target\": {\"path\": \"/invoiceResponse/status\", \"order\": 8, \"title\": \"status\", \"dataElementType\": \"string\"}, \"extractJson\": true, \"mapCondition\": {\"isConditionSet\": false, \"sourceTreeIndex\": [], \"targetTreeIndex\": [], \"mapConditionFormValue\": {}}}]}], \"tracks\": {}, \"transformer\": [{\"inputs\": {\"/MATH_DECIMAL_PRECISION_INPUT/decimal\": [{\"type\": \"map\", \"source\": {\"path\": \"/currencyConvertResponse/result\", \"title\": \"result\", \"dataElementType\": \"number\"}, \"target\": {\"path\": \"/MATH_DECIMAL_PRECISION_INPUT/decimal\", \"title\": \"decimal\", \"dataElementType\": \"number\"}, \"mapCondition\": {\"isConditionSet\": false, \"sourceTreeIndex\": [], \"targetTreeIndex\": [], \"mapConditionFormValue\": {}}}], \"/MATH_DECIMAL_PRECISION_INPUT/precision\": [{\"type\": \"setValue\", \"target\": {\"path\": \"/MATH_DECIMAL_PRECISION_INPUT/precision\", \"order\": \"\", \"title\": \"precision\", \"dataElementType\": \"number\"}, \"values\": [{\"id\": \"f59e2826-1546-4ff6-8dd7-455f7afb7ff3\", \"key\": \"/MATH_DECIMAL_PRECISION_INPUT/precision\", \"type\": \"number\", \"title\": \"precision\", \"isLeaf\": true, \"secret\": false, \"children\": [], \"setValue\": null, \"uiElement\": \"2\", \"isSetValue\": false, \"dataElementType\": \"number\"}], \"mapCondition\": {\"isConditionSet\": false, \"sourceTreeIndex\": [], \"targetTreeIndex\": [], \"mapConditionFormValue\": {}}, \"variableSubstitution\": false, \"overwritePipelineValue\": false}]}, \"outputs\": {\"/invoiceResponse/totalamt\": [{\"type\": \"map\", \"source\": {\"path\": \"/MATH_DECIMAL_PRECISION_OUTPUT/output\", \"title\": \"output\", \"dataElementType\": \"number\"}, \"target\": {\"path\": \"/invoiceResponse/totalamt\", \"order\": 6, \"title\": \"totalamt\", \"dataElementType\": \"string\"}, \"extractJson\": true, \"mapCondition\": {\"isConditionSet\": false, \"sourceTreeIndex\": [], \"targetTreeIndex\": [], \"mapConditionFormValue\": {}}}]}, \"functionInfo\": {\"id\": \"02bb4e00-23e2-4942-bb05-699f807fb05c\", \"name\": \"DecimalPrecision\", \"category\": {\"id\": \"18db0fe2-347a-4bac-8a2d-41403773c028\"}, \"internalName\": \"MATH_DECIMAL_PRECISION\"}}]}",
    "null" : false
  },
  "endpoint_structure_json" : {
    "type" : "jsonb",
    "value" : "{\"maps\": []}",
    "null" : false
  },
  "is_error" : false,
  "no_of_errors" : 0,
  "action_input_type" : null,
  "config_service_id" : null,
  "config_imap_id" : null,
  "config_b2b_document_type_id" : null,
  "config_document_id" : null,
  "add_variables" : {
    "type" : "jsonb",
    "value" : "[{\"id\": \"40e6d757-a366-42ad-8708-28b708d41162\", \"key\": \"/invoiceResponse\", \"type\": \"node\", \"order\": 1, \"title\": \"invoiceResponse\", \"value\": {}, \"children\": [{\"id\": \"f9752521-9258-4c9c-a03e-02fb2f9bd729\", \"key\": \"/invoiceResponse/invnum\", \"type\": \"node\", \"order\": 1, \"title\": \"invnum\", \"value\": {\"type\": \"string\"}, \"isLeaf\": true, \"editAllow\": true, \"extractXml\": false, \"childrenSet\": false, \"extractJson\": true, \"hasChildren\": false, \"dataElementType\": \"string\", \"componentConfigId\": \"8feef29c-296b-472e-a457-9a3dcadf41d1\"}, {\"id\": \"d6e1812f-3130-45c9-86e7-2ea743ad7d00\", \"key\": \"/invoiceResponse/invdate\", \"type\": \"node\", \"order\": 2, \"title\": \"invdate\", \"value\": {\"type\": \"string\"}, \"isLeaf\": true, \"editAllow\": true, \"extractXml\": false, \"childrenSet\": false, \"extractJson\": true, \"hasChildren\": false, \"dataElementType\": \"string\", \"componentConfigId\": \"8feef29c-296b-472e-a457-9a3dcadf41d1\"}, {\"id\": \"505f5b72-551b-4287-a220-e7cfb5a2f84d\", \"key\": \"/invoiceResponse/businessname\", \"type\": \"node\", \"order\": 3, \"title\": \"businessname\", \"value\": {\"type\": \"string\"}, \"isLeaf\": true, \"editAllow\": true, \"extractXml\": false, \"childrenSet\": false, \"extractJson\": true, \"hasChildren\": false, \"dataElementType\": \"string\", \"componentConfigId\": \"8feef29c-296b-472e-a457-9a3dcadf41d1\"}, {\"id\": \"9f088f17-175a-43f7-8251-fcfa24e43c98\", \"key\": \"/invoiceResponse/billtoname\", \"type\": \"node\", \"order\": 4, \"title\": \"billtoname\", \"value\": {\"type\": \"string\"}, \"isLeaf\": true, \"editAllow\": true, \"extractXml\": false, \"childrenSet\": false, \"extractJson\": true, \"hasChildren\": false, \"dataElementType\": \"string\", \"componentConfigId\": \"8feef29c-296b-472e-a457-9a3dcadf41d1\"}, {\"id\": \"ad0263c2-5bcd-4498-a374-d497787c018e\", \"key\": \"/invoiceResponse/vat\", \"type\": \"node\", \"order\": 5, \"title\": \"vat\", \"value\": {\"type\": \"string\"}, \"isLeaf\": true, \"editAllow\": true, \"extractXml\": false, \"childrenSet\": false, \"extractJson\": true, \"hasChildren\": false, \"dataElementType\": \"string\", \"componentConfigId\": \"8feef29c-296b-472e-a457-9a3dcadf41d1\"}, {\"id\": \"08f158a3-c4bc-409d-bec9-59d514bd616f\", \"key\": \"/invoiceResponse/totalamt\", \"type\": \"node\", \"order\": 6, \"title\": \"totalamt\", \"value\": {\"type\": \"string\"}, \"isLeaf\": true, \"editAllow\": true, \"extractXml\": false, \"childrenSet\": false, \"extractJson\": true, \"hasChildren\": false, \"dataElementType\": \"string\", \"componentConfigId\": \"8feef29c-296b-472e-a457-9a3dcadf41d1\"}, {\"id\": \"17b0ebe1-bc59-4c34-96c8-2dcbae828b7d\", \"key\": \"/invoiceResponse/currency\", \"type\": \"node\", \"order\": 7, \"title\": \"currency\", \"value\": {\"type\": \"string\"}, \"isLeaf\": true, \"editAllow\": true, \"extractXml\": false, \"childrenSet\": false, \"extractJson\": true, \"hasChildren\": false, \"dataElementType\": \"string\", \"componentConfigId\": \"8feef29c-296b-472e-a457-9a3dcadf41d1\"}, {\"id\": \"32b41d81-c1e9-4675-8663-8ea180ba7c14\", \"key\": \"/invoiceResponse/status\", \"type\": \"node\", \"order\": 8, \"title\": \"status\", \"value\": {\"type\": \"string\"}, \"isLeaf\": true, \"editAllow\": true, \"extractXml\": false, \"childrenSet\": false, \"extractJson\": true, \"hasChildren\": false, \"dataElementType\": \"string\", \"componentConfigId\": \"8feef29c-296b-472e-a457-9a3dcadf41d1\"}], \"editAllow\": true, \"extractXml\": false, \"extractJson\": true, \"componentName\": \"response invoice item\", \"dataElementType\": \"document\", \"componentConfigId\": \"8feef29c-296b-472e-a457-9a3dcadf41d1\", \"componentConfigName\": \"Map\"}]",
    "null" : false
  },
  "drop_variables" : {
    "type" : "jsonb",
    "value" : "[]",
    "null" : false
  },
  "plug_input_structure" : null,
  "plug_output_structure" : null,
  "config_plug_id" : null,
  "override_plug" : false,
  "config_java_service_id" : null,
  "service_tag" : "EMPTY",
  "endpoint_tag" : "EMPTY",
  "config_service_tag" : "EMPTY",
  "config_imap_tag" : "EMPTY",
  "config_b2b_document_type_tag" : "EMPTY",
  "active" : true,
  "parent_component_config_service_tag" : "EMPTY",
  "service_project_id" : "c4ce3c37-bf42-4a2c-ad0e-29f8a710e224",
  "service_project_tag" : "EMPTY",
  "config_service_project_id" : null,
  "config_service_project_tag" : "EMPTY",
  "config_imap_project_id" : null,
  "config_imap_project_tag" : "EMPTY",
  "config_b2b_document_type_project_id" : null,
  "config_b2b_document_type_project_tag" : "EMPTY",
  "endpoint_project_id" : null,
  "endpoint_project_tag" : "EMPTY",
  "config_plug_tag" : "EMPTY",
  "config_plug_project_id" : null,
  "config_plug_project_tag" : "EMPTY",
  "config_java_service_tag" : "EMPTY",
  "config_java_service_project_id" : null,
  "config_java_service_project_tag" : "EMPTY",
  "disabled" : false,
  "config" : null,
  "config_b2b_document_type_project_mode_id" : "112c1cb8-4b9e-4d1a-a042-0bd031dc7d05",
  "config_imap_project_mode_id" : "112c1cb8-4b9e-4d1a-a042-0bd031dc7d05",
  "config_java_service_project_mode_id" : "112c1cb8-4b9e-4d1a-a042-0bd031dc7d05",
  "config_plug_project_mode_id" : "112c1cb8-4b9e-4d1a-a042-0bd031dc7d05",
  "config_service_project_mode_id" : "112c1cb8-4b9e-4d1a-a042-0bd031dc7d05",
  "endpoint_project_mode_id" : "112c1cb8-4b9e-4d1a-a042-0bd031dc7d05",
  "service_project_mode_id" : "112c1cb8-4b9e-4d1a-a042-0bd031dc7d05",
  "parent_component_config_service_project_mode_id" : "112c1cb8-4b9e-4d1a-a042-0bd031dc7d05",
  "is_audit" : true,
  "keys_with_order" : null
}