{
  "id" : "feabfdee-7bc4-4bff-8bac-86dc108dbad2",
  "name" : "AU_AsynchronousIntegration",
  "createdOn" : "2024-07-02T09:10:03.648",
  "modifiedOn" : "2025-02-05T10:36:02.668",
  "createdBy" : "69b2e0e4-2d98-485c-ab31-04aa3b08fcc5",
  "modifiedBy" : "69b2e0e4-2d98-485c-ab31-04aa3b08fcc5",
  "projectDescription" : "Solution to lab described on https://axway.github.io/amplify-integration-labs/asynchronous-integration",
  "active" : true,
  "tag" : "EMPTY",
  "comment" : null,
  "baseTag" : "EMPTY",
  "modeId" : "112c1cb8-4b9e-4d1a-a042-0bd031dc7d05",
  "deployedOn" : null,
  "details" : null,
  "projectType" : "Fusion"
}