{
  "id" : "30c9098a-efba-487b-ba52-d4c62e0f26e2",
  "name" : "Salesforce",
  "description" : "Salesforce test account",
  "connection_config" : null,
  "endpoint_type_id" : "2e8afd6f-349f-44ae-a6b9-0d218c1cce64",
  "enabled" : true,
  "bean_name" : "Salesforce-30c9098a-efba-487b-ba52-d4c62e0f26e2",
  "status" : {
    "type" : "jsonb",
    "value" : "{\"112c1cb8-4b9e-4d1a-a042-0bd031dc7d05\": true, \"81e359da-9454-40ba-b968-1273a3b8e37b\": true, \"bdf2e4f5-a195-40b5-a82a-1d76ab30e077\": true}",
    "null" : false
  },
  "auth_token_config" : {
    "type" : "jsonb",
    "value" : "{}",
    "null" : false
  },
  "avatar_id" : null,
  "tag" : "EMPTY",
  "active" : true,
  "is_changed" : true,
  "comment" : null,
  "is_error" : false,
  "base_tag" : "EMPTY"
}