{
  "id" : "ba32d207-0ade-4af8-b180-2ebf619774ff",
  "name" : "SFTP server",
  "description" : "Amplify Integration sftp service",
  "connection_config" : null,
  "endpoint_type_id" : "d1fd018f-e557-4d95-9c2d-469453dbf910",
  "enabled" : true,
  "bean_name" : "SFTPServer-ba32d207-0ade-4af8-b180-2ebf619774ff",
  "status" : {
    "type" : "jsonb",
    "value" : "{\"112c1cb8-4b9e-4d1a-a042-0bd031dc7d05\": true, \"81e359da-9454-40ba-b968-1273a3b8e37b\": true, \"bdf2e4f5-a195-40b5-a82a-1d76ab30e077\": true}",
    "null" : false
  },
  "auth_token_config" : {
    "type" : "jsonb",
    "value" : "{}",
    "null" : false
  },
  "avatar_id" : null,
  "tag" : "EMPTY",
  "active" : true,
  "is_changed" : true,
  "comment" : null,
  "is_error" : false,
  "base_tag" : "EMPTY"
}