{
  "id" : "c4ce3c37-bf42-4a2c-ad0e-29f8a710e224",
  "name" : "AU_APIfication",
  "createdOn" : "2024-06-12T08:55:52.827",
  "modifiedOn" : "2024-06-12T12:37:33.45",
  "createdBy" : "bf415975-0cb3-4a68-a6c7-4f122849b444",
  "modifiedBy" : "5e0aa38a-3818-4670-b460-15178d60375f",
  "projectDescription" : "Solution to lab described on https://axway.github.io/amplify-integration-labs/apification/",
  "active" : true,
  "tag" : "EMPTY",
  "comment" : null,
  "baseTag" : "EMPTY",
  "modeId" : "112c1cb8-4b9e-4d1a-a042-0bd031dc7d05",
  "deployedOn" : null,
  "details" : null,
  "projectType" : "Fusion"
}