{
  "id" : "4114be34-732c-4db4-861f-1e43bb67fc6e",
  "name" : "API server",
  "description" : "API server",
  "connection_config" : null,
  "endpoint_type_id" : "fdfb0a1b-7b1e-46c8-ae26-b883f3c1c8bb",
  "enabled" : true,
  "bean_name" : "HTTPSServer-4114be34-732c-4db4-861f-1e43bb67fc6e",
  "status" : {
    "type" : "jsonb",
    "value" : "{\"112c1cb8-4b9e-4d1a-a042-0bd031dc7d05\": true, \"81e359da-9454-40ba-b968-1273a3b8e37b\": true, \"bdf2e4f5-a195-40b5-a82a-1d76ab30e077\": true}",
    "null" : false
  },
  "auth_token_config" : {
    "type" : "jsonb",
    "value" : "{}",
    "null" : false
  },
  "avatar_id" : null,
  "tag" : "EMPTY",
  "active" : true,
  "is_changed" : true,
  "comment" : "Solution tested on Nov 2023",
  "is_error" : false,
  "base_tag" : "EMPTY"
}