{
  "id" : "6cdc56cb-e423-4835-9abf-49632d38ce52",
  "name" : "Neon Postgre DB",
  "description" : "Neon Postgre Database",
  "connection_config" : null,
  "endpoint_type_id" : "8d3544f0-886d-4d1a-be9b-c6f29f2061ac",
  "enabled" : true,
  "bean_name" : "SQL-6cdc56cb-e423-4835-9abf-49632d38ce52",
  "status" : {
    "type" : "jsonb",
    "value" : "{\"112c1cb8-4b9e-4d1a-a042-0bd031dc7d05\": true, \"81e359da-9454-40ba-b968-1273a3b8e37b\": true, \"bdf2e4f5-a195-40b5-a82a-1d76ab30e077\": true}",
    "null" : false
  },
  "auth_token_config" : {
    "type" : "jsonb",
    "value" : "{}",
    "null" : false
  },
  "avatar_id" : "c10f15d9-dabc-4a65-bd2d-a3a83be7176b",
  "tag" : "EMPTY",
  "active" : true,
  "is_changed" : true,
  "comment" : "Solution tested on Nov 2023",
  "is_error" : false,
  "base_tag" : "EMPTY"
}