{
  "id" : "96e7734b-c236-4f3c-ad11-4db134804ea7",
  "name" : "Kafka connection",
  "description" : "Kafka instance privided by upstash",
  "connection_config" : null,
  "endpoint_type_id" : "c1623370-45a9-4d7c-898e-f48dafa02cb1",
  "enabled" : true,
  "bean_name" : "ApacheKafka-96e7734b-c236-4f3c-ad11-4db134804ea7",
  "status" : {
    "type" : "jsonb",
    "value" : "{\"112c1cb8-4b9e-4d1a-a042-0bd031dc7d05\": true, \"81e359da-9454-40ba-b968-1273a3b8e37b\": true, \"bdf2e4f5-a195-40b5-a82a-1d76ab30e077\": true}",
    "null" : false
  },
  "auth_token_config" : {
    "type" : "jsonb",
    "value" : "{}",
    "null" : false
  },
  "avatar_id" : null,
  "tag" : "EMPTY",
  "active" : true,
  "is_changed" : true,
  "comment" : null,
  "is_error" : false,
  "base_tag" : "EMPTY"
}