{
  "id" : "9c3f8a31-b14a-41c5-b027-fc1105dc6511",
  "name" : "Zoho API",
  "description" : "Sample Zoho API connection",
  "connection_config" : null,
  "endpoint_type_id" : "0a9d8996-f8e5-4d7d-8231-225a34233807",
  "enabled" : true,
  "bean_name" : "OpenAPIClient-9c3f8a31-b14a-41c5-b027-fc1105dc6511",
  "status" : {
    "type" : "jsonb",
    "value" : "{\"112c1cb8-4b9e-4d1a-a042-0bd031dc7d05\": true, \"81e359da-9454-40ba-b968-1273a3b8e37b\": true, \"bdf2e4f5-a195-40b5-a82a-1d76ab30e077\": true}",
    "null" : false
  },
  "auth_token_config" : {
    "type" : "jsonb",
    "value" : "{}",
    "null" : false
  },
  "avatar_id" : null,
  "tag" : "EMPTY",
  "active" : true,
  "is_changed" : true,
  "comment" : null,
  "is_error" : false,
  "base_tag" : "EMPTY"
}