{
  "id" : "30844f33-d409-4b0e-af83-1e4235a7350b",
  "name" : "InvoiceAPI",
  "createdOn" : "2024-12-02T14:34:43.887",
  "modifiedOn" : "2025-02-05T10:45:48.6",
  "createdBy" : "69b2e0e4-2d98-485c-ab31-04aa3b08fcc5",
  "modifiedBy" : "69b2e0e4-2d98-485c-ab31-04aa3b08fcc5",
  "projectDescription" : "InvoiceAPI API-fication",
  "active" : true,
  "tag" : "EMPTY",
  "comment" : null,
  "baseTag" : "EMPTY",
  "modeId" : "112c1cb8-4b9e-4d1a-a042-0bd031dc7d05",
  "deployedOn" : null,
  "details" : null,
  "projectType" : "Fusion"
}