{
  "id" : "03101510-c792-4f68-8f96-c3753b8950a8",
  "name" : "GetInvoicesByState",
  "component_id" : "dc16ccf6-67f4-4135-95ca-42e055af53c4",
  "endpoint_id" : "74e25fd0-ef49-4af2-ad19-3abcbb390a3c",
  "action_id" : "0a8b5a47-8cb0-4eb5-8b73-7e811ba14a57",
  "structure_json" : {
    "type" : "jsonb",
    "value" : "{\"batch\": false, \"count\": null, \"joins\": [], \"limit\": null, \"nulls\": \"\", \"where\": {\"predicates\": [{\"id\": \"b48d2724-d3d3-4e1b-96b6-32974a929c3b\", \"path\": \"invoice.state\", \"type\": \"string\", \"field\": \"invoice.state\", \"value\": \":invoice.state\", \"isGroup\": false, \"children\": null, \"operator\": \"=\", \"operation\": null, \"soap_type\": \"\", \"actualType\": \"varchar\", \"dataElementPath\": \"invoice.state\", \"dataElementType\": \"string\"}]}, \"action\": \"Select\", \"entity\": \"{\\\"name\\\":\\\"public\\\",\\\"label\\\":\\\"public\\\",\\\"hasChildren\\\":true,\\\"children\\\":{\\\"displayName\\\":\\\"Tables\\\",\\\"items\\\":[{\\\"name\\\":\\\"invoice\\\",\\\"label\\\":\\\"invoice\\\",\\\"checked\\\":true,\\\"hasChildren\\\":false,\\\"nextDropdown\\\":false}]},\\\"nextDropdown\\\":false,\\\"mainEntity\\\":false,\\\"displayName\\\":\\\"Schemas\\\"}\", \"uiConfig\": {\"keys\": [\"invoice.created_at\", \"invoice.updated_at\", \"invoice.invid\", \"invoice.invnum\", \"invoice.invdate\", \"invoice.duedate\", \"invoice.businessname\", \"invoice.businessaddress\", \"invoice.businessphone\", \"invoice.billtoname\", \"invoice.billtoaddress\", \"invoice.vat\", \"invoice.totalamt\", \"invoice.currency\", \"invoice.state\", \"invoice.notes\", \"invoice\"], \"limit\": true, \"where\": true, \"orderBy\": true, \"inputKeys\": [], \"operators\": {\"join\": [\"=\", \"!=\", \">\", \"<\", \">=\", \"<=\", \"IS NOT NULL\", \"IS NULL\"], \"where\": [\"=\", \"!=\", \">\", \"<\", \">=\", \"<=\", \"IS NOT NULL\", \"IS NULL\", \"BETWEEN\", \"IN\"]}, \"skippable\": false, \"supportJoin\": true, \"disableFields\": false, \"metadataKeyName\": \"projections\", \"selectedTableList\": [{\"name\": \"invoice\", \"label\": \"invoice\", \"checked\": true, \"hasChildren\": false, \"nextDropdown\": false}], \"batchConfiguration\": {\"skippable\": false, \"maxBatchSize\": 0, \"batchSupported\": false}, \"includeReferenceFields\": false, \"supportsExternalFields\": false, \"supportsReferenceFields\": false}, \"allOrNone\": false, \"inputKeys\": [], \"inputFields\": {}, \"projections\": [{\"key\": \"invoice\", \"name\": \"invoice\", \"path\": \"invoice\", \"type\": \"document\", \"label\": \"invoice\", \"checked\": true, \"children\": [{\"key\": \"/invoice/created_at\", \"name\": \"invoice.created_at\", \"path\": \"invoice.created_at\", \"type\": \"string\", \"label\": \"created_at\", \"checked\": true, \"readonly\": false, \"required\": true, \"actualType\": \"timestamptz\", \"columnIndex\": 0, \"hasChildren\": false, \"indeterminate\": false, \"inputCategory\": false, \"dataElementPath\": \"invoice.created_at\"}, {\"key\": \"/invoice/updated_at\", \"name\": \"invoice.updated_at\", \"path\": \"invoice.updated_at\", \"type\": \"string\", \"label\": \"updated_at\", \"checked\": true, \"readonly\": false, \"required\": true, \"actualType\": \"timestamptz\", \"columnIndex\": 0, \"hasChildren\": false, \"indeterminate\": false, \"inputCategory\": false, \"dataElementPath\": \"invoice.updated_at\"}, {\"key\": \"/invoice/invid\", \"name\": \"invoice.invid\", \"path\": \"invoice.invid\", \"type\": \"number\", \"label\": \"invid\", \"checked\": true, \"readonly\": false, \"required\": true, \"actualType\": \"serial\", \"columnIndex\": 0, \"hasChildren\": false, \"indeterminate\": false, \"inputCategory\": false, \"dataElementPath\": \"invoice.invid\"}, {\"key\": \"/invoice/invnum\", \"name\": \"invoice.invnum\", \"path\": \"invoice.invnum\", \"type\": \"string\", \"label\": \"invnum\", \"checked\": true, \"readonly\": false, \"required\": true, \"actualType\": \"varchar\", \"columnIndex\": 0, \"hasChildren\": false, \"indeterminate\": false, \"inputCategory\": false, \"dataElementPath\": \"invoice.invnum\"}, {\"key\": \"/invoice/invdate\", \"name\": \"invoice.invdate\", \"path\": \"invoice.invdate\", \"type\": \"string\", \"label\": \"invdate\", \"checked\": true, \"readonly\": false, \"required\": true, \"actualType\": \"date\", \"columnIndex\": 0, \"hasChildren\": false, \"indeterminate\": false, \"inputCategory\": false, \"dataElementPath\": \"invoice.invdate\"}, {\"key\": \"/invoice/duedate\", \"name\": \"invoice.duedate\", \"path\": \"invoice.duedate\", \"type\": \"string\", \"label\": \"duedate\", \"checked\": true, \"readonly\": false, \"required\": true, \"actualType\": \"date\", \"columnIndex\": 0, \"hasChildren\": false, \"indeterminate\": false, \"inputCategory\": false, \"dataElementPath\": \"invoice.duedate\"}, {\"key\": \"/invoice/businessname\", \"name\": \"invoice.businessname\", \"path\": \"invoice.businessname\", \"type\": \"string\", \"label\": \"businessname\", \"checked\": true, \"readonly\": false, \"required\": true, \"actualType\": \"varchar\", \"columnIndex\": 0, \"hasChildren\": false, \"indeterminate\": false, \"inputCategory\": false, \"dataElementPath\": \"invoice.businessname\"}, {\"key\": \"/invoice/businessaddress\", \"name\": \"invoice.businessaddress\", \"path\": \"invoice.businessaddress\", \"type\": \"string\", \"label\": \"businessaddress\", \"checked\": true, \"readonly\": false, \"required\": true, \"actualType\": \"varchar\", \"columnIndex\": 0, \"hasChildren\": false, \"indeterminate\": false, \"inputCategory\": false, \"dataElementPath\": \"invoice.businessaddress\"}, {\"key\": \"/invoice/businessphone\", \"name\": \"invoice.businessphone\", \"path\": \"invoice.businessphone\", \"type\": \"string\", \"label\": \"businessphone\", \"checked\": true, \"readonly\": false, \"required\": true, \"actualType\": \"varchar\", \"columnIndex\": 0, \"hasChildren\": false, \"indeterminate\": false, \"inputCategory\": false, \"dataElementPath\": \"invoice.businessphone\"}, {\"key\": \"/invoice/billtoname\", \"name\": \"invoice.billtoname\", \"path\": \"invoice.billtoname\", \"type\": \"string\", \"label\": \"billtoname\", \"checked\": true, \"readonly\": false, \"required\": true, \"actualType\": \"varchar\", \"columnIndex\": 0, \"hasChildren\": false, \"indeterminate\": false, \"inputCategory\": false, \"dataElementPath\": \"invoice.billtoname\"}, {\"key\": \"/invoice/billtoaddress\", \"name\": \"invoice.billtoaddress\", \"path\": \"invoice.billtoaddress\", \"type\": \"string\", \"label\": \"billtoaddress\", \"checked\": true, \"readonly\": false, \"required\": true, \"actualType\": \"varchar\", \"columnIndex\": 0, \"hasChildren\": false, \"indeterminate\": false, \"inputCategory\": false, \"dataElementPath\": \"invoice.billtoaddress\"}, {\"key\": \"/invoice/vat\", \"name\": \"invoice.vat\", \"path\": \"invoice.vat\", \"type\": \"string\", \"label\": \"vat\", \"checked\": true, \"readonly\": false, \"required\": true, \"actualType\": \"varchar\", \"columnIndex\": 0, \"hasChildren\": false, \"indeterminate\": false, \"inputCategory\": false, \"dataElementPath\": \"invoice.vat\"}, {\"key\": \"/invoice/totalamt\", \"name\": \"invoice.totalamt\", \"path\": \"invoice.totalamt\", \"type\": \"number\", \"label\": \"totalamt\", \"checked\": true, \"readonly\": false, \"required\": true, \"actualType\": \"money\", \"columnIndex\": 0, \"hasChildren\": false, \"indeterminate\": false, \"inputCategory\": false, \"dataElementPath\": \"invoice.totalamt\"}, {\"key\": \"/invoice/currency\", \"name\": \"invoice.currency\", \"path\": \"invoice.currency\", \"type\": \"string\", \"label\": \"currency\", \"checked\": true, \"readonly\": false, \"required\": true, \"actualType\": \"varchar\", \"columnIndex\": 0, \"hasChildren\": false, \"indeterminate\": false, \"inputCategory\": false, \"dataElementPath\": \"invoice.currency\"}, {\"key\": \"/invoice/state\", \"name\": \"invoice.state\", \"path\": \"invoice.state\", \"type\": \"string\", \"label\": \"state\", \"checked\": true, \"readonly\": false, \"required\": true, \"actualType\": \"varchar\", \"columnIndex\": 0, \"hasChildren\": false, \"indeterminate\": false, \"inputCategory\": false, \"dataElementPath\": \"invoice.state\"}, {\"key\": \"/invoice/notes\", \"name\": \"invoice.notes\", \"path\": \"invoice.notes\", \"type\": \"string\", \"label\": \"notes\", \"checked\": true, \"readonly\": false, \"required\": false, \"actualType\": \"varchar\", \"columnIndex\": 0, \"hasChildren\": false, \"indeterminate\": false, \"inputCategory\": false, \"dataElementPath\": \"invoice.notes\"}], \"hasChildren\": true, \"indeterminate\": false, \"dataElementPath\": \"invoice\"}], \"databaseType\": \"PostgreSql\", \"externalFields\": [], \"referenceFields\": []}",
    "null" : false
  },
  "config_json" : {
    "type" : "jsonb",
    "value" : "{\"batch\": false, \"count\": null, \"joins\": [], \"limit\": null, \"nulls\": \"\", \"where\": {\"predicates\": [{\"id\": \"b48d2724-d3d3-4e1b-96b6-32974a929c3b\", \"path\": \"invoice.state\", \"type\": \"string\", \"field\": \"invoice.state\", \"value\": \":invoice.state\", \"isGroup\": false, \"children\": null, \"operator\": \"=\", \"operation\": null, \"soap_type\": \"\", \"actualType\": \"varchar\", \"dataElementPath\": \"invoice.state\", \"dataElementType\": \"string\"}]}, \"action\": \"Select\", \"entity\": \"{\\\"name\\\":\\\"public\\\",\\\"label\\\":\\\"public\\\",\\\"hasChildren\\\":true,\\\"children\\\":{\\\"displayName\\\":\\\"Tables\\\",\\\"items\\\":[{\\\"name\\\":\\\"invoice\\\",\\\"label\\\":\\\"invoice\\\",\\\"checked\\\":true,\\\"hasChildren\\\":false,\\\"nextDropdown\\\":false}]},\\\"nextDropdown\\\":false,\\\"mainEntity\\\":false,\\\"displayName\\\":\\\"Schemas\\\"}\", \"uiConfig\": {\"keys\": [\"invoice.created_at\", \"invoice.updated_at\", \"invoice.invid\", \"invoice.invnum\", \"invoice.invdate\", \"invoice.duedate\", \"invoice.businessname\", \"invoice.businessaddress\", \"invoice.businessphone\", \"invoice.billtoname\", \"invoice.billtoaddress\", \"invoice.vat\", \"invoice.totalamt\", \"invoice.currency\", \"invoice.state\", \"invoice.notes\", \"invoice\"], \"limit\": true, \"where\": true, \"orderBy\": true, \"inputKeys\": [], \"operators\": {\"join\": [\"=\", \"!=\", \">\", \"<\", \">=\", \"<=\", \"IS NOT NULL\", \"IS NULL\"], \"where\": [\"=\", \"!=\", \">\", \"<\", \">=\", \"<=\", \"IS NOT NULL\", \"IS NULL\", \"BETWEEN\", \"IN\"]}, \"skippable\": false, \"supportJoin\": true, \"disableFields\": false, \"metadataKeyName\": \"projections\", \"selectedTableList\": [{\"name\": \"invoice\", \"label\": \"invoice\", \"checked\": true, \"hasChildren\": false, \"nextDropdown\": false}], \"batchConfiguration\": {\"skippable\": false, \"maxBatchSize\": 0, \"batchSupported\": false}, \"includeReferenceFields\": false, \"supportsExternalFields\": false, \"supportsReferenceFields\": false}, \"allOrNone\": false, \"inputKeys\": [], \"inputFields\": {}, \"projections\": [{\"key\": \"invoice\", \"name\": \"invoice\", \"path\": \"invoice\", \"type\": \"document\", \"label\": \"invoice\", \"checked\": true, \"children\": [{\"key\": \"/invoice/created_at\", \"name\": \"invoice.created_at\", \"path\": \"invoice.created_at\", \"type\": \"string\", \"label\": \"created_at\", \"checked\": true, \"readonly\": false, \"required\": true, \"actualType\": \"timestamptz\", \"columnIndex\": 0, \"hasChildren\": false, \"indeterminate\": false, \"inputCategory\": false, \"dataElementPath\": \"invoice.created_at\"}, {\"key\": \"/invoice/updated_at\", \"name\": \"invoice.updated_at\", \"path\": \"invoice.updated_at\", \"type\": \"string\", \"label\": \"updated_at\", \"checked\": true, \"readonly\": false, \"required\": true, \"actualType\": \"timestamptz\", \"columnIndex\": 0, \"hasChildren\": false, \"indeterminate\": false, \"inputCategory\": false, \"dataElementPath\": \"invoice.updated_at\"}, {\"key\": \"/invoice/invid\", \"name\": \"invoice.invid\", \"path\": \"invoice.invid\", \"type\": \"number\", \"label\": \"invid\", \"checked\": true, \"readonly\": false, \"required\": true, \"actualType\": \"serial\", \"columnIndex\": 0, \"hasChildren\": false, \"indeterminate\": false, \"inputCategory\": false, \"dataElementPath\": \"invoice.invid\"}, {\"key\": \"/invoice/invnum\", \"name\": \"invoice.invnum\", \"path\": \"invoice.invnum\", \"type\": \"string\", \"label\": \"invnum\", \"checked\": true, \"readonly\": false, \"required\": true, \"actualType\": \"varchar\", \"columnIndex\": 0, \"hasChildren\": false, \"indeterminate\": false, \"inputCategory\": false, \"dataElementPath\": \"invoice.invnum\"}, {\"key\": \"/invoice/invdate\", \"name\": \"invoice.invdate\", \"path\": \"invoice.invdate\", \"type\": \"string\", \"label\": \"invdate\", \"checked\": true, \"readonly\": false, \"required\": true, \"actualType\": \"date\", \"columnIndex\": 0, \"hasChildren\": false, \"indeterminate\": false, \"inputCategory\": false, \"dataElementPath\": \"invoice.invdate\"}, {\"key\": \"/invoice/duedate\", \"name\": \"invoice.duedate\", \"path\": \"invoice.duedate\", \"type\": \"string\", \"label\": \"duedate\", \"checked\": true, \"readonly\": false, \"required\": true, \"actualType\": \"date\", \"columnIndex\": 0, \"hasChildren\": false, \"indeterminate\": false, \"inputCategory\": false, \"dataElementPath\": \"invoice.duedate\"}, {\"key\": \"/invoice/businessname\", \"name\": \"invoice.businessname\", \"path\": \"invoice.businessname\", \"type\": \"string\", \"label\": \"businessname\", \"checked\": true, \"readonly\": false, \"required\": true, \"actualType\": \"varchar\", \"columnIndex\": 0, \"hasChildren\": false, \"indeterminate\": false, \"inputCategory\": false, \"dataElementPath\": \"invoice.businessname\"}, {\"key\": \"/invoice/businessaddress\", \"name\": \"invoice.businessaddress\", \"path\": \"invoice.businessaddress\", \"type\": \"string\", \"label\": \"businessaddress\", \"checked\": true, \"readonly\": false, \"required\": true, \"actualType\": \"varchar\", \"columnIndex\": 0, \"hasChildren\": false, \"indeterminate\": false, \"inputCategory\": false, \"dataElementPath\": \"invoice.businessaddress\"}, {\"key\": \"/invoice/businessphone\", \"name\": \"invoice.businessphone\", \"path\": \"invoice.businessphone\", \"type\": \"string\", \"label\": \"businessphone\", \"checked\": true, \"readonly\": false, \"required\": true, \"actualType\": \"varchar\", \"columnIndex\": 0, \"hasChildren\": false, \"indeterminate\": false, \"inputCategory\": false, \"dataElementPath\": \"invoice.businessphone\"}, {\"key\": \"/invoice/billtoname\", \"name\": \"invoice.billtoname\", \"path\": \"invoice.billtoname\", \"type\": \"string\", \"label\": \"billtoname\", \"checked\": true, \"readonly\": false, \"required\": true, \"actualType\": \"varchar\", \"columnIndex\": 0, \"hasChildren\": false, \"indeterminate\": false, \"inputCategory\": false, \"dataElementPath\": \"invoice.billtoname\"}, {\"key\": \"/invoice/billtoaddress\", \"name\": \"invoice.billtoaddress\", \"path\": \"invoice.billtoaddress\", \"type\": \"string\", \"label\": \"billtoaddress\", \"checked\": true, \"readonly\": false, \"required\": true, \"actualType\": \"varchar\", \"columnIndex\": 0, \"hasChildren\": false, \"indeterminate\": false, \"inputCategory\": false, \"dataElementPath\": \"invoice.billtoaddress\"}, {\"key\": \"/invoice/vat\", \"name\": \"invoice.vat\", \"path\": \"invoice.vat\", \"type\": \"string\", \"label\": \"vat\", \"checked\": true, \"readonly\": false, \"required\": true, \"actualType\": \"varchar\", \"columnIndex\": 0, \"hasChildren\": false, \"indeterminate\": false, \"inputCategory\": false, \"dataElementPath\": \"invoice.vat\"}, {\"key\": \"/invoice/totalamt\", \"name\": \"invoice.totalamt\", \"path\": \"invoice.totalamt\", \"type\": \"number\", \"label\": \"totalamt\", \"checked\": true, \"readonly\": false, \"required\": true, \"actualType\": \"money\", \"columnIndex\": 0, \"hasChildren\": false, \"indeterminate\": false, \"inputCategory\": false, \"dataElementPath\": \"invoice.totalamt\"}, {\"key\": \"/invoice/currency\", \"name\": \"invoice.currency\", \"path\": \"invoice.currency\", \"type\": \"string\", \"label\": \"currency\", \"checked\": true, \"readonly\": false, \"required\": true, \"actualType\": \"varchar\", \"columnIndex\": 0, \"hasChildren\": false, \"indeterminate\": false, \"inputCategory\": false, \"dataElementPath\": \"invoice.currency\"}, {\"key\": \"/invoice/state\", \"name\": \"invoice.state\", \"path\": \"invoice.state\", \"type\": \"string\", \"label\": \"state\", \"checked\": true, \"readonly\": false, \"required\": true, \"actualType\": \"varchar\", \"columnIndex\": 0, \"hasChildren\": false, \"indeterminate\": false, \"inputCategory\": false, \"dataElementPath\": \"invoice.state\"}, {\"key\": \"/invoice/notes\", \"name\": \"invoice.notes\", \"path\": \"invoice.notes\", \"type\": \"string\", \"label\": \"notes\", \"checked\": true, \"readonly\": false, \"required\": false, \"actualType\": \"varchar\", \"columnIndex\": 0, \"hasChildren\": false, \"indeterminate\": false, \"inputCategory\": false, \"dataElementPath\": \"invoice.notes\"}], \"hasChildren\": true, \"indeterminate\": false, \"dataElementPath\": \"invoice\"}], \"databaseType\": \"PostgreSql\", \"externalFields\": [], \"referenceFields\": []}",
    "null" : false
  },
  "display_query" : "SELECT invoice.created_at AS invoice_created_at , invoice.updated_at AS invoice_updated_at , invoice.invid AS invoice_invid , invoice.invnum AS invoice_invnum , invoice.invdate AS invoice_invdate , invoice.duedate AS invoice_duedate , invoice.businessname AS invoice_businessname , invoice.businessaddress AS invoice_businessaddress , invoice.businessphone AS invoice_businessphone , invoice.billtoname AS invoice_billtoname , invoice.billtoaddress AS invoice_billtoaddress , invoice.vat AS invoice_vat , invoice.totalamt AS invoice_totalamt , invoice.currency AS invoice_currency , invoice.state AS invoice_state , invoice.notes AS invoice_notes FROM  public.invoice  WHERE  invoice.state = :where_invoice_state  ",
  "input_structure" : {
    "type" : "jsonb",
    "value" : "[{\"key\": \"/GetInvoicesByStateInput\", \"type\": \"object\", \"order\": 1.0, \"title\": \"GetInvoicesByStateInput\", \"value\": {\"type\": \"object\"}, \"children\": [{\"key\": \"/GetInvoicesByStateInput/where\", \"type\": \"object\", \"order\": 2.0, \"title\": \"where\", \"value\": {\"type\": \"object\"}, \"children\": [{\"key\": \"/GetInvoicesByStateInput/where/where_invoice_state\", \"type\": \"string\", \"order\": 3.0, \"title\": \"invoice_state\", \"value\": {\"type\": \"string\"}, \"hasChildren\": false, \"dataElementType\": \"string\"}], \"hasChildren\": false, \"dataElementType\": \"document\"}, {\"key\": \"/GetInvoicesByStateInput/outputType\", \"type\": \"string\", \"order\": 4.0, \"title\": \"outputType\", \"value\": {\"type\": \"string\", \"_enum\": [\"Stream\", \"String\"]}, \"hasChildren\": false, \"dataElementType\": \"string\"}], \"hasChildren\": false, \"dataElementType\": \"document\"}]",
    "null" : false
  },
  "output_structure" : {
    "type" : "jsonb",
    "value" : "[{\"key\": \"/GetInvoicesByStateOutput\", \"type\": \"object\", \"order\": 1.0, \"title\": \"GetInvoicesByStateOutput\", \"value\": {\"type\": \"object\"}, \"children\": [{\"key\": \"/GetInvoicesByStateOutput/success\", \"type\": \"boolean\", \"order\": 2.0, \"title\": \"success\", \"value\": {\"type\": \"object\"}, \"hasChildren\": false, \"dataElementType\": \"boolean\"}, {\"key\": \"/GetInvoicesByStateOutput/response\", \"type\": \"object\", \"order\": 3.0, \"title\": \"response\", \"value\": {\"type\": \"object\"}, \"children\": [{\"key\": \"/GetInvoicesByStateOutput/response/resultSet[]\", \"type\": \"array\", \"order\": 4.0, \"title\": \"resultSet\", \"value\": {\"type\": \"array\"}, \"children\": [{\"key\": \"/GetInvoicesByStateOutput/response/resultSet[]/invoice_created_at\", \"type\": \"string\", \"order\": 5.0, \"title\": \"invoice_created_at\", \"hasChildren\": false, \"dataElementType\": \"string\"}, {\"key\": \"/GetInvoicesByStateOutput/response/resultSet[]/invoice_updated_at\", \"type\": \"string\", \"order\": 6.0, \"title\": \"invoice_updated_at\", \"hasChildren\": false, \"dataElementType\": \"string\"}, {\"key\": \"/GetInvoicesByStateOutput/response/resultSet[]/invoice_invid\", \"type\": \"number\", \"order\": 7.0, \"title\": \"invoice_invid\", \"hasChildren\": false, \"dataElementType\": \"number\"}, {\"key\": \"/GetInvoicesByStateOutput/response/resultSet[]/invoice_invnum\", \"type\": \"string\", \"order\": 8.0, \"title\": \"invoice_invnum\", \"hasChildren\": false, \"dataElementType\": \"string\"}, {\"key\": \"/GetInvoicesByStateOutput/response/resultSet[]/invoice_invdate\", \"type\": \"string\", \"order\": 9.0, \"title\": \"invoice_invdate\", \"hasChildren\": false, \"dataElementType\": \"string\"}, {\"key\": \"/GetInvoicesByStateOutput/response/resultSet[]/invoice_duedate\", \"type\": \"string\", \"order\": 10.0, \"title\": \"invoice_duedate\", \"hasChildren\": false, \"dataElementType\": \"string\"}, {\"key\": \"/GetInvoicesByStateOutput/response/resultSet[]/invoice_businessname\", \"type\": \"string\", \"order\": 11.0, \"title\": \"invoice_businessname\", \"hasChildren\": false, \"dataElementType\": \"string\"}, {\"key\": \"/GetInvoicesByStateOutput/response/resultSet[]/invoice_businessaddress\", \"type\": \"string\", \"order\": 12.0, \"title\": \"invoice_businessaddress\", \"hasChildren\": false, \"dataElementType\": \"string\"}, {\"key\": \"/GetInvoicesByStateOutput/response/resultSet[]/invoice_businessphone\", \"type\": \"string\", \"order\": 13.0, \"title\": \"invoice_businessphone\", \"hasChildren\": false, \"dataElementType\": \"string\"}, {\"key\": \"/GetInvoicesByStateOutput/response/resultSet[]/invoice_billtoname\", \"type\": \"string\", \"order\": 14.0, \"title\": \"invoice_billtoname\", \"hasChildren\": false, \"dataElementType\": \"string\"}, {\"key\": \"/GetInvoicesByStateOutput/response/resultSet[]/invoice_billtoaddress\", \"type\": \"string\", \"order\": 15.0, \"title\": \"invoice_billtoaddress\", \"hasChildren\": false, \"dataElementType\": \"string\"}, {\"key\": \"/GetInvoicesByStateOutput/response/resultSet[]/invoice_vat\", \"type\": \"string\", \"order\": 16.0, \"title\": \"invoice_vat\", \"hasChildren\": false, \"dataElementType\": \"string\"}, {\"key\": \"/GetInvoicesByStateOutput/response/resultSet[]/invoice_totalamt\", \"type\": \"number\", \"order\": 17.0, \"title\": \"invoice_totalamt\", \"hasChildren\": false, \"dataElementType\": \"number\"}, {\"key\": \"/GetInvoicesByStateOutput/response/resultSet[]/invoice_currency\", \"type\": \"string\", \"order\": 18.0, \"title\": \"invoice_currency\", \"hasChildren\": false, \"dataElementType\": \"string\"}, {\"key\": \"/GetInvoicesByStateOutput/response/resultSet[]/invoice_state\", \"type\": \"string\", \"order\": 19.0, \"title\": \"invoice_state\", \"hasChildren\": false, \"dataElementType\": \"string\"}, {\"key\": \"/GetInvoicesByStateOutput/response/resultSet[]/invoice_notes\", \"type\": \"string\", \"order\": 20.0, \"title\": \"invoice_notes\", \"hasChildren\": false, \"dataElementType\": \"string\"}], \"hasChildren\": false, \"dataElementType\": \"documentArray\"}], \"hasChildren\": true, \"dataElementType\": \"document\"}, {\"key\": \"/GetInvoicesByStateOutput/errors[]\", \"type\": \"array\", \"order\": 21.0, \"title\": \"errors\", \"value\": {}, \"children\": [{\"key\": \"/GetInvoicesByStateOutput/errors[]/error\", \"type\": \"object\", \"order\": 22.0, \"title\": \"error\", \"value\": {\"type\": \"object\"}, \"children\": [{\"key\": \"/GetInvoicesByStateOutput/errors[]/error/message\", \"type\": \"string\", \"order\": 23.0, \"title\": \"message\", \"value\": {\"type\": \"object\"}, \"hasChildren\": false, \"dataElementType\": \"string\"}], \"hasChildren\": true, \"dataElementType\": \"document\"}], \"hasChildren\": true, \"dataElementType\": \"documentArray\"}], \"hasChildren\": false, \"dataElementType\": \"document\"}]",
    "null" : false
  },
  "description" : "GetInvoicesByState",
  "comments" : "",
  "db_query" : "SELECT invoice.created_at AS invoice_created_at , invoice.updated_at AS invoice_updated_at , invoice.invid AS invoice_invid , invoice.invnum AS invoice_invnum , invoice.invdate AS invoice_invdate , invoice.duedate AS invoice_duedate , invoice.businessname AS invoice_businessname , invoice.businessaddress AS invoice_businessaddress , invoice.businessphone AS invoice_businessphone , invoice.billtoname AS invoice_billtoname , invoice.billtoaddress AS invoice_billtoaddress , invoice.vat AS invoice_vat , invoice.totalamt AS invoice_totalamt , invoice.currency AS invoice_currency , invoice.state AS invoice_state , invoice.notes AS invoice_notes FROM  public.invoice  WHERE  invoice.state = :where_invoice_state  ",
  "tag" : "EMPTY",
  "active" : true,
  "is_changed" : true,
  "endpoint_tag" : "EMPTY",
  "endpoint_project_id" : "30844f33-d409-4b0e-af83-1e4235a7350b",
  "endpoint_project_tag" : "EMPTY",
  "comment" : null,
  "input_data_object_id" : null,
  "input_data_object_tag" : "EMPTY",
  "input_data_object_project_id" : null,
  "input_data_object_project_tag" : "EMPTY",
  "output_data_object_id" : null,
  "output_data_object_tag" : "EMPTY",
  "output_data_object_project_id" : null,
  "output_data_object_project_tag" : "EMPTY",
  "base_tag" : "EMPTY",
  "endpoint_project_mode_id" : "112c1cb8-4b9e-4d1a-a042-0bd031dc7d05",
  "input_data_object_project_mode_id" : "112c1cb8-4b9e-4d1a-a042-0bd031dc7d05",
  "output_data_object_project_mode_id" : "112c1cb8-4b9e-4d1a-a042-0bd031dc7d05",
  "test_input" : {
    "type" : "jsonb",
    "value" : "{}",
    "null" : false
  },
  "test_input_structure" : {
    "type" : "jsonb",
    "value" : "[{\"key\": \"/GetInvoicesByStateInput\", \"type\": \"object\", \"order\": 1.0, \"title\": \"GetInvoicesByStateInput\", \"value\": {\"type\": \"object\"}, \"children\": [{\"key\": \"/GetInvoicesByStateInput/where\", \"type\": \"object\", \"order\": 2.0, \"title\": \"where\", \"value\": {\"type\": \"object\"}, \"children\": [{\"key\": \"/GetInvoicesByStateInput/where/where_invoice_state\", \"type\": \"string\", \"order\": 3.0, \"title\": \"invoice_state\", \"value\": {\"type\": \"string\"}, \"hasChildren\": false, \"dataElementType\": \"string\"}], \"hasChildren\": false, \"dataElementType\": \"document\"}, {\"key\": \"/GetInvoicesByStateInput/outputType\", \"type\": \"string\", \"order\": 4.0, \"title\": \"outputType\", \"value\": {\"type\": \"string\", \"_enum\": [\"Stream\", \"String\"]}, \"hasChildren\": false, \"dataElementType\": \"string\"}], \"hasChildren\": false, \"dataElementType\": \"document\"}]",
    "null" : false
  }
}