{
  "id" : "c9b4aaf0-700c-4849-91af-9a092db9b705",
  "name" : "CreateLead",
  "component_id" : "f9e692b6-2d3f-4aa8-be08-38ccc97babd0",
  "endpoint_id" : "30c9098a-efba-487b-ba52-d4c62e0f26e2",
  "action_id" : "b714c222-b5fc-4bd1-b6c0-349d56edacf7",
  "structure_json" : {
    "type" : "jsonb",
    "value" : "{\"batch\": false, \"count\": null, \"joins\": [], \"limit\": null, \"nulls\": \"\", \"where\": {\"predicates\": []}, \"action\": \"Insert\", \"entity\": \"{\\\"name\\\":\\\"Lead\\\",\\\"label\\\":\\\"Lead\\\",\\\"hasChildren\\\":false,\\\"displayName\\\":\\\"Objects\\\"}\", \"fields\": [{\"name\": \"LastName\", \"path\": \"LastName\", \"type\": \"string\", \"label\": \"LastName\", \"checked\": true, \"readonly\": false, \"required\": false, \"soap_type\": \"string\", \"columnIndex\": 0, \"hasChildren\": false, \"indeterminate\": false, \"dataElementPath\": \"LastName\", \"picklist_values\": []}, {\"name\": \"FirstName\", \"path\": \"FirstName\", \"type\": \"string\", \"label\": \"FirstName\", \"checked\": true, \"readonly\": false, \"required\": false, \"soap_type\": \"string\", \"columnIndex\": 0, \"hasChildren\": false, \"indeterminate\": false, \"dataElementPath\": \"FirstName\", \"picklist_values\": []}, {\"name\": \"Title\", \"path\": \"Title\", \"type\": \"string\", \"label\": \"Title\", \"checked\": true, \"readonly\": false, \"required\": false, \"soap_type\": \"string\", \"columnIndex\": 0, \"hasChildren\": false, \"indeterminate\": false, \"dataElementPath\": \"Title\", \"picklist_values\": []}, {\"name\": \"Company\", \"path\": \"Company\", \"type\": \"string\", \"label\": \"Company\", \"checked\": true, \"readonly\": false, \"required\": false, \"soap_type\": \"string\", \"columnIndex\": 0, \"hasChildren\": false, \"indeterminate\": false, \"dataElementPath\": \"Company\", \"picklist_values\": []}, {\"name\": \"Email\", \"path\": \"Email\", \"type\": \"string\", \"label\": \"Email\", \"checked\": true, \"readonly\": false, \"required\": false, \"soap_type\": \"string\", \"columnIndex\": 0, \"hasChildren\": false, \"indeterminate\": false, \"dataElementPath\": \"Email\", \"picklist_values\": []}, {\"name\": \"LeadSource\", \"path\": \"LeadSource\", \"type\": \"string\", \"label\": \"LeadSource\", \"checked\": true, \"readonly\": false, \"required\": false, \"soap_type\": \"string\", \"columnIndex\": 0, \"hasChildren\": false, \"indeterminate\": false, \"dataElementPath\": \"LeadSource\", \"picklist_values\": [\"Web\", \"Phone Inquiry\", \"Partner Referral\", \"Purchased List\", \"Other\"]}, {\"name\": \"Status\", \"path\": \"Status\", \"type\": \"string\", \"label\": \"Status\", \"checked\": true, \"readonly\": false, \"required\": false, \"soap_type\": \"string\", \"columnIndex\": 0, \"hasChildren\": false, \"indeterminate\": false, \"dataElementPath\": \"Status\", \"picklist_values\": [\"Open - Not Contacted\", \"Working - Contacted\", \"Closed - Converted\", \"Closed - Not Converted\"]}], \"uiConfig\": {\"keys\": [\"LastName\", \"FirstName\", \"Title\", \"Company\", \"Email\", \"LeadSource\", \"Status\"], \"limit\": false, \"where\": false, \"orderBy\": false, \"skippable\": false, \"supportJoin\": false, \"disableFields\": false, \"metadataKeyName\": \"fields\", \"selectedTableList\": [], \"batchConfiguration\": {\"skippable\": false, \"maxBatchSize\": 200, \"batchSupported\": true}, \"includeReferenceFields\": false, \"supportsExternalFields\": false, \"supportsReferenceFields\": true}, \"allOrNone\": false, \"externalFields\": [], \"referenceFields\": []}",
    "null" : false
  },
  "config_json" : {
    "type" : "jsonb",
    "value" : "{\"batch\": false, \"count\": null, \"joins\": [], \"limit\": null, \"nulls\": \"\", \"where\": {\"predicates\": []}, \"action\": \"Insert\", \"entity\": \"{\\\"name\\\":\\\"Lead\\\",\\\"label\\\":\\\"Lead\\\",\\\"hasChildren\\\":false,\\\"displayName\\\":\\\"Objects\\\"}\", \"fields\": [{\"name\": \"LastName\", \"path\": \"LastName\", \"type\": \"string\", \"label\": \"LastName\", \"checked\": true, \"readonly\": false, \"required\": false, \"soap_type\": \"string\", \"columnIndex\": 0, \"hasChildren\": false, \"indeterminate\": false, \"dataElementPath\": \"LastName\", \"picklist_values\": []}, {\"name\": \"FirstName\", \"path\": \"FirstName\", \"type\": \"string\", \"label\": \"FirstName\", \"checked\": true, \"readonly\": false, \"required\": false, \"soap_type\": \"string\", \"columnIndex\": 0, \"hasChildren\": false, \"indeterminate\": false, \"dataElementPath\": \"FirstName\", \"picklist_values\": []}, {\"name\": \"Title\", \"path\": \"Title\", \"type\": \"string\", \"label\": \"Title\", \"checked\": true, \"readonly\": false, \"required\": false, \"soap_type\": \"string\", \"columnIndex\": 0, \"hasChildren\": false, \"indeterminate\": false, \"dataElementPath\": \"Title\", \"picklist_values\": []}, {\"name\": \"Company\", \"path\": \"Company\", \"type\": \"string\", \"label\": \"Company\", \"checked\": true, \"readonly\": false, \"required\": false, \"soap_type\": \"string\", \"columnIndex\": 0, \"hasChildren\": false, \"indeterminate\": false, \"dataElementPath\": \"Company\", \"picklist_values\": []}, {\"name\": \"Email\", \"path\": \"Email\", \"type\": \"string\", \"label\": \"Email\", \"checked\": true, \"readonly\": false, \"required\": false, \"soap_type\": \"string\", \"columnIndex\": 0, \"hasChildren\": false, \"indeterminate\": false, \"dataElementPath\": \"Email\", \"picklist_values\": []}, {\"name\": \"LeadSource\", \"path\": \"LeadSource\", \"type\": \"string\", \"label\": \"LeadSource\", \"checked\": true, \"readonly\": false, \"required\": false, \"soap_type\": \"string\", \"columnIndex\": 0, \"hasChildren\": false, \"indeterminate\": false, \"dataElementPath\": \"LeadSource\", \"picklist_values\": [\"Web\", \"Phone Inquiry\", \"Partner Referral\", \"Purchased List\", \"Other\"]}, {\"name\": \"Status\", \"path\": \"Status\", \"type\": \"string\", \"label\": \"Status\", \"checked\": true, \"readonly\": false, \"required\": false, \"soap_type\": \"string\", \"columnIndex\": 0, \"hasChildren\": false, \"indeterminate\": false, \"dataElementPath\": \"Status\", \"picklist_values\": [\"Open - Not Contacted\", \"Working - Contacted\", \"Closed - Converted\", \"Closed - Not Converted\"]}], \"uiConfig\": {\"keys\": [\"LastName\", \"FirstName\", \"Title\", \"Company\", \"Email\", \"LeadSource\", \"Status\"], \"limit\": false, \"where\": false, \"orderBy\": false, \"skippable\": false, \"supportJoin\": false, \"disableFields\": false, \"metadataKeyName\": \"fields\", \"selectedTableList\": [], \"batchConfiguration\": {\"skippable\": false, \"maxBatchSize\": 200, \"batchSupported\": true}, \"includeReferenceFields\": false, \"supportsExternalFields\": false, \"supportsReferenceFields\": true}, \"allOrNone\": false, \"externalFields\": [], \"referenceFields\": []}",
    "null" : false
  },
  "display_query" : "",
  "input_structure" : {
    "type" : "jsonb",
    "value" : "[{\"key\": \"/CreateLeadInput\", \"type\": \"object\", \"order\": 1.0, \"title\": \"CreateLeadInput\", \"children\": [{\"key\": \"/CreateLeadInput/insert\", \"type\": \"object\", \"order\": 2.0, \"title\": \"insert\", \"children\": [{\"key\": \"/CreateLeadInput/insert/LastName\", \"type\": \"string\", \"order\": 3.0, \"title\": \"LastName\", \"hasChildren\": false, \"dataElementType\": \"string\"}, {\"key\": \"/CreateLeadInput/insert/FirstName\", \"type\": \"string\", \"order\": 4.0, \"title\": \"FirstName\", \"hasChildren\": false, \"dataElementType\": \"string\"}, {\"key\": \"/CreateLeadInput/insert/Title\", \"type\": \"string\", \"order\": 5.0, \"title\": \"Title\", \"hasChildren\": false, \"dataElementType\": \"string\"}, {\"key\": \"/CreateLeadInput/insert/Company\", \"type\": \"string\", \"order\": 6.0, \"title\": \"Company\", \"hasChildren\": false, \"dataElementType\": \"string\"}, {\"key\": \"/CreateLeadInput/insert/Email\", \"type\": \"string\", \"order\": 7.0, \"title\": \"Email\", \"hasChildren\": false, \"dataElementType\": \"string\"}, {\"key\": \"/CreateLeadInput/insert/LeadSource\", \"type\": \"string\", \"order\": 8.0, \"title\": \"LeadSource\", \"hasChildren\": false, \"dataElementType\": \"string\"}, {\"key\": \"/CreateLeadInput/insert/Status\", \"type\": \"string\", \"order\": 9.0, \"title\": \"Status\", \"hasChildren\": false, \"dataElementType\": \"string\"}], \"hasChildren\": false, \"dataElementType\": \"document\"}], \"hasChildren\": false, \"dataElementType\": \"document\"}]",
    "null" : false
  },
  "output_structure" : {
    "type" : "jsonb",
    "value" : "[{\"key\": \"/CreateLeadOutput\", \"type\": \"object\", \"order\": 1.0, \"title\": \"CreateLeadOutput\", \"children\": [{\"key\": \"/CreateLeadOutput/success\", \"type\": \"boolean\", \"order\": 2.0, \"title\": \"success\", \"hasChildren\": false, \"dataElementType\": \"boolean\"}, {\"key\": \"/CreateLeadOutput/statusCode\", \"type\": \"integer\", \"order\": 3.0, \"title\": \"statusCode\", \"hasChildren\": false, \"dataElementType\": \"integer\"}, {\"key\": \"/CreateLeadOutput/response\", \"type\": \"object\", \"order\": 4.0, \"title\": \"response\", \"children\": [{\"key\": \"/CreateLeadOutput/response/id\", \"type\": \"string\", \"order\": 5.0, \"title\": \"id\", \"hasChildren\": false, \"dataElementType\": \"string\"}], \"hasChildren\": false, \"dataElementType\": \"document\"}, {\"key\": \"/CreateLeadOutput/errors[]\", \"type\": \"array\", \"order\": 6.0, \"title\": \"errors\", \"children\": [{\"key\": \"/CreateLeadOutput/errors[]/fields[]\", \"type\": \"stringArray\", \"order\": 7.0, \"title\": \"fields\", \"hasChildren\": false, \"dataElementType\": \"stringArray\"}, {\"key\": \"/CreateLeadOutput/errors[]/message\", \"type\": \"string\", \"order\": 8.0, \"title\": \"message\", \"hasChildren\": false, \"dataElementType\": \"string\"}, {\"key\": \"/CreateLeadOutput/errors[]/errorCode\", \"type\": \"string\", \"order\": 9.0, \"title\": \"errorCode\", \"hasChildren\": false, \"dataElementType\": \"string\"}], \"hasChildren\": false, \"dataElementType\": \"documentArray\"}, {\"key\": \"/CreateLeadOutput/responseHeaders\", \"type\": \"object\", \"order\": 10.0, \"title\": \"responseHeaders\", \"children\": [], \"hasChildren\": false, \"dataElementType\": \"document\"}], \"hasChildren\": false, \"dataElementType\": \"document\"}]",
    "null" : false
  },
  "description" : "Create Lead",
  "comments" : "",
  "db_query" : "",
  "tag" : "EMPTY",
  "active" : true,
  "is_changed" : true,
  "endpoint_tag" : "EMPTY",
  "endpoint_project_id" : "4137b400-42a6-4933-9e88-8705c99f77b4",
  "endpoint_project_tag" : "EMPTY",
  "comment" : null,
  "input_data_object_id" : null,
  "input_data_object_tag" : "EMPTY",
  "input_data_object_project_id" : null,
  "input_data_object_project_tag" : "EMPTY",
  "output_data_object_id" : null,
  "output_data_object_tag" : "EMPTY",
  "output_data_object_project_id" : null,
  "output_data_object_project_tag" : "EMPTY",
  "base_tag" : "EMPTY",
  "endpoint_project_mode_id" : "112c1cb8-4b9e-4d1a-a042-0bd031dc7d05",
  "input_data_object_project_mode_id" : "112c1cb8-4b9e-4d1a-a042-0bd031dc7d05",
  "output_data_object_project_mode_id" : "112c1cb8-4b9e-4d1a-a042-0bd031dc7d05",
  "test_input" : {
    "type" : "jsonb",
    "value" : "{}",
    "null" : false
  },
  "test_input_structure" : {
    "type" : "jsonb",
    "value" : "[{\"key\": \"/CreateLeadInput\", \"type\": \"object\", \"order\": 1.0, \"title\": \"CreateLeadInput\", \"children\": [{\"key\": \"/CreateLeadInput/insert\", \"type\": \"object\", \"order\": 2.0, \"title\": \"insert\", \"children\": [{\"key\": \"/CreateLeadInput/insert/LastName\", \"type\": \"string\", \"order\": 3.0, \"title\": \"LastName\", \"hasChildren\": false, \"dataElementType\": \"string\"}, {\"key\": \"/CreateLeadInput/insert/FirstName\", \"type\": \"string\", \"order\": 4.0, \"title\": \"FirstName\", \"hasChildren\": false, \"dataElementType\": \"string\"}, {\"key\": \"/CreateLeadInput/insert/Title\", \"type\": \"string\", \"order\": 5.0, \"title\": \"Title\", \"hasChildren\": false, \"dataElementType\": \"string\"}, {\"key\": \"/CreateLeadInput/insert/Company\", \"type\": \"string\", \"order\": 6.0, \"title\": \"Company\", \"hasChildren\": false, \"dataElementType\": \"string\"}, {\"key\": \"/CreateLeadInput/insert/Email\", \"type\": \"string\", \"order\": 7.0, \"title\": \"Email\", \"hasChildren\": false, \"dataElementType\": \"string\"}, {\"key\": \"/CreateLeadInput/insert/LeadSource\", \"type\": \"string\", \"order\": 8.0, \"title\": \"LeadSource\", \"hasChildren\": false, \"dataElementType\": \"string\"}, {\"key\": \"/CreateLeadInput/insert/Status\", \"type\": \"string\", \"order\": 9.0, \"title\": \"Status\", \"hasChildren\": false, \"dataElementType\": \"string\"}], \"hasChildren\": false, \"dataElementType\": \"document\"}], \"hasChildren\": false, \"dataElementType\": \"document\"}]",
    "null" : false
  }
}