{
  "component_config_id" : "462caa08-190e-45dc-8369-9a7935bbb8a9",
  "endpoint_config_json" : {
    "type" : "jsonb",
    "value" : "{\"crossRef\": [], \"services\": [], \"multistep\": [], \"operations\": []}",
    "null" : false
  },
  "input_config_json" : {
    "type" : "jsonb",
    "value" : "{\"crossRef\": [], \"services\": [], \"multistep\": [], \"operations\": [{\"map\": {\"id\": \"fe98e05d-603c-40e4-a002-5cd97c20a7d3\", \"root\": false, \"type\": \"list\", \"cached\": false, \"source\": \"/LeadsCSV/delimitedRecords[]/email\", \"target\": \"/body/email\", \"mapNull\": false, \"disabled\": false, \"extractXml\": false, \"extractJson\": false, \"targetOrder\": 20.0, \"mapEmptyString\": false, \"sourceJavaType\": \"java.lang.String\", \"targetJavaType\": \"java.lang.String\"}}, {\"map\": {\"id\": \"1e2dbe16-ab13-4bf6-b61a-8db25cbd9d0f\", \"root\": false, \"type\": \"list\", \"cached\": false, \"source\": \"/LeadsCSV/delimitedRecords[]/last_name\", \"target\": \"/body/customer_name\", \"mapNull\": false, \"disabled\": false, \"extractXml\": false, \"extractJson\": false, \"targetOrder\": 6.0, \"mapEmptyString\": false, \"sourceJavaType\": \"java.lang.String\", \"targetJavaType\": \"java.lang.String\"}}]}",
    "null" : false
  },
  "output_config_json" : {
    "type" : "jsonb",
    "value" : "{\"crossRef\": [], \"services\": [], \"multistep\": [], \"operations\": [{\"map\": {\"id\": \"70980919-07c6-4787-9159-2e9db6e67b29\", \"root\": true, \"type\": \"map\", \"cached\": false, \"source\": \"/UpdateInvoiceOutput\", \"target\": \"/UpdateInvoiceOutput\", \"mapNull\": false, \"disabled\": false, \"extractXml\": false, \"extractJson\": false, \"targetOrder\": 1.0, \"mapEmptyString\": false}}]}",
    "null" : false
  },
  "component_id" : "57a4eaf2-7d82-4894-856a-a4a477d2a3a5",
  "service_id" : "bbf0e7a9-326c-4d34-9551-2f1f10f3eee2",
  "endpoint_id" : "9c3f8a31-b14a-41c5-b027-fc1105dc6511",
  "parent_component_config_id" : null,
  "component_config_order" : 2.5,
  "action_id" : "57561e36-ab3c-427b-8fd6-55016149e0ba",
  "name" : null,
  "description" : "",
  "override_endpoint" : false,
  "input_structure_json" : {
    "type" : "jsonb",
    "value" : "{\"maps\": [{\"/body/email\": [{\"type\": \"list\", \"source\": {\"path\": \"/LeadsCSV/delimitedRecords[]/email\", \"title\": \"email\", \"dataElementType\": \"string\"}, \"target\": {\"path\": \"/body/email\", \"order\": 20, \"title\": \"email\", \"dataElementType\": \"string\"}, \"mapCondition\": {\"isConditionSet\": false, \"sourceTreeIndex\": [{\"key\": 1, \"title\": \"LeadsCSV\", \"isLeaf\": false, \"isArray\": false, \"children\": [{\"key\": 2, \"title\": \"delimitedRecords\", \"isLeaf\": false, \"isArray\": true, \"children\": [{\"key\": 3, \"title\": \"email\", \"isLeaf\": false, \"isArray\": false, \"parentKey\": 2}], \"parentKey\": 1, \"arrayIndex\": null}], \"parentKey\": 0}], \"targetTreeIndex\": [{\"key\": 1, \"title\": \"body\", \"isLeaf\": false, \"isArray\": false, \"children\": [{\"key\": 2, \"title\": \"email\", \"isLeaf\": false, \"isArray\": false, \"parentKey\": 1}], \"parentKey\": 0}], \"mapConditionFormValue\": {}}}]}, {\"/body/customer_name\": [{\"type\": \"list\", \"source\": {\"path\": \"/LeadsCSV/delimitedRecords[]/last_name\", \"title\": \"last_name\", \"dataElementType\": \"string\"}, \"target\": {\"path\": \"/body/customer_name\", \"order\": 6, \"title\": \"customer_name\", \"dataElementType\": \"string\"}, \"mapCondition\": {\"isConditionSet\": false, \"sourceTreeIndex\": [{\"key\": 1, \"title\": \"LeadsCSV\", \"isLeaf\": false, \"isArray\": false, \"children\": [{\"key\": 2, \"title\": \"delimitedRecords\", \"isLeaf\": false, \"isArray\": true, \"children\": [{\"key\": 3, \"title\": \"last_name\", \"isLeaf\": false, \"isArray\": false, \"parentKey\": 2}], \"parentKey\": 1, \"arrayIndex\": null}], \"parentKey\": 0}], \"targetTreeIndex\": [{\"key\": 1, \"title\": \"body\", \"isLeaf\": false, \"isArray\": false, \"children\": [{\"key\": 2, \"title\": \"customer_name\", \"isLeaf\": false, \"isArray\": false, \"parentKey\": 1}], \"parentKey\": 0}], \"mapConditionFormValue\": {}}}]}], \"mappedNodes\": [\"/UpdateInvoiceOutputactionOut\", \"/UpdateInvoiceOutputpipeOut\", \"/LeadsCSV/delimitedRecords[]/email pipeIn\", \"/body/email actionIn\", \"/LeadsCSV/delimitedRecords[]/last_name pipeIn\", \"/body/customer_name actionIn\"], \"addVariables\": []}",
    "null" : false
  },
  "output_structure_json" : {
    "type" : "jsonb",
    "value" : "{\"maps\": [{\"/UpdateInvoiceOutput\": [{\"type\": \"map\", \"source\": {\"path\": \"/UpdateInvoiceOutput\", \"title\": \"UpdateInvoiceOutput\", \"dataElementType\": \"document\"}, \"target\": {\"path\": \"/UpdateInvoiceOutput\", \"order\": 1, \"title\": \"UpdateInvoiceOutput\", \"dataElementType\": \"document\"}, \"mapCondition\": {\"isConditionSet\": false, \"sourceTreeIndex\": [], \"targetTreeIndex\": [], \"mapConditionFormValue\": {}}}]}], \"tracks\": {}, \"transformer\": []}",
    "null" : false
  },
  "endpoint_structure_json" : {
    "type" : "jsonb",
    "value" : "{\"maps\": []}",
    "null" : false
  },
  "is_error" : false,
  "no_of_errors" : 0,
  "action_input_type" : null,
  "config_service_id" : null,
  "config_imap_id" : null,
  "config_b2b_document_type_id" : null,
  "config_document_id" : null,
  "add_variables" : {
    "type" : "jsonb",
    "value" : "[]",
    "null" : false
  },
  "drop_variables" : {
    "type" : "jsonb",
    "value" : "[]",
    "null" : false
  },
  "plug_input_structure" : {
    "type" : "jsonb",
    "value" : "[{\"id\": \"462caa08-190e-45dc-8369-9a7935bbb8a9\", \"key\": \"/body\", \"type\": \"object\", \"order\": 1.0, \"title\": \"body\", \"value\": {\"type\": \"object\", \"requiredFlag\": false}, \"isLeaf\": false, \"children\": [{\"id\": \"462caa08-190e-45dc-8369-9a7935bbb8a9\", \"key\": \"/body/invoice_id\", \"type\": \"string\", \"order\": 2.0, \"title\": \"invoice_id\", \"value\": {\"type\": \"string\", \"requiredFlag\": false}, \"isLeaf\": true, \"entityType\": \"componentConfig\", \"childrenSet\": false, \"hasChildren\": false, \"dataElementType\": \"string\", \"encryption_required\": false}, {\"id\": \"462caa08-190e-45dc-8369-9a7935bbb8a9\", \"key\": \"/body/ach_payment_initiated\", \"type\": \"boolean\", \"order\": 3.0, \"title\": \"ach_payment_initiated\", \"value\": {\"type\": \"boolean\", \"requiredFlag\": false}, \"isLeaf\": true, \"entityType\": \"componentConfig\", \"childrenSet\": false, \"hasChildren\": false, \"dataElementType\": \"boolean\", \"encryption_required\": false}, {\"id\": \"462caa08-190e-45dc-8369-9a7935bbb8a9\", \"key\": \"/body/zcrm_potential_id\", \"type\": \"string\", \"order\": 4.0, \"title\": \"zcrm_potential_id\", \"value\": {\"type\": \"string\", \"requiredFlag\": false}, \"isLeaf\": true, \"entityType\": \"componentConfig\", \"childrenSet\": false, \"hasChildren\": false, \"dataElementType\": \"string\", \"encryption_required\": false}, {\"id\": \"462caa08-190e-45dc-8369-9a7935bbb8a9\", \"key\": \"/body/zcrm_potential_name\", \"type\": \"string\", \"order\": 5.0, \"title\": \"zcrm_potential_name\", \"value\": {\"type\": \"string\", \"requiredFlag\": false}, \"isLeaf\": true, \"entityType\": \"componentConfig\", \"childrenSet\": false, \"hasChildren\": false, \"dataElementType\": \"string\", \"encryption_required\": false}, {\"id\": \"462caa08-190e-45dc-8369-9a7935bbb8a9\", \"key\": \"/body/customer_name\", \"type\": \"string\", \"order\": 6.0, \"title\": \"customer_name\", \"value\": {\"type\": \"string\", \"requiredFlag\": false}, \"isLeaf\": true, \"entityType\": \"componentConfig\", \"childrenSet\": false, \"hasChildren\": false, \"dataElementType\": \"string\", \"encryption_required\": false}, {\"id\": \"462caa08-190e-45dc-8369-9a7935bbb8a9\", \"key\": \"/body/customer_id\", \"type\": \"string\", \"order\": 7.0, \"title\": \"customer_id\", \"value\": {\"type\": \"string\", \"requiredFlag\": false}, \"isLeaf\": true, \"entityType\": \"componentConfig\", \"childrenSet\": false, \"hasChildren\": false, \"dataElementType\": \"string\", \"encryption_required\": false}, {\"id\": \"462caa08-190e-45dc-8369-9a7935bbb8a9\", \"key\": \"/body/company_name\", \"type\": \"string\", \"order\": 8.0, \"title\": \"company_name\", \"value\": {\"type\": \"string\", \"requiredFlag\": false}, \"isLeaf\": true, \"entityType\": \"componentConfig\", \"childrenSet\": false, \"hasChildren\": false, \"dataElementType\": \"string\", \"encryption_required\": false}, {\"id\": \"462caa08-190e-45dc-8369-9a7935bbb8a9\", \"key\": \"/body/status\", \"type\": \"string\", \"order\": 9.0, \"title\": \"status\", \"value\": {\"type\": \"string\", \"requiredFlag\": false}, \"isLeaf\": true, \"entityType\": \"componentConfig\", \"childrenSet\": false, \"hasChildren\": false, \"dataElementType\": \"string\", \"encryption_required\": false}, {\"id\": \"462caa08-190e-45dc-8369-9a7935bbb8a9\", \"key\": \"/body/color_code\", \"type\": \"string\", \"order\": 10.0, \"title\": \"color_code\", \"value\": {\"type\": \"string\", \"requiredFlag\": false}, \"isLeaf\": true, \"entityType\": \"componentConfig\", \"childrenSet\": false, \"hasChildren\": false, \"dataElementType\": \"string\", \"encryption_required\": false}, {\"id\": \"462caa08-190e-45dc-8369-9a7935bbb8a9\", \"key\": \"/body/current_sub_status_id\", \"type\": \"string\", \"order\": 11.0, \"title\": \"current_sub_status_id\", \"value\": {\"type\": \"string\", \"requiredFlag\": false}, \"isLeaf\": true, \"entityType\": \"componentConfig\", \"childrenSet\": false, \"hasChildren\": false, \"dataElementType\": \"string\", \"encryption_required\": false}, {\"id\": \"462caa08-190e-45dc-8369-9a7935bbb8a9\", \"key\": \"/body/current_sub_status\", \"type\": \"string\", \"order\": 12.0, \"title\": \"current_sub_status\", \"value\": {\"type\": \"string\", \"requiredFlag\": false}, \"isLeaf\": true, \"entityType\": \"componentConfig\", \"childrenSet\": false, \"hasChildren\": false, \"dataElementType\": \"string\", \"encryption_required\": false}, {\"id\": \"462caa08-190e-45dc-8369-9a7935bbb8a9\", \"key\": \"/body/invoice_number\", \"type\": \"string\", \"order\": 13.0, \"title\": \"invoice_number\", \"value\": {\"type\": \"string\", \"requiredFlag\": false}, \"isLeaf\": true, \"entityType\": \"componentConfig\", \"childrenSet\": false, \"hasChildren\": false, \"dataElementType\": \"string\", \"encryption_required\": false}, {\"id\": \"462caa08-190e-45dc-8369-9a7935bbb8a9\", \"key\": \"/body/reference_number\", \"type\": \"string\", \"order\": 14.0, \"title\": \"reference_number\", \"value\": {\"type\": \"string\", \"requiredFlag\": false}, \"isLeaf\": true, \"entityType\": \"componentConfig\", \"childrenSet\": false, \"hasChildren\": false, \"dataElementType\": \"string\", \"encryption_required\": false}, {\"id\": \"462caa08-190e-45dc-8369-9a7935bbb8a9\", \"key\": \"/body/date\", \"type\": \"string\", \"order\": 15.0, \"title\": \"date\", \"value\": {\"type\": \"string\", \"requiredFlag\": false}, \"isLeaf\": true, \"entityType\": \"componentConfig\", \"childrenSet\": false, \"hasChildren\": false, \"dataElementType\": \"string\", \"encryption_required\": false}, {\"id\": \"462caa08-190e-45dc-8369-9a7935bbb8a9\", \"key\": \"/body/due_date\", \"type\": \"string\", \"order\": 16.0, \"title\": \"due_date\", \"value\": {\"type\": \"string\", \"requiredFlag\": false}, \"isLeaf\": true, \"entityType\": \"componentConfig\", \"childrenSet\": false, \"hasChildren\": false, \"dataElementType\": \"string\", \"encryption_required\": false}, {\"id\": \"462caa08-190e-45dc-8369-9a7935bbb8a9\", \"key\": \"/body/due_days\", \"type\": \"string\", \"order\": 17.0, \"title\": \"due_days\", \"value\": {\"type\": \"string\", \"requiredFlag\": false}, \"isLeaf\": true, \"entityType\": \"componentConfig\", \"childrenSet\": false, \"hasChildren\": false, \"dataElementType\": \"string\", \"encryption_required\": false}, {\"id\": \"462caa08-190e-45dc-8369-9a7935bbb8a9\", \"key\": \"/body/currency_id\", \"type\": \"string\", \"order\": 18.0, \"title\": \"currency_id\", \"value\": {\"type\": \"string\", \"requiredFlag\": false}, \"isLeaf\": true, \"entityType\": \"componentConfig\", \"childrenSet\": false, \"hasChildren\": false, \"dataElementType\": \"string\", \"encryption_required\": false}, {\"id\": \"462caa08-190e-45dc-8369-9a7935bbb8a9\", \"key\": \"/body/schedule_time\", \"type\": \"string\", \"order\": 19.0, \"title\": \"schedule_time\", \"value\": {\"type\": \"string\", \"requiredFlag\": false}, \"isLeaf\": true, \"entityType\": \"componentConfig\", \"childrenSet\": false, \"hasChildren\": false, \"dataElementType\": \"string\", \"encryption_required\": false}, {\"id\": \"462caa08-190e-45dc-8369-9a7935bbb8a9\", \"key\": \"/body/email\", \"type\": \"string\", \"order\": 20.0, \"title\": \"email\", \"value\": {\"type\": \"string\", \"requiredFlag\": false}, \"isLeaf\": true, \"entityType\": \"componentConfig\", \"childrenSet\": false, \"hasChildren\": false, \"dataElementType\": \"string\", \"encryption_required\": false}, {\"id\": \"462caa08-190e-45dc-8369-9a7935bbb8a9\", \"key\": \"/body/currency_code\", \"type\": \"string\", \"order\": 21.0, \"title\": \"currency_code\", \"value\": {\"type\": \"string\", \"requiredFlag\": false}, \"isLeaf\": true, \"entityType\": \"componentConfig\", \"childrenSet\": false, \"hasChildren\": false, \"dataElementType\": \"string\", \"encryption_required\": false}, {\"id\": \"462caa08-190e-45dc-8369-9a7935bbb8a9\", \"key\": \"/body/currency_symbol\", \"type\": \"string\", \"order\": 22.0, \"title\": \"currency_symbol\", \"value\": {\"type\": \"string\", \"requiredFlag\": false}, \"isLeaf\": true, \"entityType\": \"componentConfig\", \"childrenSet\": false, \"hasChildren\": false, \"dataElementType\": \"string\", \"encryption_required\": false}, {\"id\": \"462caa08-190e-45dc-8369-9a7935bbb8a9\", \"key\": \"/body/template_type\", \"type\": \"string\", \"order\": 23.0, \"title\": \"template_type\", \"value\": {\"type\": \"string\", \"requiredFlag\": false}, \"isLeaf\": true, \"entityType\": \"componentConfig\", \"childrenSet\": false, \"hasChildren\": false, \"dataElementType\": \"string\", \"encryption_required\": false}, {\"id\": \"462caa08-190e-45dc-8369-9a7935bbb8a9\", \"key\": \"/body/no_of_copies\", \"type\": \"integer\", \"order\": 24.0, \"title\": \"no_of_copies\", \"value\": {\"type\": \"integer\", \"requiredFlag\": false}, \"isLeaf\": true, \"entityType\": \"componentConfig\", \"childrenSet\": false, \"hasChildren\": false, \"dataElementType\": \"integer\", \"encryption_required\": false}, {\"id\": \"462caa08-190e-45dc-8369-9a7935bbb8a9\", \"key\": \"/body/show_no_of_copies\", \"type\": \"boolean\", \"order\": 25.0, \"title\": \"show_no_of_copies\", \"value\": {\"type\": \"boolean\", \"requiredFlag\": false}, \"isLeaf\": true, \"entityType\": \"componentConfig\", \"childrenSet\": false, \"hasChildren\": false, \"dataElementType\": \"boolean\", \"encryption_required\": false}, {\"id\": \"462caa08-190e-45dc-8369-9a7935bbb8a9\", \"key\": \"/body/is_viewed_by_client\", \"type\": \"boolean\", \"order\": 26.0, \"title\": \"is_viewed_by_client\", \"value\": {\"type\": \"boolean\", \"requiredFlag\": false}, \"isLeaf\": true, \"entityType\": \"componentConfig\", \"childrenSet\": false, \"hasChildren\": false, \"dataElementType\": \"boolean\", \"encryption_required\": false}, {\"id\": \"462caa08-190e-45dc-8369-9a7935bbb8a9\", \"key\": \"/body/has_attachment\", \"type\": \"boolean\", \"order\": 27.0, \"title\": \"has_attachment\", \"value\": {\"type\": \"boolean\", \"requiredFlag\": false}, \"isLeaf\": true, \"entityType\": \"componentConfig\", \"childrenSet\": false, \"hasChildren\": false, \"dataElementType\": \"boolean\", \"encryption_required\": false}, {\"id\": \"462caa08-190e-45dc-8369-9a7935bbb8a9\", \"key\": \"/body/client_viewed_time\", \"type\": \"string\", \"order\": 28.0, \"title\": \"client_viewed_time\", \"value\": {\"type\": \"string\", \"requiredFlag\": false}, \"isLeaf\": true, \"entityType\": \"componentConfig\", \"childrenSet\": false, \"hasChildren\": false, \"dataElementType\": \"string\", \"encryption_required\": false}, {\"id\": \"462caa08-190e-45dc-8369-9a7935bbb8a9\", \"key\": \"/body/invoice_url\", \"type\": \"string\", \"order\": 29.0, \"title\": \"invoice_url\", \"value\": {\"type\": \"string\", \"requiredFlag\": false}, \"isLeaf\": true, \"entityType\": \"componentConfig\", \"childrenSet\": false, \"hasChildren\": false, \"dataElementType\": \"string\", \"encryption_required\": false}, {\"id\": \"462caa08-190e-45dc-8369-9a7935bbb8a9\", \"key\": \"/body/project_name\", \"type\": \"string\", \"order\": 30.0, \"title\": \"project_name\", \"value\": {\"type\": \"string\", \"requiredFlag\": false}, \"isLeaf\": true, \"entityType\": \"componentConfig\", \"childrenSet\": false, \"hasChildren\": false, \"dataElementType\": \"string\", \"encryption_required\": false}, {\"id\": \"462caa08-190e-45dc-8369-9a7935bbb8a9\", \"key\": \"/body/billing_address\", \"type\": \"object\", \"order\": 31.0, \"title\": \"billing_address\", \"value\": {\"type\": \"object\", \"requiredFlag\": false}, \"isLeaf\": false, \"children\": [{\"id\": \"462caa08-190e-45dc-8369-9a7935bbb8a9\", \"key\": \"/body/billing_address/address\", \"type\": \"string\", \"order\": 32.0, \"title\": \"address\", \"value\": {\"type\": \"string\", \"requiredFlag\": false}, \"isLeaf\": true, \"entityType\": \"componentConfig\", \"childrenSet\": false, \"hasChildren\": false, \"dataElementType\": \"string\", \"encryption_required\": false}, {\"id\": \"462caa08-190e-45dc-8369-9a7935bbb8a9\", \"key\": \"/body/billing_address/street2\", \"type\": \"string\", \"order\": 33.0, \"title\": \"street2\", \"value\": {\"type\": \"string\", \"requiredFlag\": false}, \"isLeaf\": true, \"entityType\": \"componentConfig\", \"childrenSet\": false, \"hasChildren\": false, \"dataElementType\": \"string\", \"encryption_required\": false}, {\"id\": \"462caa08-190e-45dc-8369-9a7935bbb8a9\", \"key\": \"/body/billing_address/city\", \"type\": \"string\", \"order\": 34.0, \"title\": \"city\", \"value\": {\"type\": \"string\", \"requiredFlag\": false}, \"isLeaf\": true, \"entityType\": \"componentConfig\", \"childrenSet\": false, \"hasChildren\": false, \"dataElementType\": \"string\", \"encryption_required\": false}, {\"id\": \"462caa08-190e-45dc-8369-9a7935bbb8a9\", \"key\": \"/body/billing_address/state\", \"type\": \"string\", \"order\": 35.0, \"title\": \"state\", \"value\": {\"type\": \"string\", \"requiredFlag\": false}, \"isLeaf\": true, \"entityType\": \"componentConfig\", \"childrenSet\": false, \"hasChildren\": false, \"dataElementType\": \"string\", \"encryption_required\": false}, {\"id\": \"462caa08-190e-45dc-8369-9a7935bbb8a9\", \"key\": \"/body/billing_address/zipcode\", \"type\": \"string\", \"order\": 36.0, \"title\": \"zipcode\", \"value\": {\"type\": \"string\", \"requiredFlag\": false}, \"isLeaf\": true, \"entityType\": \"componentConfig\", \"childrenSet\": false, \"hasChildren\": false, \"dataElementType\": \"string\", \"encryption_required\": false}, {\"id\": \"462caa08-190e-45dc-8369-9a7935bbb8a9\", \"key\": \"/body/billing_address/country\", \"type\": \"string\", \"order\": 37.0, \"title\": \"country\", \"value\": {\"type\": \"string\", \"requiredFlag\": false}, \"isLeaf\": true, \"entityType\": \"componentConfig\", \"childrenSet\": false, \"hasChildren\": false, \"dataElementType\": \"string\", \"encryption_required\": false}, {\"id\": \"462caa08-190e-45dc-8369-9a7935bbb8a9\", \"key\": \"/body/billing_address/phone\", \"type\": \"string\", \"order\": 38.0, \"title\": \"phone\", \"value\": {\"type\": \"string\", \"requiredFlag\": false}, \"isLeaf\": true, \"entityType\": \"componentConfig\", \"childrenSet\": false, \"hasChildren\": false, \"dataElementType\": \"string\", \"encryption_required\": false}, {\"id\": \"462caa08-190e-45dc-8369-9a7935bbb8a9\", \"key\": \"/body/billing_address/fax\", \"type\": \"string\", \"order\": 39.0, \"title\": \"fax\", \"value\": {\"type\": \"string\", \"requiredFlag\": false}, \"isLeaf\": true, \"entityType\": \"componentConfig\", \"childrenSet\": false, \"hasChildren\": false, \"dataElementType\": \"string\", \"encryption_required\": false}, {\"id\": \"462caa08-190e-45dc-8369-9a7935bbb8a9\", \"key\": \"/body/billing_address/attention\", \"type\": \"string\", \"order\": 40.0, \"title\": \"attention\", \"value\": {\"type\": \"string\", \"requiredFlag\": false}, \"isLeaf\": true, \"entityType\": \"componentConfig\", \"childrenSet\": false, \"hasChildren\": false, \"dataElementType\": \"string\", \"encryption_required\": false}], \"entityType\": \"componentConfig\", \"childrenSet\": false, \"hasChildren\": false, \"dataElementType\": \"document\", \"encryption_required\": false}, {\"id\": \"462caa08-190e-45dc-8369-9a7935bbb8a9\", \"key\": \"/body/shipping_address\", \"type\": \"object\", \"order\": 41.0, \"title\": \"shipping_address\", \"value\": {\"type\": \"object\", \"requiredFlag\": false}, \"isLeaf\": false, \"children\": [{\"id\": \"462caa08-190e-45dc-8369-9a7935bbb8a9\", \"key\": \"/body/shipping_address/address\", \"type\": \"string\", \"order\": 42.0, \"title\": \"address\", \"value\": {\"type\": \"string\", \"requiredFlag\": false}, \"isLeaf\": true, \"entityType\": \"componentConfig\", \"childrenSet\": false, \"hasChildren\": false, \"dataElementType\": \"string\", \"encryption_required\": false}, {\"id\": \"462caa08-190e-45dc-8369-9a7935bbb8a9\", \"key\": \"/body/shipping_address/street2\", \"type\": \"string\", \"order\": 43.0, \"title\": \"street2\", \"value\": {\"type\": \"string\", \"requiredFlag\": false}, \"isLeaf\": true, \"entityType\": \"componentConfig\", \"childrenSet\": false, \"hasChildren\": false, \"dataElementType\": \"string\", \"encryption_required\": false}, {\"id\": \"462caa08-190e-45dc-8369-9a7935bbb8a9\", \"key\": \"/body/shipping_address/city\", \"type\": \"string\", \"order\": 44.0, \"title\": \"city\", \"value\": {\"type\": \"string\", \"requiredFlag\": false}, \"isLeaf\": true, \"entityType\": \"componentConfig\", \"childrenSet\": false, \"hasChildren\": false, \"dataElementType\": \"string\", \"encryption_required\": false}, {\"id\": \"462caa08-190e-45dc-8369-9a7935bbb8a9\", \"key\": \"/body/shipping_address/state\", \"type\": \"string\", \"order\": 45.0, \"title\": \"state\", \"value\": {\"type\": \"string\", \"requiredFlag\": false}, \"isLeaf\": true, \"entityType\": \"componentConfig\", \"childrenSet\": false, \"hasChildren\": false, \"dataElementType\": \"string\", \"encryption_required\": false}, {\"id\": \"462caa08-190e-45dc-8369-9a7935bbb8a9\", \"key\": \"/body/shipping_address/zipcode\", \"type\": \"string\", \"order\": 46.0, \"title\": \"zipcode\", \"value\": {\"type\": \"string\", \"requiredFlag\": false}, \"isLeaf\": true, \"entityType\": \"componentConfig\", \"childrenSet\": false, \"hasChildren\": false, \"dataElementType\": \"string\", \"encryption_required\": false}, {\"id\": \"462caa08-190e-45dc-8369-9a7935bbb8a9\", \"key\": \"/body/shipping_address/country\", \"type\": \"string\", \"order\": 47.0, \"title\": \"country\", \"value\": {\"type\": \"string\", \"requiredFlag\": false}, \"isLeaf\": true, \"entityType\": \"componentConfig\", \"childrenSet\": false, \"hasChildren\": false, \"dataElementType\": \"string\", \"encryption_required\": false}, {\"id\": \"462caa08-190e-45dc-8369-9a7935bbb8a9\", \"key\": \"/body/shipping_address/phone\", \"type\": \"string\", \"order\": 48.0, \"title\": \"phone\", \"value\": {\"type\": \"string\", \"requiredFlag\": false}, \"isLeaf\": true, \"entityType\": \"componentConfig\", \"childrenSet\": false, \"hasChildren\": false, \"dataElementType\": \"string\", \"encryption_required\": false}, {\"id\": \"462caa08-190e-45dc-8369-9a7935bbb8a9\", \"key\": \"/body/shipping_address/fax\", \"type\": \"string\", \"order\": 49.0, \"title\": \"fax\", \"value\": {\"type\": \"string\", \"requiredFlag\": false}, \"isLeaf\": true, \"entityType\": \"componentConfig\", \"childrenSet\": false, \"hasChildren\": false, \"dataElementType\": \"string\", \"encryption_required\": false}, {\"id\": \"462caa08-190e-45dc-8369-9a7935bbb8a9\", \"key\": \"/body/shipping_address/attention\", \"type\": \"string\", \"order\": 50.0, \"title\": \"attention\", \"value\": {\"type\": \"string\", \"requiredFlag\": false}, \"isLeaf\": true, \"entityType\": \"componentConfig\", \"childrenSet\": false, \"hasChildren\": false, \"dataElementType\": \"string\", \"encryption_required\": false}], \"entityType\": \"componentConfig\", \"childrenSet\": false, \"hasChildren\": false, \"dataElementType\": \"document\", \"encryption_required\": false}, {\"id\": \"462caa08-190e-45dc-8369-9a7935bbb8a9\", \"key\": \"/body/country\", \"type\": \"string\", \"order\": 51.0, \"title\": \"country\", \"value\": {\"type\": \"string\", \"requiredFlag\": false}, \"isLeaf\": true, \"entityType\": \"componentConfig\", \"childrenSet\": false, \"hasChildren\": false, \"dataElementType\": \"string\", \"encryption_required\": false}, {\"id\": \"462caa08-190e-45dc-8369-9a7935bbb8a9\", \"key\": \"/body/phone\", \"type\": \"string\", \"order\": 52.0, \"title\": \"phone\", \"value\": {\"type\": \"string\", \"requiredFlag\": false}, \"isLeaf\": true, \"entityType\": \"componentConfig\", \"childrenSet\": false, \"hasChildren\": false, \"dataElementType\": \"string\", \"encryption_required\": false}, {\"id\": \"462caa08-190e-45dc-8369-9a7935bbb8a9\", \"key\": \"/body/created_by\", \"type\": \"string\", \"order\": 53.0, \"title\": \"created_by\", \"value\": {\"type\": \"string\", \"requiredFlag\": false}, \"isLeaf\": true, \"entityType\": \"componentConfig\", \"childrenSet\": false, \"hasChildren\": false, \"dataElementType\": \"string\", \"encryption_required\": false}, {\"id\": \"462caa08-190e-45dc-8369-9a7935bbb8a9\", \"key\": \"/body/updated_time\", \"type\": \"string\", \"order\": 54.0, \"title\": \"updated_time\", \"value\": {\"type\": \"string\", \"requiredFlag\": false}, \"isLeaf\": true, \"entityType\": \"componentConfig\", \"childrenSet\": false, \"hasChildren\": false, \"dataElementType\": \"string\", \"encryption_required\": false}, {\"id\": \"462caa08-190e-45dc-8369-9a7935bbb8a9\", \"key\": \"/body/transaction_type\", \"type\": \"string\", \"order\": 55.0, \"title\": \"transaction_type\", \"value\": {\"type\": \"string\", \"requiredFlag\": false}, \"isLeaf\": true, \"entityType\": \"componentConfig\", \"childrenSet\": false, \"hasChildren\": false, \"dataElementType\": \"string\", \"encryption_required\": false}, {\"id\": \"462caa08-190e-45dc-8369-9a7935bbb8a9\", \"key\": \"/body/total\", \"type\": \"integer\", \"order\": 56.0, \"title\": \"total\", \"value\": {\"type\": \"integer\", \"requiredFlag\": false}, \"isLeaf\": true, \"entityType\": \"componentConfig\", \"childrenSet\": false, \"hasChildren\": false, \"dataElementType\": \"integer\", \"encryption_required\": false}, {\"id\": \"462caa08-190e-45dc-8369-9a7935bbb8a9\", \"key\": \"/body/balance\", \"type\": \"integer\", \"order\": 57.0, \"title\": \"balance\", \"value\": {\"type\": \"integer\", \"requiredFlag\": false}, \"isLeaf\": true, \"entityType\": \"componentConfig\", \"childrenSet\": false, \"hasChildren\": false, \"dataElementType\": \"integer\", \"encryption_required\": false}, {\"id\": \"462caa08-190e-45dc-8369-9a7935bbb8a9\", \"key\": \"/body/created_time\", \"type\": \"string\", \"order\": 58.0, \"title\": \"created_time\", \"value\": {\"type\": \"string\", \"requiredFlag\": false}, \"isLeaf\": true, \"entityType\": \"componentConfig\", \"childrenSet\": false, \"hasChildren\": false, \"dataElementType\": \"string\", \"encryption_required\": false}, {\"id\": \"462caa08-190e-45dc-8369-9a7935bbb8a9\", \"key\": \"/body/last_modified_time\", \"type\": \"string\", \"order\": 59.0, \"title\": \"last_modified_time\", \"value\": {\"type\": \"string\", \"requiredFlag\": false}, \"isLeaf\": true, \"entityType\": \"componentConfig\", \"childrenSet\": false, \"hasChildren\": false, \"dataElementType\": \"string\", \"encryption_required\": false}, {\"id\": \"462caa08-190e-45dc-8369-9a7935bbb8a9\", \"key\": \"/body/is_emailed\", \"type\": \"boolean\", \"order\": 60.0, \"title\": \"is_emailed\", \"value\": {\"type\": \"boolean\", \"requiredFlag\": false}, \"isLeaf\": true, \"entityType\": \"componentConfig\", \"childrenSet\": false, \"hasChildren\": false, \"dataElementType\": \"boolean\", \"encryption_required\": false}, {\"id\": \"462caa08-190e-45dc-8369-9a7935bbb8a9\", \"key\": \"/body/is_viewed_in_mail\", \"type\": \"boolean\", \"order\": 61.0, \"title\": \"is_viewed_in_mail\", \"value\": {\"type\": \"boolean\", \"requiredFlag\": false}, \"isLeaf\": true, \"entityType\": \"componentConfig\", \"childrenSet\": false, \"hasChildren\": false, \"dataElementType\": \"boolean\", \"encryption_required\": false}, {\"id\": \"462caa08-190e-45dc-8369-9a7935bbb8a9\", \"key\": \"/body/mail_first_viewed_time\", \"type\": \"string\", \"order\": 62.0, \"title\": \"mail_first_viewed_time\", \"value\": {\"type\": \"string\", \"requiredFlag\": false}, \"isLeaf\": true, \"entityType\": \"componentConfig\", \"childrenSet\": false, \"hasChildren\": false, \"dataElementType\": \"string\", \"encryption_required\": false}, {\"id\": \"462caa08-190e-45dc-8369-9a7935bbb8a9\", \"key\": \"/body/mail_last_viewed_time\", \"type\": \"string\", \"order\": 63.0, \"title\": \"mail_last_viewed_time\", \"value\": {\"type\": \"string\", \"requiredFlag\": false}, \"isLeaf\": true, \"entityType\": \"componentConfig\", \"childrenSet\": false, \"hasChildren\": false, \"dataElementType\": \"string\", \"encryption_required\": false}, {\"id\": \"462caa08-190e-45dc-8369-9a7935bbb8a9\", \"key\": \"/body/reminders_sent\", \"type\": \"integer\", \"order\": 64.0, \"title\": \"reminders_sent\", \"value\": {\"type\": \"integer\", \"requiredFlag\": false}, \"isLeaf\": true, \"entityType\": \"componentConfig\", \"childrenSet\": false, \"hasChildren\": false, \"dataElementType\": \"integer\", \"encryption_required\": false}, {\"id\": \"462caa08-190e-45dc-8369-9a7935bbb8a9\", \"key\": \"/body/last_reminder_sent_date\", \"type\": \"string\", \"order\": 65.0, \"title\": \"last_reminder_sent_date\", \"value\": {\"type\": \"string\", \"requiredFlag\": false}, \"isLeaf\": true, \"entityType\": \"componentConfig\", \"childrenSet\": false, \"hasChildren\": false, \"dataElementType\": \"string\", \"encryption_required\": false}, {\"id\": \"462caa08-190e-45dc-8369-9a7935bbb8a9\", \"key\": \"/body/payment_expected_date\", \"type\": \"string\", \"order\": 66.0, \"title\": \"payment_expected_date\", \"value\": {\"type\": \"string\", \"requiredFlag\": false}, \"isLeaf\": true, \"entityType\": \"componentConfig\", \"childrenSet\": false, \"hasChildren\": false, \"dataElementType\": \"string\", \"encryption_required\": false}, {\"id\": \"462caa08-190e-45dc-8369-9a7935bbb8a9\", \"key\": \"/body/last_payment_date\", \"type\": \"string\", \"order\": 67.0, \"title\": \"last_payment_date\", \"value\": {\"type\": \"string\", \"requiredFlag\": false}, \"isLeaf\": true, \"entityType\": \"componentConfig\", \"childrenSet\": false, \"hasChildren\": false, \"dataElementType\": \"string\", \"encryption_required\": false}, {\"id\": \"462caa08-190e-45dc-8369-9a7935bbb8a9\", \"key\": \"/body/custom_fields[]\", \"type\": \"array\", \"order\": 68.0, \"title\": \"custom_fields\", \"value\": {\"type\": \"array\", \"requiredFlag\": false}, \"isLeaf\": false, \"entityType\": \"componentConfig\", \"childrenSet\": false, \"hasChildren\": false, \"dataElementType\": \"objectArray\", \"encryption_required\": false}, {\"id\": \"462caa08-190e-45dc-8369-9a7935bbb8a9\", \"key\": \"/body/custom_field_hash\", \"type\": \"object\", \"order\": 69.0, \"title\": \"custom_field_hash\", \"value\": {\"type\": \"object\", \"requiredFlag\": false}, \"isLeaf\": false, \"entityType\": \"componentConfig\", \"childrenSet\": false, \"hasChildren\": false, \"dataElementType\": \"object\", \"encryption_required\": false}, {\"id\": \"462caa08-190e-45dc-8369-9a7935bbb8a9\", \"key\": \"/body/template_id\", \"type\": \"string\", \"order\": 70.0, \"title\": \"template_id\", \"value\": {\"type\": \"string\", \"requiredFlag\": false}, \"isLeaf\": true, \"entityType\": \"componentConfig\", \"childrenSet\": false, \"hasChildren\": false, \"dataElementType\": \"string\", \"encryption_required\": false}, {\"id\": \"462caa08-190e-45dc-8369-9a7935bbb8a9\", \"key\": \"/body/documents\", \"type\": \"string\", \"order\": 71.0, \"title\": \"documents\", \"value\": {\"type\": \"string\", \"requiredFlag\": false}, \"isLeaf\": true, \"entityType\": \"componentConfig\", \"childrenSet\": false, \"hasChildren\": false, \"dataElementType\": \"string\", \"encryption_required\": false}, {\"id\": \"462caa08-190e-45dc-8369-9a7935bbb8a9\", \"key\": \"/body/salesperson_id\", \"type\": \"string\", \"order\": 72.0, \"title\": \"salesperson_id\", \"value\": {\"type\": \"string\", \"requiredFlag\": false}, \"isLeaf\": true, \"entityType\": \"componentConfig\", \"childrenSet\": false, \"hasChildren\": false, \"dataElementType\": \"string\", \"encryption_required\": false}, {\"id\": \"462caa08-190e-45dc-8369-9a7935bbb8a9\", \"key\": \"/body/salesperson_name\", \"type\": \"string\", \"order\": 73.0, \"title\": \"salesperson_name\", \"value\": {\"type\": \"string\", \"requiredFlag\": false}, \"isLeaf\": true, \"entityType\": \"componentConfig\", \"childrenSet\": false, \"hasChildren\": false, \"dataElementType\": \"string\", \"encryption_required\": false}, {\"id\": \"462caa08-190e-45dc-8369-9a7935bbb8a9\", \"key\": \"/body/shipping_charge\", \"type\": \"integer\", \"order\": 74.0, \"title\": \"shipping_charge\", \"value\": {\"type\": \"integer\", \"requiredFlag\": false}, \"isLeaf\": true, \"entityType\": \"componentConfig\", \"childrenSet\": false, \"hasChildren\": false, \"dataElementType\": \"integer\", \"encryption_required\": false}, {\"id\": \"462caa08-190e-45dc-8369-9a7935bbb8a9\", \"key\": \"/body/adjustment\", \"type\": \"integer\", \"order\": 75.0, \"title\": \"adjustment\", \"value\": {\"type\": \"integer\", \"requiredFlag\": false}, \"isLeaf\": true, \"entityType\": \"componentConfig\", \"childrenSet\": false, \"hasChildren\": false, \"dataElementType\": \"integer\", \"encryption_required\": false}, {\"id\": \"462caa08-190e-45dc-8369-9a7935bbb8a9\", \"key\": \"/body/write_off_amount\", \"type\": \"integer\", \"order\": 76.0, \"title\": \"write_off_amount\", \"value\": {\"type\": \"integer\", \"requiredFlag\": false}, \"isLeaf\": true, \"entityType\": \"componentConfig\", \"childrenSet\": false, \"hasChildren\": false, \"dataElementType\": \"integer\", \"encryption_required\": false}, {\"id\": \"462caa08-190e-45dc-8369-9a7935bbb8a9\", \"key\": \"/body/exchange_rate\", \"type\": \"integer\", \"order\": 77.0, \"title\": \"exchange_rate\", \"value\": {\"type\": \"integer\", \"requiredFlag\": false}, \"isLeaf\": true, \"entityType\": \"componentConfig\", \"childrenSet\": false, \"hasChildren\": false, \"dataElementType\": \"integer\", \"encryption_required\": false}], \"entityType\": \"componentConfig\", \"childrenSet\": false, \"hasChildren\": false, \"dataElementType\": \"document\", \"encryption_required\": false}, {\"id\": \"462caa08-190e-45dc-8369-9a7935bbb8a9\", \"key\": \"/pathParams\", \"order\": 0.0, \"title\": \"pathParams\", \"value\": {\"type\": \"object\"}, \"isLeaf\": false, \"children\": [{\"id\": \"462caa08-190e-45dc-8369-9a7935bbb8a9\", \"key\": \"/pathParams/Invoice_id\", \"title\": \"Invoice_id\", \"value\": {\"type\": \"string\", \"requiredFlag\": true}, \"isLeaf\": true, \"entityType\": \"componentConfig\", \"childrenSet\": false, \"hasChildren\": false, \"dataElementType\": \"string\", \"encryption_required\": false}], \"entityType\": \"componentConfig\", \"childrenSet\": false, \"hasChildren\": true, \"dataElementType\": \"document\", \"encryption_required\": false}, {\"id\": \"462caa08-190e-45dc-8369-9a7935bbb8a9\", \"key\": \"/queryParams\", \"order\": 1.0, \"title\": \"queryParams\", \"value\": {\"type\": \"object\"}, \"isLeaf\": false, \"children\": [], \"entityType\": \"componentConfig\", \"childrenSet\": false, \"hasChildren\": true, \"dataElementType\": \"document\", \"encryption_required\": false}, {\"id\": \"462caa08-190e-45dc-8369-9a7935bbb8a9\", \"key\": \"/headers\", \"order\": 2.0, \"title\": \"headers\", \"value\": {\"type\": \"object\"}, \"isLeaf\": false, \"children\": [{\"id\": \"462caa08-190e-45dc-8369-9a7935bbb8a9\", \"key\": \"/headers/Content-Type\", \"title\": \"Content-Type\", \"value\": {\"type\": \"string\", \"requiredFlag\": false}, \"isLeaf\": true, \"entityType\": \"componentConfig\", \"childrenSet\": false, \"hasChildren\": false, \"dataElementType\": \"string\", \"encryption_required\": false}, {\"id\": \"462caa08-190e-45dc-8369-9a7935bbb8a9\", \"key\": \"/headers/X-com-zoho-invoice-organizationid\", \"title\": \"X-com-zoho-invoice-organizationid\", \"value\": {\"type\": \"string\", \"requiredFlag\": false}, \"isLeaf\": true, \"entityType\": \"componentConfig\", \"childrenSet\": false, \"hasChildren\": false, \"dataElementType\": \"string\", \"encryption_required\": false}], \"entityType\": \"componentConfig\", \"childrenSet\": false, \"hasChildren\": true, \"dataElementType\": \"document\", \"encryption_required\": false}]",
    "null" : false
  },
  "plug_output_structure" : {
    "type" : "jsonb",
    "value" : "[{\"id\": \"462caa08-190e-45dc-8369-9a7935bbb8a9\", \"key\": \"/UpdateInvoiceOutput\", \"type\": \"object\", \"order\": 1.0, \"title\": \"UpdateInvoiceOutput\", \"value\": {\"type\": \"object\", \"requiredFlag\": false}, \"isLeaf\": false, \"children\": [{\"id\": \"462caa08-190e-45dc-8369-9a7935bbb8a9\", \"key\": \"/UpdateInvoiceOutput/success\", \"type\": \"boolean\", \"order\": 2.0, \"title\": \"success\", \"value\": {\"type\": \"boolean\", \"requiredFlag\": false}, \"isLeaf\": true, \"entityType\": \"componentConfig\", \"childrenSet\": false, \"hasChildren\": false, \"dataElementType\": \"boolean\", \"encryption_required\": false}, {\"id\": \"462caa08-190e-45dc-8369-9a7935bbb8a9\", \"key\": \"/UpdateInvoiceOutput/statusCode\", \"type\": \"number\", \"order\": 3.0, \"title\": \"statusCode\", \"value\": {\"type\": \"number\", \"requiredFlag\": false}, \"isLeaf\": true, \"entityType\": \"componentConfig\", \"childrenSet\": false, \"hasChildren\": false, \"dataElementType\": \"number\", \"encryption_required\": false}, {\"id\": \"462caa08-190e-45dc-8369-9a7935bbb8a9\", \"key\": \"/UpdateInvoiceOutput/response\", \"type\": \"object\", \"order\": 4.0, \"title\": \"response\", \"value\": {\"type\": \"object\", \"requiredFlag\": false}, \"isLeaf\": false, \"children\": [{\"id\": \"462caa08-190e-45dc-8369-9a7935bbb8a9\", \"key\": \"/UpdateInvoiceOutput/response/code\", \"type\": \"integer\", \"order\": 5.0, \"title\": \"code\", \"value\": {\"type\": \"integer\", \"requiredFlag\": false}, \"isLeaf\": true, \"entityType\": \"componentConfig\", \"childrenSet\": false, \"hasChildren\": false, \"dataElementType\": \"integer\", \"encryption_required\": false}, {\"id\": \"462caa08-190e-45dc-8369-9a7935bbb8a9\", \"key\": \"/UpdateInvoiceOutput/response/message\", \"type\": \"string\", \"order\": 6.0, \"title\": \"message\", \"value\": {\"type\": \"string\", \"requiredFlag\": false}, \"isLeaf\": true, \"entityType\": \"componentConfig\", \"childrenSet\": false, \"hasChildren\": false, \"dataElementType\": \"string\", \"encryption_required\": false}, {\"id\": \"462caa08-190e-45dc-8369-9a7935bbb8a9\", \"key\": \"/UpdateInvoiceOutput/response/invoice\", \"type\": \"object\", \"order\": 7.0, \"title\": \"invoice\", \"value\": {\"type\": \"object\", \"requiredFlag\": false}, \"isLeaf\": false, \"children\": [{\"id\": \"462caa08-190e-45dc-8369-9a7935bbb8a9\", \"key\": \"/UpdateInvoiceOutput/response/invoice/invoice_id\", \"type\": \"string\", \"order\": 8.0, \"title\": \"invoice_id\", \"value\": {\"type\": \"string\", \"requiredFlag\": false}, \"isLeaf\": true, \"entityType\": \"componentConfig\", \"childrenSet\": false, \"hasChildren\": false, \"dataElementType\": \"string\", \"encryption_required\": false}, {\"id\": \"462caa08-190e-45dc-8369-9a7935bbb8a9\", \"key\": \"/UpdateInvoiceOutput/response/invoice/ach_payment_initiated\", \"type\": \"boolean\", \"order\": 9.0, \"title\": \"ach_payment_initiated\", \"value\": {\"type\": \"boolean\", \"requiredFlag\": false}, \"isLeaf\": true, \"entityType\": \"componentConfig\", \"childrenSet\": false, \"hasChildren\": false, \"dataElementType\": \"boolean\", \"encryption_required\": false}, {\"id\": \"462caa08-190e-45dc-8369-9a7935bbb8a9\", \"key\": \"/UpdateInvoiceOutput/response/invoice/zcrm_potential_id\", \"type\": \"string\", \"order\": 10.0, \"title\": \"zcrm_potential_id\", \"value\": {\"type\": \"string\", \"requiredFlag\": false}, \"isLeaf\": true, \"entityType\": \"componentConfig\", \"childrenSet\": false, \"hasChildren\": false, \"dataElementType\": \"string\", \"encryption_required\": false}, {\"id\": \"462caa08-190e-45dc-8369-9a7935bbb8a9\", \"key\": \"/UpdateInvoiceOutput/response/invoice/zcrm_potential_name\", \"type\": \"string\", \"order\": 11.0, \"title\": \"zcrm_potential_name\", \"value\": {\"type\": \"string\", \"requiredFlag\": false}, \"isLeaf\": true, \"entityType\": \"componentConfig\", \"childrenSet\": false, \"hasChildren\": false, \"dataElementType\": \"string\", \"encryption_required\": false}, {\"id\": \"462caa08-190e-45dc-8369-9a7935bbb8a9\", \"key\": \"/UpdateInvoiceOutput/response/invoice/customer_name\", \"type\": \"string\", \"order\": 12.0, \"title\": \"customer_name\", \"value\": {\"type\": \"string\", \"requiredFlag\": false}, \"isLeaf\": true, \"entityType\": \"componentConfig\", \"childrenSet\": false, \"hasChildren\": false, \"dataElementType\": \"string\", \"encryption_required\": false}, {\"id\": \"462caa08-190e-45dc-8369-9a7935bbb8a9\", \"key\": \"/UpdateInvoiceOutput/response/invoice/customer_id\", \"type\": \"string\", \"order\": 13.0, \"title\": \"customer_id\", \"value\": {\"type\": \"string\", \"requiredFlag\": false}, \"isLeaf\": true, \"entityType\": \"componentConfig\", \"childrenSet\": false, \"hasChildren\": false, \"dataElementType\": \"string\", \"encryption_required\": false}, {\"id\": \"462caa08-190e-45dc-8369-9a7935bbb8a9\", \"key\": \"/UpdateInvoiceOutput/response/invoice/company_name\", \"type\": \"string\", \"order\": 14.0, \"title\": \"company_name\", \"value\": {\"type\": \"string\", \"requiredFlag\": false}, \"isLeaf\": true, \"entityType\": \"componentConfig\", \"childrenSet\": false, \"hasChildren\": false, \"dataElementType\": \"string\", \"encryption_required\": false}, {\"id\": \"462caa08-190e-45dc-8369-9a7935bbb8a9\", \"key\": \"/UpdateInvoiceOutput/response/invoice/status\", \"type\": \"string\", \"order\": 15.0, \"title\": \"status\", \"value\": {\"type\": \"string\", \"requiredFlag\": false}, \"isLeaf\": true, \"entityType\": \"componentConfig\", \"childrenSet\": false, \"hasChildren\": false, \"dataElementType\": \"string\", \"encryption_required\": false}, {\"id\": \"462caa08-190e-45dc-8369-9a7935bbb8a9\", \"key\": \"/UpdateInvoiceOutput/response/invoice/color_code\", \"type\": \"string\", \"order\": 16.0, \"title\": \"color_code\", \"value\": {\"type\": \"string\", \"requiredFlag\": false}, \"isLeaf\": true, \"entityType\": \"componentConfig\", \"childrenSet\": false, \"hasChildren\": false, \"dataElementType\": \"string\", \"encryption_required\": false}, {\"id\": \"462caa08-190e-45dc-8369-9a7935bbb8a9\", \"key\": \"/UpdateInvoiceOutput/response/invoice/current_sub_status_id\", \"type\": \"string\", \"order\": 17.0, \"title\": \"current_sub_status_id\", \"value\": {\"type\": \"string\", \"requiredFlag\": false}, \"isLeaf\": true, \"entityType\": \"componentConfig\", \"childrenSet\": false, \"hasChildren\": false, \"dataElementType\": \"string\", \"encryption_required\": false}, {\"id\": \"462caa08-190e-45dc-8369-9a7935bbb8a9\", \"key\": \"/UpdateInvoiceOutput/response/invoice/current_sub_status\", \"type\": \"string\", \"order\": 18.0, \"title\": \"current_sub_status\", \"value\": {\"type\": \"string\", \"requiredFlag\": false}, \"isLeaf\": true, \"entityType\": \"componentConfig\", \"childrenSet\": false, \"hasChildren\": false, \"dataElementType\": \"string\", \"encryption_required\": false}, {\"id\": \"462caa08-190e-45dc-8369-9a7935bbb8a9\", \"key\": \"/UpdateInvoiceOutput/response/invoice/invoice_number\", \"type\": \"string\", \"order\": 19.0, \"title\": \"invoice_number\", \"value\": {\"type\": \"string\", \"requiredFlag\": false}, \"isLeaf\": true, \"entityType\": \"componentConfig\", \"childrenSet\": false, \"hasChildren\": false, \"dataElementType\": \"string\", \"encryption_required\": false}, {\"id\": \"462caa08-190e-45dc-8369-9a7935bbb8a9\", \"key\": \"/UpdateInvoiceOutput/response/invoice/reference_number\", \"type\": \"string\", \"order\": 20.0, \"title\": \"reference_number\", \"value\": {\"type\": \"string\", \"requiredFlag\": false}, \"isLeaf\": true, \"entityType\": \"componentConfig\", \"childrenSet\": false, \"hasChildren\": false, \"dataElementType\": \"string\", \"encryption_required\": false}, {\"id\": \"462caa08-190e-45dc-8369-9a7935bbb8a9\", \"key\": \"/UpdateInvoiceOutput/response/invoice/date\", \"type\": \"string\", \"order\": 21.0, \"title\": \"date\", \"value\": {\"type\": \"string\", \"requiredFlag\": false}, \"isLeaf\": true, \"entityType\": \"componentConfig\", \"childrenSet\": false, \"hasChildren\": false, \"dataElementType\": \"string\", \"encryption_required\": false}, {\"id\": \"462caa08-190e-45dc-8369-9a7935bbb8a9\", \"key\": \"/UpdateInvoiceOutput/response/invoice/due_date\", \"type\": \"string\", \"order\": 22.0, \"title\": \"due_date\", \"value\": {\"type\": \"string\", \"requiredFlag\": false}, \"isLeaf\": true, \"entityType\": \"componentConfig\", \"childrenSet\": false, \"hasChildren\": false, \"dataElementType\": \"string\", \"encryption_required\": false}, {\"id\": \"462caa08-190e-45dc-8369-9a7935bbb8a9\", \"key\": \"/UpdateInvoiceOutput/response/invoice/due_days\", \"type\": \"string\", \"order\": 23.0, \"title\": \"due_days\", \"value\": {\"type\": \"string\", \"requiredFlag\": false}, \"isLeaf\": true, \"entityType\": \"componentConfig\", \"childrenSet\": false, \"hasChildren\": false, \"dataElementType\": \"string\", \"encryption_required\": false}, {\"id\": \"462caa08-190e-45dc-8369-9a7935bbb8a9\", \"key\": \"/UpdateInvoiceOutput/response/invoice/currency_id\", \"type\": \"string\", \"order\": 24.0, \"title\": \"currency_id\", \"value\": {\"type\": \"string\", \"requiredFlag\": false}, \"isLeaf\": true, \"entityType\": \"componentConfig\", \"childrenSet\": false, \"hasChildren\": false, \"dataElementType\": \"string\", \"encryption_required\": false}, {\"id\": \"462caa08-190e-45dc-8369-9a7935bbb8a9\", \"key\": \"/UpdateInvoiceOutput/response/invoice/schedule_time\", \"type\": \"string\", \"order\": 25.0, \"title\": \"schedule_time\", \"value\": {\"type\": \"string\", \"requiredFlag\": false}, \"isLeaf\": true, \"entityType\": \"componentConfig\", \"childrenSet\": false, \"hasChildren\": false, \"dataElementType\": \"string\", \"encryption_required\": false}, {\"id\": \"462caa08-190e-45dc-8369-9a7935bbb8a9\", \"key\": \"/UpdateInvoiceOutput/response/invoice/email\", \"type\": \"string\", \"order\": 26.0, \"title\": \"email\", \"value\": {\"type\": \"string\", \"requiredFlag\": false}, \"isLeaf\": true, \"entityType\": \"componentConfig\", \"childrenSet\": false, \"hasChildren\": false, \"dataElementType\": \"string\", \"encryption_required\": false}, {\"id\": \"462caa08-190e-45dc-8369-9a7935bbb8a9\", \"key\": \"/UpdateInvoiceOutput/response/invoice/currency_code\", \"type\": \"string\", \"order\": 27.0, \"title\": \"currency_code\", \"value\": {\"type\": \"string\", \"requiredFlag\": false}, \"isLeaf\": true, \"entityType\": \"componentConfig\", \"childrenSet\": false, \"hasChildren\": false, \"dataElementType\": \"string\", \"encryption_required\": false}, {\"id\": \"462caa08-190e-45dc-8369-9a7935bbb8a9\", \"key\": \"/UpdateInvoiceOutput/response/invoice/currency_symbol\", \"type\": \"string\", \"order\": 28.0, \"title\": \"currency_symbol\", \"value\": {\"type\": \"string\", \"requiredFlag\": false}, \"isLeaf\": true, \"entityType\": \"componentConfig\", \"childrenSet\": false, \"hasChildren\": false, \"dataElementType\": \"string\", \"encryption_required\": false}, {\"id\": \"462caa08-190e-45dc-8369-9a7935bbb8a9\", \"key\": \"/UpdateInvoiceOutput/response/invoice/template_type\", \"type\": \"string\", \"order\": 29.0, \"title\": \"template_type\", \"value\": {\"type\": \"string\", \"requiredFlag\": false}, \"isLeaf\": true, \"entityType\": \"componentConfig\", \"childrenSet\": false, \"hasChildren\": false, \"dataElementType\": \"string\", \"encryption_required\": false}, {\"id\": \"462caa08-190e-45dc-8369-9a7935bbb8a9\", \"key\": \"/UpdateInvoiceOutput/response/invoice/no_of_copies\", \"type\": \"integer\", \"order\": 30.0, \"title\": \"no_of_copies\", \"value\": {\"type\": \"integer\", \"requiredFlag\": false}, \"isLeaf\": true, \"entityType\": \"componentConfig\", \"childrenSet\": false, \"hasChildren\": false, \"dataElementType\": \"integer\", \"encryption_required\": false}, {\"id\": \"462caa08-190e-45dc-8369-9a7935bbb8a9\", \"key\": \"/UpdateInvoiceOutput/response/invoice/show_no_of_copies\", \"type\": \"boolean\", \"order\": 31.0, \"title\": \"show_no_of_copies\", \"value\": {\"type\": \"boolean\", \"requiredFlag\": false}, \"isLeaf\": true, \"entityType\": \"componentConfig\", \"childrenSet\": false, \"hasChildren\": false, \"dataElementType\": \"boolean\", \"encryption_required\": false}, {\"id\": \"462caa08-190e-45dc-8369-9a7935bbb8a9\", \"key\": \"/UpdateInvoiceOutput/response/invoice/is_viewed_by_client\", \"type\": \"boolean\", \"order\": 32.0, \"title\": \"is_viewed_by_client\", \"value\": {\"type\": \"boolean\", \"requiredFlag\": false}, \"isLeaf\": true, \"entityType\": \"componentConfig\", \"childrenSet\": false, \"hasChildren\": false, \"dataElementType\": \"boolean\", \"encryption_required\": false}, {\"id\": \"462caa08-190e-45dc-8369-9a7935bbb8a9\", \"key\": \"/UpdateInvoiceOutput/response/invoice/has_attachment\", \"type\": \"boolean\", \"order\": 33.0, \"title\": \"has_attachment\", \"value\": {\"type\": \"boolean\", \"requiredFlag\": false}, \"isLeaf\": true, \"entityType\": \"componentConfig\", \"childrenSet\": false, \"hasChildren\": false, \"dataElementType\": \"boolean\", \"encryption_required\": false}, {\"id\": \"462caa08-190e-45dc-8369-9a7935bbb8a9\", \"key\": \"/UpdateInvoiceOutput/response/invoice/client_viewed_time\", \"type\": \"string\", \"order\": 34.0, \"title\": \"client_viewed_time\", \"value\": {\"type\": \"string\", \"requiredFlag\": false}, \"isLeaf\": true, \"entityType\": \"componentConfig\", \"childrenSet\": false, \"hasChildren\": false, \"dataElementType\": \"string\", \"encryption_required\": false}, {\"id\": \"462caa08-190e-45dc-8369-9a7935bbb8a9\", \"key\": \"/UpdateInvoiceOutput/response/invoice/invoice_url\", \"type\": \"string\", \"order\": 35.0, \"title\": \"invoice_url\", \"value\": {\"type\": \"string\", \"requiredFlag\": false}, \"isLeaf\": true, \"entityType\": \"componentConfig\", \"childrenSet\": false, \"hasChildren\": false, \"dataElementType\": \"string\", \"encryption_required\": false}, {\"id\": \"462caa08-190e-45dc-8369-9a7935bbb8a9\", \"key\": \"/UpdateInvoiceOutput/response/invoice/project_name\", \"type\": \"string\", \"order\": 36.0, \"title\": \"project_name\", \"value\": {\"type\": \"string\", \"requiredFlag\": false}, \"isLeaf\": true, \"entityType\": \"componentConfig\", \"childrenSet\": false, \"hasChildren\": false, \"dataElementType\": \"string\", \"encryption_required\": false}, {\"id\": \"462caa08-190e-45dc-8369-9a7935bbb8a9\", \"key\": \"/UpdateInvoiceOutput/response/invoice/billing_address\", \"type\": \"object\", \"order\": 37.0, \"title\": \"billing_address\", \"value\": {\"type\": \"object\", \"requiredFlag\": false}, \"isLeaf\": false, \"children\": [{\"id\": \"462caa08-190e-45dc-8369-9a7935bbb8a9\", \"key\": \"/UpdateInvoiceOutput/response/invoice/billing_address/address\", \"type\": \"string\", \"order\": 38.0, \"title\": \"address\", \"value\": {\"type\": \"string\", \"requiredFlag\": false}, \"isLeaf\": true, \"entityType\": \"componentConfig\", \"childrenSet\": false, \"hasChildren\": false, \"dataElementType\": \"string\", \"encryption_required\": false}, {\"id\": \"462caa08-190e-45dc-8369-9a7935bbb8a9\", \"key\": \"/UpdateInvoiceOutput/response/invoice/billing_address/street2\", \"type\": \"string\", \"order\": 39.0, \"title\": \"street2\", \"value\": {\"type\": \"string\", \"requiredFlag\": false}, \"isLeaf\": true, \"entityType\": \"componentConfig\", \"childrenSet\": false, \"hasChildren\": false, \"dataElementType\": \"string\", \"encryption_required\": false}, {\"id\": \"462caa08-190e-45dc-8369-9a7935bbb8a9\", \"key\": \"/UpdateInvoiceOutput/response/invoice/billing_address/city\", \"type\": \"string\", \"order\": 40.0, \"title\": \"city\", \"value\": {\"type\": \"string\", \"requiredFlag\": false}, \"isLeaf\": true, \"entityType\": \"componentConfig\", \"childrenSet\": false, \"hasChildren\": false, \"dataElementType\": \"string\", \"encryption_required\": false}, {\"id\": \"462caa08-190e-45dc-8369-9a7935bbb8a9\", \"key\": \"/UpdateInvoiceOutput/response/invoice/billing_address/state\", \"type\": \"string\", \"order\": 41.0, \"title\": \"state\", \"value\": {\"type\": \"string\", \"requiredFlag\": false}, \"isLeaf\": true, \"entityType\": \"componentConfig\", \"childrenSet\": false, \"hasChildren\": false, \"dataElementType\": \"string\", \"encryption_required\": false}, {\"id\": \"462caa08-190e-45dc-8369-9a7935bbb8a9\", \"key\": \"/UpdateInvoiceOutput/response/invoice/billing_address/zipcode\", \"type\": \"string\", \"order\": 42.0, \"title\": \"zipcode\", \"value\": {\"type\": \"string\", \"requiredFlag\": false}, \"isLeaf\": true, \"entityType\": \"componentConfig\", \"childrenSet\": false, \"hasChildren\": false, \"dataElementType\": \"string\", \"encryption_required\": false}, {\"id\": \"462caa08-190e-45dc-8369-9a7935bbb8a9\", \"key\": \"/UpdateInvoiceOutput/response/invoice/billing_address/country\", \"type\": \"string\", \"order\": 43.0, \"title\": \"country\", \"value\": {\"type\": \"string\", \"requiredFlag\": false}, \"isLeaf\": true, \"entityType\": \"componentConfig\", \"childrenSet\": false, \"hasChildren\": false, \"dataElementType\": \"string\", \"encryption_required\": false}, {\"id\": \"462caa08-190e-45dc-8369-9a7935bbb8a9\", \"key\": \"/UpdateInvoiceOutput/response/invoice/billing_address/phone\", \"type\": \"string\", \"order\": 44.0, \"title\": \"phone\", \"value\": {\"type\": \"string\", \"requiredFlag\": false}, \"isLeaf\": true, \"entityType\": \"componentConfig\", \"childrenSet\": false, \"hasChildren\": false, \"dataElementType\": \"string\", \"encryption_required\": false}, {\"id\": \"462caa08-190e-45dc-8369-9a7935bbb8a9\", \"key\": \"/UpdateInvoiceOutput/response/invoice/billing_address/fax\", \"type\": \"string\", \"order\": 45.0, \"title\": \"fax\", \"value\": {\"type\": \"string\", \"requiredFlag\": false}, \"isLeaf\": true, \"entityType\": \"componentConfig\", \"childrenSet\": false, \"hasChildren\": false, \"dataElementType\": \"string\", \"encryption_required\": false}, {\"id\": \"462caa08-190e-45dc-8369-9a7935bbb8a9\", \"key\": \"/UpdateInvoiceOutput/response/invoice/billing_address/attention\", \"type\": \"string\", \"order\": 46.0, \"title\": \"attention\", \"value\": {\"type\": \"string\", \"requiredFlag\": false}, \"isLeaf\": true, \"entityType\": \"componentConfig\", \"childrenSet\": false, \"hasChildren\": false, \"dataElementType\": \"string\", \"encryption_required\": false}], \"entityType\": \"componentConfig\", \"childrenSet\": false, \"hasChildren\": false, \"dataElementType\": \"document\", \"encryption_required\": false}, {\"id\": \"462caa08-190e-45dc-8369-9a7935bbb8a9\", \"key\": \"/UpdateInvoiceOutput/response/invoice/shipping_address\", \"type\": \"object\", \"order\": 47.0, \"title\": \"shipping_address\", \"value\": {\"type\": \"object\", \"requiredFlag\": false}, \"isLeaf\": false, \"children\": [{\"id\": \"462caa08-190e-45dc-8369-9a7935bbb8a9\", \"key\": \"/UpdateInvoiceOutput/response/invoice/shipping_address/address\", \"type\": \"string\", \"order\": 48.0, \"title\": \"address\", \"value\": {\"type\": \"string\", \"requiredFlag\": false}, \"isLeaf\": true, \"entityType\": \"componentConfig\", \"childrenSet\": false, \"hasChildren\": false, \"dataElementType\": \"string\", \"encryption_required\": false}, {\"id\": \"462caa08-190e-45dc-8369-9a7935bbb8a9\", \"key\": \"/UpdateInvoiceOutput/response/invoice/shipping_address/street2\", \"type\": \"string\", \"order\": 49.0, \"title\": \"street2\", \"value\": {\"type\": \"string\", \"requiredFlag\": false}, \"isLeaf\": true, \"entityType\": \"componentConfig\", \"childrenSet\": false, \"hasChildren\": false, \"dataElementType\": \"string\", \"encryption_required\": false}, {\"id\": \"462caa08-190e-45dc-8369-9a7935bbb8a9\", \"key\": \"/UpdateInvoiceOutput/response/invoice/shipping_address/city\", \"type\": \"string\", \"order\": 50.0, \"title\": \"city\", \"value\": {\"type\": \"string\", \"requiredFlag\": false}, \"isLeaf\": true, \"entityType\": \"componentConfig\", \"childrenSet\": false, \"hasChildren\": false, \"dataElementType\": \"string\", \"encryption_required\": false}, {\"id\": \"462caa08-190e-45dc-8369-9a7935bbb8a9\", \"key\": \"/UpdateInvoiceOutput/response/invoice/shipping_address/state\", \"type\": \"string\", \"order\": 51.0, \"title\": \"state\", \"value\": {\"type\": \"string\", \"requiredFlag\": false}, \"isLeaf\": true, \"entityType\": \"componentConfig\", \"childrenSet\": false, \"hasChildren\": false, \"dataElementType\": \"string\", \"encryption_required\": false}, {\"id\": \"462caa08-190e-45dc-8369-9a7935bbb8a9\", \"key\": \"/UpdateInvoiceOutput/response/invoice/shipping_address/zipcode\", \"type\": \"string\", \"order\": 52.0, \"title\": \"zipcode\", \"value\": {\"type\": \"string\", \"requiredFlag\": false}, \"isLeaf\": true, \"entityType\": \"componentConfig\", \"childrenSet\": false, \"hasChildren\": false, \"dataElementType\": \"string\", \"encryption_required\": false}, {\"id\": \"462caa08-190e-45dc-8369-9a7935bbb8a9\", \"key\": \"/UpdateInvoiceOutput/response/invoice/shipping_address/country\", \"type\": \"string\", \"order\": 53.0, \"title\": \"country\", \"value\": {\"type\": \"string\", \"requiredFlag\": false}, \"isLeaf\": true, \"entityType\": \"componentConfig\", \"childrenSet\": false, \"hasChildren\": false, \"dataElementType\": \"string\", \"encryption_required\": false}, {\"id\": \"462caa08-190e-45dc-8369-9a7935bbb8a9\", \"key\": \"/UpdateInvoiceOutput/response/invoice/shipping_address/phone\", \"type\": \"string\", \"order\": 54.0, \"title\": \"phone\", \"value\": {\"type\": \"string\", \"requiredFlag\": false}, \"isLeaf\": true, \"entityType\": \"componentConfig\", \"childrenSet\": false, \"hasChildren\": false, \"dataElementType\": \"string\", \"encryption_required\": false}, {\"id\": \"462caa08-190e-45dc-8369-9a7935bbb8a9\", \"key\": \"/UpdateInvoiceOutput/response/invoice/shipping_address/fax\", \"type\": \"string\", \"order\": 55.0, \"title\": \"fax\", \"value\": {\"type\": \"string\", \"requiredFlag\": false}, \"isLeaf\": true, \"entityType\": \"componentConfig\", \"childrenSet\": false, \"hasChildren\": false, \"dataElementType\": \"string\", \"encryption_required\": false}, {\"id\": \"462caa08-190e-45dc-8369-9a7935bbb8a9\", \"key\": \"/UpdateInvoiceOutput/response/invoice/shipping_address/attention\", \"type\": \"string\", \"order\": 56.0, \"title\": \"attention\", \"value\": {\"type\": \"string\", \"requiredFlag\": false}, \"isLeaf\": true, \"entityType\": \"componentConfig\", \"childrenSet\": false, \"hasChildren\": false, \"dataElementType\": \"string\", \"encryption_required\": false}], \"entityType\": \"componentConfig\", \"childrenSet\": false, \"hasChildren\": false, \"dataElementType\": \"document\", \"encryption_required\": false}, {\"id\": \"462caa08-190e-45dc-8369-9a7935bbb8a9\", \"key\": \"/UpdateInvoiceOutput/response/invoice/country\", \"type\": \"string\", \"order\": 57.0, \"title\": \"country\", \"value\": {\"type\": \"string\", \"requiredFlag\": false}, \"isLeaf\": true, \"entityType\": \"componentConfig\", \"childrenSet\": false, \"hasChildren\": false, \"dataElementType\": \"string\", \"encryption_required\": false}, {\"id\": \"462caa08-190e-45dc-8369-9a7935bbb8a9\", \"key\": \"/UpdateInvoiceOutput/response/invoice/phone\", \"type\": \"string\", \"order\": 58.0, \"title\": \"phone\", \"value\": {\"type\": \"string\", \"requiredFlag\": false}, \"isLeaf\": true, \"entityType\": \"componentConfig\", \"childrenSet\": false, \"hasChildren\": false, \"dataElementType\": \"string\", \"encryption_required\": false}, {\"id\": \"462caa08-190e-45dc-8369-9a7935bbb8a9\", \"key\": \"/UpdateInvoiceOutput/response/invoice/created_by\", \"type\": \"string\", \"order\": 59.0, \"title\": \"created_by\", \"value\": {\"type\": \"string\", \"requiredFlag\": false}, \"isLeaf\": true, \"entityType\": \"componentConfig\", \"childrenSet\": false, \"hasChildren\": false, \"dataElementType\": \"string\", \"encryption_required\": false}, {\"id\": \"462caa08-190e-45dc-8369-9a7935bbb8a9\", \"key\": \"/UpdateInvoiceOutput/response/invoice/updated_time\", \"type\": \"string\", \"order\": 60.0, \"title\": \"updated_time\", \"value\": {\"type\": \"string\", \"requiredFlag\": false}, \"isLeaf\": true, \"entityType\": \"componentConfig\", \"childrenSet\": false, \"hasChildren\": false, \"dataElementType\": \"string\", \"encryption_required\": false}, {\"id\": \"462caa08-190e-45dc-8369-9a7935bbb8a9\", \"key\": \"/UpdateInvoiceOutput/response/invoice/transaction_type\", \"type\": \"string\", \"order\": 61.0, \"title\": \"transaction_type\", \"value\": {\"type\": \"string\", \"requiredFlag\": false}, \"isLeaf\": true, \"entityType\": \"componentConfig\", \"childrenSet\": false, \"hasChildren\": false, \"dataElementType\": \"string\", \"encryption_required\": false}, {\"id\": \"462caa08-190e-45dc-8369-9a7935bbb8a9\", \"key\": \"/UpdateInvoiceOutput/response/invoice/total\", \"type\": \"integer\", \"order\": 62.0, \"title\": \"total\", \"value\": {\"type\": \"integer\", \"requiredFlag\": false}, \"isLeaf\": true, \"entityType\": \"componentConfig\", \"childrenSet\": false, \"hasChildren\": false, \"dataElementType\": \"integer\", \"encryption_required\": false}, {\"id\": \"462caa08-190e-45dc-8369-9a7935bbb8a9\", \"key\": \"/UpdateInvoiceOutput/response/invoice/balance\", \"type\": \"integer\", \"order\": 63.0, \"title\": \"balance\", \"value\": {\"type\": \"integer\", \"requiredFlag\": false}, \"isLeaf\": true, \"entityType\": \"componentConfig\", \"childrenSet\": false, \"hasChildren\": false, \"dataElementType\": \"integer\", \"encryption_required\": false}, {\"id\": \"462caa08-190e-45dc-8369-9a7935bbb8a9\", \"key\": \"/UpdateInvoiceOutput/response/invoice/created_time\", \"type\": \"string\", \"order\": 64.0, \"title\": \"created_time\", \"value\": {\"type\": \"string\", \"requiredFlag\": false}, \"isLeaf\": true, \"entityType\": \"componentConfig\", \"childrenSet\": false, \"hasChildren\": false, \"dataElementType\": \"string\", \"encryption_required\": false}, {\"id\": \"462caa08-190e-45dc-8369-9a7935bbb8a9\", \"key\": \"/UpdateInvoiceOutput/response/invoice/last_modified_time\", \"type\": \"string\", \"order\": 65.0, \"title\": \"last_modified_time\", \"value\": {\"type\": \"string\", \"requiredFlag\": false}, \"isLeaf\": true, \"entityType\": \"componentConfig\", \"childrenSet\": false, \"hasChildren\": false, \"dataElementType\": \"string\", \"encryption_required\": false}, {\"id\": \"462caa08-190e-45dc-8369-9a7935bbb8a9\", \"key\": \"/UpdateInvoiceOutput/response/invoice/is_emailed\", \"type\": \"boolean\", \"order\": 66.0, \"title\": \"is_emailed\", \"value\": {\"type\": \"boolean\", \"requiredFlag\": false}, \"isLeaf\": true, \"entityType\": \"componentConfig\", \"childrenSet\": false, \"hasChildren\": false, \"dataElementType\": \"boolean\", \"encryption_required\": false}, {\"id\": \"462caa08-190e-45dc-8369-9a7935bbb8a9\", \"key\": \"/UpdateInvoiceOutput/response/invoice/is_viewed_in_mail\", \"type\": \"boolean\", \"order\": 67.0, \"title\": \"is_viewed_in_mail\", \"value\": {\"type\": \"boolean\", \"requiredFlag\": false}, \"isLeaf\": true, \"entityType\": \"componentConfig\", \"childrenSet\": false, \"hasChildren\": false, \"dataElementType\": \"boolean\", \"encryption_required\": false}, {\"id\": \"462caa08-190e-45dc-8369-9a7935bbb8a9\", \"key\": \"/UpdateInvoiceOutput/response/invoice/mail_first_viewed_time\", \"type\": \"string\", \"order\": 68.0, \"title\": \"mail_first_viewed_time\", \"value\": {\"type\": \"string\", \"requiredFlag\": false}, \"isLeaf\": true, \"entityType\": \"componentConfig\", \"childrenSet\": false, \"hasChildren\": false, \"dataElementType\": \"string\", \"encryption_required\": false}, {\"id\": \"462caa08-190e-45dc-8369-9a7935bbb8a9\", \"key\": \"/UpdateInvoiceOutput/response/invoice/mail_last_viewed_time\", \"type\": \"string\", \"order\": 69.0, \"title\": \"mail_last_viewed_time\", \"value\": {\"type\": \"string\", \"requiredFlag\": false}, \"isLeaf\": true, \"entityType\": \"componentConfig\", \"childrenSet\": false, \"hasChildren\": false, \"dataElementType\": \"string\", \"encryption_required\": false}, {\"id\": \"462caa08-190e-45dc-8369-9a7935bbb8a9\", \"key\": \"/UpdateInvoiceOutput/response/invoice/reminders_sent\", \"type\": \"integer\", \"order\": 70.0, \"title\": \"reminders_sent\", \"value\": {\"type\": \"integer\", \"requiredFlag\": false}, \"isLeaf\": true, \"entityType\": \"componentConfig\", \"childrenSet\": false, \"hasChildren\": false, \"dataElementType\": \"integer\", \"encryption_required\": false}, {\"id\": \"462caa08-190e-45dc-8369-9a7935bbb8a9\", \"key\": \"/UpdateInvoiceOutput/response/invoice/last_reminder_sent_date\", \"type\": \"string\", \"order\": 71.0, \"title\": \"last_reminder_sent_date\", \"value\": {\"type\": \"string\", \"requiredFlag\": false}, \"isLeaf\": true, \"entityType\": \"componentConfig\", \"childrenSet\": false, \"hasChildren\": false, \"dataElementType\": \"string\", \"encryption_required\": false}, {\"id\": \"462caa08-190e-45dc-8369-9a7935bbb8a9\", \"key\": \"/UpdateInvoiceOutput/response/invoice/payment_expected_date\", \"type\": \"string\", \"order\": 72.0, \"title\": \"payment_expected_date\", \"value\": {\"type\": \"string\", \"requiredFlag\": false}, \"isLeaf\": true, \"entityType\": \"componentConfig\", \"childrenSet\": false, \"hasChildren\": false, \"dataElementType\": \"string\", \"encryption_required\": false}, {\"id\": \"462caa08-190e-45dc-8369-9a7935bbb8a9\", \"key\": \"/UpdateInvoiceOutput/response/invoice/last_payment_date\", \"type\": \"string\", \"order\": 73.0, \"title\": \"last_payment_date\", \"value\": {\"type\": \"string\", \"requiredFlag\": false}, \"isLeaf\": true, \"entityType\": \"componentConfig\", \"childrenSet\": false, \"hasChildren\": false, \"dataElementType\": \"string\", \"encryption_required\": false}, {\"id\": \"462caa08-190e-45dc-8369-9a7935bbb8a9\", \"key\": \"/UpdateInvoiceOutput/response/invoice/custom_fields[]\", \"type\": \"array\", \"order\": 74.0, \"title\": \"custom_fields\", \"value\": {\"type\": \"array\", \"requiredFlag\": false}, \"isLeaf\": false, \"entityType\": \"componentConfig\", \"childrenSet\": false, \"hasChildren\": false, \"dataElementType\": \"objectArray\", \"encryption_required\": false}, {\"id\": \"462caa08-190e-45dc-8369-9a7935bbb8a9\", \"key\": \"/UpdateInvoiceOutput/response/invoice/custom_field_hash\", \"type\": \"object\", \"order\": 75.0, \"title\": \"custom_field_hash\", \"value\": {\"type\": \"object\", \"requiredFlag\": false}, \"isLeaf\": false, \"entityType\": \"componentConfig\", \"childrenSet\": false, \"hasChildren\": false, \"dataElementType\": \"object\", \"encryption_required\": false}, {\"id\": \"462caa08-190e-45dc-8369-9a7935bbb8a9\", \"key\": \"/UpdateInvoiceOutput/response/invoice/template_id\", \"type\": \"string\", \"order\": 76.0, \"title\": \"template_id\", \"value\": {\"type\": \"string\", \"requiredFlag\": false}, \"isLeaf\": true, \"entityType\": \"componentConfig\", \"childrenSet\": false, \"hasChildren\": false, \"dataElementType\": \"string\", \"encryption_required\": false}, {\"id\": \"462caa08-190e-45dc-8369-9a7935bbb8a9\", \"key\": \"/UpdateInvoiceOutput/response/invoice/documents\", \"type\": \"string\", \"order\": 77.0, \"title\": \"documents\", \"value\": {\"type\": \"string\", \"requiredFlag\": false}, \"isLeaf\": true, \"entityType\": \"componentConfig\", \"childrenSet\": false, \"hasChildren\": false, \"dataElementType\": \"string\", \"encryption_required\": false}, {\"id\": \"462caa08-190e-45dc-8369-9a7935bbb8a9\", \"key\": \"/UpdateInvoiceOutput/response/invoice/salesperson_id\", \"type\": \"string\", \"order\": 78.0, \"title\": \"salesperson_id\", \"value\": {\"type\": \"string\", \"requiredFlag\": false}, \"isLeaf\": true, \"entityType\": \"componentConfig\", \"childrenSet\": false, \"hasChildren\": false, \"dataElementType\": \"string\", \"encryption_required\": false}, {\"id\": \"462caa08-190e-45dc-8369-9a7935bbb8a9\", \"key\": \"/UpdateInvoiceOutput/response/invoice/salesperson_name\", \"type\": \"string\", \"order\": 79.0, \"title\": \"salesperson_name\", \"value\": {\"type\": \"string\", \"requiredFlag\": false}, \"isLeaf\": true, \"entityType\": \"componentConfig\", \"childrenSet\": false, \"hasChildren\": false, \"dataElementType\": \"string\", \"encryption_required\": false}, {\"id\": \"462caa08-190e-45dc-8369-9a7935bbb8a9\", \"key\": \"/UpdateInvoiceOutput/response/invoice/shipping_charge\", \"type\": \"integer\", \"order\": 80.0, \"title\": \"shipping_charge\", \"value\": {\"type\": \"integer\", \"requiredFlag\": false}, \"isLeaf\": true, \"entityType\": \"componentConfig\", \"childrenSet\": false, \"hasChildren\": false, \"dataElementType\": \"integer\", \"encryption_required\": false}, {\"id\": \"462caa08-190e-45dc-8369-9a7935bbb8a9\", \"key\": \"/UpdateInvoiceOutput/response/invoice/adjustment\", \"type\": \"integer\", \"order\": 81.0, \"title\": \"adjustment\", \"value\": {\"type\": \"integer\", \"requiredFlag\": false}, \"isLeaf\": true, \"entityType\": \"componentConfig\", \"childrenSet\": false, \"hasChildren\": false, \"dataElementType\": \"integer\", \"encryption_required\": false}, {\"id\": \"462caa08-190e-45dc-8369-9a7935bbb8a9\", \"key\": \"/UpdateInvoiceOutput/response/invoice/write_off_amount\", \"type\": \"integer\", \"order\": 82.0, \"title\": \"write_off_amount\", \"value\": {\"type\": \"integer\", \"requiredFlag\": false}, \"isLeaf\": true, \"entityType\": \"componentConfig\", \"childrenSet\": false, \"hasChildren\": false, \"dataElementType\": \"integer\", \"encryption_required\": false}, {\"id\": \"462caa08-190e-45dc-8369-9a7935bbb8a9\", \"key\": \"/UpdateInvoiceOutput/response/invoice/exchange_rate\", \"type\": \"integer\", \"order\": 83.0, \"title\": \"exchange_rate\", \"value\": {\"type\": \"integer\", \"requiredFlag\": false}, \"isLeaf\": true, \"entityType\": \"componentConfig\", \"childrenSet\": false, \"hasChildren\": false, \"dataElementType\": \"integer\", \"encryption_required\": false}], \"entityType\": \"componentConfig\", \"childrenSet\": false, \"hasChildren\": false, \"dataElementType\": \"document\", \"encryption_required\": false}], \"entityType\": \"componentConfig\", \"childrenSet\": false, \"hasChildren\": false, \"dataElementType\": \"document\", \"encryption_required\": false}, {\"id\": \"462caa08-190e-45dc-8369-9a7935bbb8a9\", \"key\": \"/UpdateInvoiceOutput/errors\", \"order\": 3.0, \"title\": \"errors\", \"value\": {\"type\": \"object\"}, \"isLeaf\": true, \"children\": [], \"entityType\": \"componentConfig\", \"childrenSet\": false, \"hasChildren\": false, \"dataElementType\": \"document\", \"encryption_required\": false}, {\"id\": \"462caa08-190e-45dc-8369-9a7935bbb8a9\", \"key\": \"/UpdateInvoiceOutput/responseHeaders\", \"order\": 4.0, \"title\": \"responseHeaders\", \"value\": {\"type\": \"object\"}, \"isLeaf\": true, \"children\": [], \"entityType\": \"componentConfig\", \"childrenSet\": false, \"hasChildren\": false, \"dataElementType\": \"document\", \"encryption_required\": false}], \"entityType\": \"componentConfig\", \"childrenSet\": false, \"hasChildren\": false, \"dataElementType\": \"document\", \"encryption_required\": false}]",
    "null" : false
  },
  "config_plug_id" : null,
  "override_plug" : false,
  "config_java_service_id" : null,
  "service_tag" : "EMPTY",
  "endpoint_tag" : "EMPTY",
  "config_service_tag" : "",
  "config_imap_tag" : "",
  "config_b2b_document_type_tag" : "",
  "active" : true,
  "parent_component_config_service_tag" : "EMPTY",
  "service_project_id" : "4137b400-42a6-4933-9e88-8705c99f77b4",
  "service_project_tag" : "EMPTY",
  "config_service_project_id" : null,
  "config_service_project_tag" : "",
  "config_imap_project_id" : null,
  "config_imap_project_tag" : "",
  "config_b2b_document_type_project_id" : null,
  "config_b2b_document_type_project_tag" : "",
  "endpoint_project_id" : "feabfdee-7bc4-4bff-8bac-86dc108dbad2",
  "endpoint_project_tag" : "EMPTY",
  "config_plug_tag" : null,
  "config_plug_project_id" : null,
  "config_plug_project_tag" : null,
  "config_java_service_tag" : "",
  "config_java_service_project_id" : null,
  "config_java_service_project_tag" : "",
  "disabled" : true,
  "config" : {
    "type" : "json",
    "value" : "{\"objectName\":\"Invoice\",\"operationName\":\"UpdateInvoice\",\"actionConfig\":{\"resourcePath\":\"/api/v3/invoices/{Invoice_id}\",\"produces\":[\"application/json\"],\"methodName\":\"put\",\"consumes\":[\"application/json\"]}}",
    "null" : false
  },
  "config_b2b_document_type_project_mode_id" : "112c1cb8-4b9e-4d1a-a042-0bd031dc7d05",
  "config_imap_project_mode_id" : "112c1cb8-4b9e-4d1a-a042-0bd031dc7d05",
  "config_java_service_project_mode_id" : "112c1cb8-4b9e-4d1a-a042-0bd031dc7d05",
  "config_plug_project_mode_id" : "112c1cb8-4b9e-4d1a-a042-0bd031dc7d05",
  "config_service_project_mode_id" : "112c1cb8-4b9e-4d1a-a042-0bd031dc7d05",
  "endpoint_project_mode_id" : "112c1cb8-4b9e-4d1a-a042-0bd031dc7d05",
  "service_project_mode_id" : "112c1cb8-4b9e-4d1a-a042-0bd031dc7d05",
  "parent_component_config_service_project_mode_id" : "112c1cb8-4b9e-4d1a-a042-0bd031dc7d05",
  "is_audit" : true,
  "keys_with_order" : null
}