{
  "component_config_id" : "5d978e05-2a53-4049-93be-66e92c63f362",
  "endpoint_config_json" : {
    "type" : "jsonb",
    "value" : "{\"crossRef\": [], \"services\": [], \"multistep\": [], \"operations\": []}",
    "null" : false
  },
  "input_config_json" : {
    "type" : "jsonb",
    "value" : "{\"crossRef\": [], \"services\": [], \"multistep\": [], \"operations\": []}",
    "null" : false
  },
  "output_config_json" : {
    "type" : "jsonb",
    "value" : "{\"crossRef\": [], \"services\": [], \"multistep\": [], \"operations\": [{\"transformer\": {\"id\": \"0557cba8-d5f6-4385-aa69-1857116282ff\", \"name\": \"STRING_UPPER_CASE\", \"type\": \"String\", \"query\": null, \"inputs\": [{\"id\": \"d552a0d0-851e-435d-84b2-fecca56faba8\", \"root\": false, \"type\": \"map\", \"cached\": false, \"source\": \"/LeadsCSV/delimitedRecords/last_name\", \"target\": \"/STRING_UPPER_CASE_INPUT/inputString\", \"mapNull\": false, \"disabled\": false, \"extractXml\": false, \"extractJson\": false, \"mapEmptyString\": false, \"sourceJavaType\": \"java.lang.String\", \"targetJavaType\": \"java.lang.String\"}], \"outputs\": [{\"id\": \"fd03a3d4-a1b6-478a-9d79-52c1cc14a193\", \"root\": false, \"type\": \"map\", \"cached\": false, \"source\": \"/STRING_UPPER_CASE_OUTPUT/output\", \"target\": \"/Lead/LastName\", \"mapNull\": false, \"disabled\": false, \"extractXml\": false, \"extractJson\": true, \"targetOrder\": 2.0, \"mapEmptyString\": false, \"sourceJavaType\": \"java.lang.String\", \"targetJavaType\": \"java.lang.String\"}], \"tableId\": null, \"configId\": null, \"disabled\": false, \"serviceId\": null, \"expression\": null}}, {\"transformer\": {\"id\": \"ba3661f4-29ef-42b2-bb06-df5a941bb4e0\", \"name\": \"STRING_LOWER_CASE\", \"type\": \"String\", \"query\": null, \"inputs\": [{\"id\": \"01b91e54-8fd3-429c-aca7-388a1fd821e6\", \"root\": false, \"type\": \"map\", \"cached\": false, \"source\": \"/LeadsCSV/delimitedRecords/email\", \"target\": \"/STRING_LOWER_CASE_INPUT/inputString\", \"mapNull\": false, \"disabled\": false, \"extractXml\": false, \"extractJson\": false, \"mapEmptyString\": false, \"sourceJavaType\": \"java.lang.String\", \"targetJavaType\": \"java.lang.String\"}], \"outputs\": [{\"id\": \"3164861d-a4a6-4c64-be36-0f08e698f62b\", \"root\": false, \"type\": \"map\", \"cached\": false, \"source\": \"/STRING_LOWER_CASE_OUTPUT/output\", \"target\": \"/Lead/Email\", \"mapNull\": false, \"disabled\": false, \"extractXml\": false, \"extractJson\": true, \"targetOrder\": 4.0, \"mapEmptyString\": false, \"sourceJavaType\": \"java.lang.String\", \"targetJavaType\": \"java.lang.String\"}], \"tableId\": null, \"configId\": null, \"disabled\": false, \"serviceId\": null, \"expression\": null}}, {\"map\": {\"id\": \"3805cb31-15f4-4ada-a4c7-596424fb081f\", \"root\": false, \"type\": \"map\", \"cached\": false, \"source\": \"/LeadsCSV/delimitedRecords/first_name\", \"target\": \"/Lead/FirstName\", \"mapNull\": false, \"disabled\": false, \"extractXml\": false, \"extractJson\": true, \"targetOrder\": 1.0, \"mapEmptyString\": false, \"sourceJavaType\": \"java.lang.String\", \"targetJavaType\": \"java.lang.String\"}}, {\"map\": {\"id\": \"f21e353e-b427-42ed-93bb-a886c89c9d5b\", \"root\": false, \"type\": \"map\", \"cached\": false, \"source\": \"/LeadsCSV/delimitedRecords/title\", \"target\": \"/Lead/Title\", \"mapNull\": false, \"disabled\": false, \"extractXml\": false, \"extractJson\": true, \"targetOrder\": 3.0, \"mapEmptyString\": false, \"sourceJavaType\": \"java.lang.String\", \"targetJavaType\": \"java.lang.String\"}}, {\"map\": {\"id\": \"e5f5384f-1bf3-41f7-b659-e53d2fe7dffc\", \"root\": false, \"type\": \"map\", \"cached\": false, \"source\": \"/LeadsCSV/delimitedRecords/company\", \"target\": \"/Lead/Company\", \"mapNull\": false, \"disabled\": false, \"extractXml\": false, \"extractJson\": true, \"targetOrder\": 5.0, \"mapEmptyString\": false, \"sourceJavaType\": \"java.lang.String\", \"targetJavaType\": \"java.lang.String\"}}, {\"map\": {\"id\": \"3aceb388-f3ff-4f5f-a56b-9ea9fb6bd16e\", \"root\": false, \"type\": \"setValue\", \"cached\": false, \"target\": \"/Lead/LeadSource\", \"mapNull\": false, \"disabled\": false, \"extractXml\": false, \"extractJson\": true, \"targetOrder\": 6.0, \"targetValue\": \"Partner Referral\", \"mapEmptyString\": false, \"targetJavaType\": \"java.lang.String\", \"variableSubstitution\": false}}, {\"map\": {\"id\": \"6416a843-7b16-4571-89ee-f0125b25bfd6\", \"root\": false, \"type\": \"setValue\", \"cached\": false, \"target\": \"/Lead/Status\", \"mapNull\": false, \"disabled\": false, \"extractXml\": false, \"extractJson\": true, \"targetOrder\": 7.0, \"targetValue\": \"Open - Not Contacted\", \"mapEmptyString\": false, \"targetJavaType\": \"java.lang.String\", \"variableSubstitution\": false}}]}",
    "null" : false
  },
  "component_id" : "8ac5fe03-27a2-4e6a-a449-6a8893818223",
  "service_id" : "bbf0e7a9-326c-4d34-9551-2f1f10f3eee2",
  "endpoint_id" : null,
  "parent_component_config_id" : "c7633dfe-a894-4763-ae93-5d403dab9992",
  "component_config_order" : 4.0,
  "action_id" : "06843b78-eab0-45da-afab-8c8277d7553f",
  "name" : "Convert to JSON ",
  "description" : "",
  "override_endpoint" : false,
  "input_structure_json" : {
    "type" : "jsonb",
    "value" : "{\"maps\": [], \"mappedNodes\": [\"/LeadsCSV/delimitedRecords/first_name pipeIn\", \"/Lead/FirstNamepipeOut\", \"/LeadsCSV/delimitedRecords/last_name pipeIn\", \"/STRING_UPPER_CASE_INPUT/inputString0\", \"/STRING_UPPER_CASE_OUTPUT/output0\", \"/Lead/LastNamepipeOut\", \"/LeadsCSV/delimitedRecords/email pipeIn\", \"/STRING_LOWER_CASE_INPUT/inputString1\", \"/STRING_LOWER_CASE_OUTPUT/output1\", \"/Lead/EmailpipeOut\", \"/Lead/LeadSourcepipeOut\", \"/LeadpipeOut\", \"/Lead/StatuspipeOut\", \"/LeadpipeOut\"]}",
    "null" : false
  },
  "output_structure_json" : {
    "type" : "jsonb",
    "value" : "{\"maps\": [{\"/Lead/FirstName\": [{\"type\": \"map\", \"source\": {\"path\": \"/LeadsCSV/delimitedRecords/first_name\", \"title\": \"first_name\", \"dataElementType\": \"string\"}, \"target\": {\"path\": \"/Lead/FirstName\", \"order\": 1, \"title\": \"FirstName\", \"dataElementType\": \"string\"}, \"extractJson\": true, \"mapCondition\": {\"isConditionSet\": false, \"sourceTreeIndex\": [], \"targetTreeIndex\": [], \"mapConditionFormValue\": {}}}]}, {\"/Lead/Title\": [{\"type\": \"map\", \"source\": {\"path\": \"/LeadsCSV/delimitedRecords/title\", \"title\": \"title\", \"dataElementType\": \"string\"}, \"target\": {\"path\": \"/Lead/Title\", \"order\": 3, \"title\": \"Title\", \"dataElementType\": \"string\"}, \"extractJson\": true, \"mapCondition\": {\"isConditionSet\": false, \"sourceTreeIndex\": [], \"targetTreeIndex\": [], \"mapConditionFormValue\": {}}}]}, {\"/Lead/Company\": [{\"type\": \"map\", \"source\": {\"path\": \"/LeadsCSV/delimitedRecords/company\", \"title\": \"company\", \"dataElementType\": \"string\"}, \"target\": {\"path\": \"/Lead/Company\", \"order\": 5, \"title\": \"Company\", \"dataElementType\": \"string\"}, \"extractJson\": true, \"mapCondition\": {\"isConditionSet\": false, \"sourceTreeIndex\": [], \"targetTreeIndex\": [], \"mapConditionFormValue\": {}}}]}, {\"/Lead/LeadSource\": [{\"type\": \"setValue\", \"order\": 6, \"target\": {\"path\": \"/Lead/LeadSource\", \"order\": 6, \"title\": \"LeadSource\", \"dataElementType\": \"string\"}, \"values\": [{\"id\": \"2c231a37-8221-4e3e-bf25-7c17bc0a6578\", \"key\": \"/Lead/LeadSource\", \"type\": \"node\", \"order\": 6, \"title\": \"LeadSource\", \"isLeaf\": true, \"setValue\": null, \"editAllow\": true, \"uiElement\": \"Partner Referral\", \"extractXml\": false, \"isSetValue\": false, \"childrenSet\": false, \"extractJson\": true, \"hasChildren\": false, \"dataElementType\": \"string\", \"componentConfigId\": \"5d978e05-2a53-4049-93be-66e92c63f362\"}], \"extractJson\": true, \"mapCondition\": {\"isConditionSet\": false, \"sourceTreeIndex\": [], \"targetTreeIndex\": [], \"mapConditionFormValue\": {}}, \"dataElementType\": \"string\", \"variableSubstitution\": false, \"overwritePipelineValue\": false}]}, {\"/Lead/Status\": [{\"type\": \"setValue\", \"order\": 7, \"target\": {\"path\": \"/Lead/Status\", \"order\": 7, \"title\": \"Status\", \"dataElementType\": \"string\"}, \"values\": [{\"id\": \"d21a0852-788d-47e7-95be-c94b4a95d5ea\", \"key\": \"/Lead/Status\", \"type\": \"node\", \"order\": 7, \"title\": \"Status\", \"isLeaf\": true, \"setValue\": null, \"editAllow\": true, \"uiElement\": \"Open - Not Contacted\", \"extractXml\": false, \"isSetValue\": false, \"childrenSet\": false, \"extractJson\": true, \"hasChildren\": false, \"dataElementType\": \"string\", \"componentConfigId\": \"5d978e05-2a53-4049-93be-66e92c63f362\"}], \"extractJson\": true, \"mapCondition\": {\"isConditionSet\": false, \"sourceTreeIndex\": [], \"targetTreeIndex\": [], \"mapConditionFormValue\": {}}, \"dataElementType\": \"string\", \"variableSubstitution\": false, \"overwritePipelineValue\": false}]}], \"tracks\": {}, \"transformer\": [{\"inputs\": {\"/STRING_UPPER_CASE_INPUT/inputString\": [{\"type\": \"map\", \"source\": {\"path\": \"/LeadsCSV/delimitedRecords/last_name\", \"title\": \"last_name\", \"dataElementType\": \"string\"}, \"target\": {\"path\": \"/STRING_UPPER_CASE_INPUT/inputString\", \"title\": \"inputString\", \"dataElementType\": \"string\"}, \"mapCondition\": {\"isConditionSet\": false, \"sourceTreeIndex\": [], \"targetTreeIndex\": [], \"mapConditionFormValue\": {}}}]}, \"outputs\": {\"/Lead/LastName\": [{\"type\": \"map\", \"source\": {\"path\": \"/STRING_UPPER_CASE_OUTPUT/output\", \"title\": \"output\", \"dataElementType\": \"string\"}, \"target\": {\"path\": \"/Lead/LastName\", \"order\": 2, \"title\": \"LastName\", \"dataElementType\": \"string\"}, \"extractJson\": true, \"mapCondition\": {\"isConditionSet\": false, \"sourceTreeIndex\": [], \"targetTreeIndex\": [], \"mapConditionFormValue\": {}}}]}, \"functionInfo\": {\"id\": \"56ebbc08-9f71-4db7-8d29-2ea3274c9a8a\", \"name\": \"UpperCase\", \"category\": {\"id\": \"7e335ebf-c122-41de-a87f-8e4cb8f39ff6\"}, \"internalName\": \"STRING_UPPER_CASE\"}}, {\"inputs\": {\"/STRING_LOWER_CASE_INPUT/inputString\": [{\"type\": \"map\", \"source\": {\"path\": \"/LeadsCSV/delimitedRecords/email\", \"title\": \"email\", \"dataElementType\": \"string\"}, \"target\": {\"path\": \"/STRING_LOWER_CASE_INPUT/inputString\", \"title\": \"inputString\", \"dataElementType\": \"string\"}, \"mapCondition\": {\"isConditionSet\": false, \"sourceTreeIndex\": [], \"targetTreeIndex\": [], \"mapConditionFormValue\": {}}}]}, \"outputs\": {\"/Lead/Email\": [{\"type\": \"map\", \"source\": {\"path\": \"/STRING_LOWER_CASE_OUTPUT/output\", \"title\": \"output\", \"dataElementType\": \"string\"}, \"target\": {\"path\": \"/Lead/Email\", \"order\": 4, \"title\": \"Email\", \"dataElementType\": \"string\"}, \"extractJson\": true, \"mapCondition\": {\"isConditionSet\": false, \"sourceTreeIndex\": [], \"targetTreeIndex\": [], \"mapConditionFormValue\": {}}}]}, \"functionInfo\": {\"id\": \"c575bd4f-ca53-458b-8c62-a1cca42c8685\", \"name\": \"LowerCase\", \"category\": {\"id\": \"7e335ebf-c122-41de-a87f-8e4cb8f39ff6\"}, \"internalName\": \"STRING_LOWER_CASE\"}}]}",
    "null" : false
  },
  "endpoint_structure_json" : {
    "type" : "jsonb",
    "value" : "{\"maps\": []}",
    "null" : false
  },
  "is_error" : false,
  "no_of_errors" : 0,
  "action_input_type" : null,
  "config_service_id" : null,
  "config_imap_id" : null,
  "config_b2b_document_type_id" : null,
  "config_document_id" : null,
  "add_variables" : {
    "type" : "jsonb",
    "value" : "[{\"id\": \"68fce18f-292a-4e3a-991f-af3109f1f1c9\", \"key\": \"/Lead\", \"type\": \"node\", \"order\": 1, \"title\": \"Lead\", \"value\": {}, \"children\": [{\"id\": \"498954e3-c9af-46c3-a509-91fb73d7e364\", \"key\": \"/Lead/FirstName\", \"type\": \"node\", \"order\": 1, \"title\": \"FirstName\", \"value\": {\"type\": \"string\"}, \"isLeaf\": true, \"editAllow\": true, \"extractXml\": false, \"childrenSet\": false, \"extractJson\": true, \"hasChildren\": false, \"dataElementType\": \"string\", \"componentConfigId\": \"5d978e05-2a53-4049-93be-66e92c63f362\"}, {\"id\": \"0ad752a6-8aff-4ea9-b1ac-37328dfb40c1\", \"key\": \"/Lead/LastName\", \"type\": \"node\", \"order\": 2, \"title\": \"LastName\", \"value\": {\"type\": \"string\"}, \"isLeaf\": true, \"editAllow\": true, \"extractXml\": false, \"childrenSet\": false, \"extractJson\": true, \"hasChildren\": false, \"dataElementType\": \"string\", \"componentConfigId\": \"5d978e05-2a53-4049-93be-66e92c63f362\"}, {\"id\": \"89082b2d-b43a-473a-b9c5-a4d53f761e3e\", \"key\": \"/Lead/Title\", \"type\": \"node\", \"order\": 3, \"title\": \"Title\", \"value\": {\"type\": \"string\"}, \"isLeaf\": true, \"editAllow\": true, \"extractXml\": false, \"childrenSet\": false, \"extractJson\": true, \"hasChildren\": false, \"dataElementType\": \"string\", \"componentConfigId\": \"5d978e05-2a53-4049-93be-66e92c63f362\"}, {\"id\": \"7a5b27f6-94e2-4aa3-a4b0-7e6037e87fd9\", \"key\": \"/Lead/Email\", \"type\": \"node\", \"order\": 4, \"title\": \"Email\", \"value\": {\"type\": \"string\"}, \"isLeaf\": true, \"editAllow\": true, \"extractXml\": false, \"childrenSet\": false, \"extractJson\": true, \"hasChildren\": false, \"dataElementType\": \"string\", \"componentConfigId\": \"5d978e05-2a53-4049-93be-66e92c63f362\"}, {\"id\": \"6c6e0a59-2de2-4784-a3a5-4a6636cf2686\", \"key\": \"/Lead/Company\", \"type\": \"node\", \"order\": 5, \"title\": \"Company\", \"value\": {\"type\": \"string\"}, \"isLeaf\": true, \"editAllow\": true, \"extractXml\": false, \"childrenSet\": false, \"extractJson\": true, \"hasChildren\": false, \"dataElementType\": \"string\", \"componentConfigId\": \"5d978e05-2a53-4049-93be-66e92c63f362\"}, {\"id\": \"a0e0fafa-d9eb-4e29-8dfc-764a719a9cb3\", \"key\": \"/Lead/LeadSource\", \"type\": \"node\", \"order\": 6, \"title\": \"LeadSource\", \"value\": {\"type\": \"string\"}, \"isLeaf\": true, \"editAllow\": true, \"extractXml\": false, \"childrenSet\": false, \"extractJson\": true, \"hasChildren\": false, \"dataElementType\": \"string\", \"componentConfigId\": \"5d978e05-2a53-4049-93be-66e92c63f362\"}, {\"id\": \"bb4e7ae6-99de-405b-a2e3-92cebe985127\", \"key\": \"/Lead/Status\", \"type\": \"node\", \"order\": 7, \"title\": \"Status\", \"value\": {\"type\": \"string\"}, \"isLeaf\": true, \"editAllow\": true, \"extractXml\": false, \"childrenSet\": false, \"extractJson\": true, \"hasChildren\": false, \"dataElementType\": \"string\", \"componentConfigId\": \"5d978e05-2a53-4049-93be-66e92c63f362\"}], \"editAllow\": true, \"extractXml\": false, \"extractJson\": true, \"componentName\": \"\", \"dataElementType\": \"document\", \"componentConfigId\": \"5d978e05-2a53-4049-93be-66e92c63f362\", \"componentConfigName\": \"Map\"}]",
    "null" : false
  },
  "drop_variables" : {
    "type" : "jsonb",
    "value" : "[]",
    "null" : false
  },
  "plug_input_structure" : null,
  "plug_output_structure" : null,
  "config_plug_id" : null,
  "override_plug" : false,
  "config_java_service_id" : null,
  "service_tag" : "EMPTY",
  "endpoint_tag" : "EMPTY",
  "config_service_tag" : "EMPTY",
  "config_imap_tag" : "EMPTY",
  "config_b2b_document_type_tag" : "EMPTY",
  "active" : true,
  "parent_component_config_service_tag" : "EMPTY",
  "service_project_id" : "4137b400-42a6-4933-9e88-8705c99f77b4",
  "service_project_tag" : "EMPTY",
  "config_service_project_id" : null,
  "config_service_project_tag" : "EMPTY",
  "config_imap_project_id" : null,
  "config_imap_project_tag" : "EMPTY",
  "config_b2b_document_type_project_id" : null,
  "config_b2b_document_type_project_tag" : "EMPTY",
  "endpoint_project_id" : null,
  "endpoint_project_tag" : "EMPTY",
  "config_plug_tag" : "EMPTY",
  "config_plug_project_id" : null,
  "config_plug_project_tag" : "EMPTY",
  "config_java_service_tag" : "EMPTY",
  "config_java_service_project_id" : null,
  "config_java_service_project_tag" : "EMPTY",
  "disabled" : true,
  "config" : null,
  "config_b2b_document_type_project_mode_id" : "112c1cb8-4b9e-4d1a-a042-0bd031dc7d05",
  "config_imap_project_mode_id" : "112c1cb8-4b9e-4d1a-a042-0bd031dc7d05",
  "config_java_service_project_mode_id" : "112c1cb8-4b9e-4d1a-a042-0bd031dc7d05",
  "config_plug_project_mode_id" : "112c1cb8-4b9e-4d1a-a042-0bd031dc7d05",
  "config_service_project_mode_id" : "112c1cb8-4b9e-4d1a-a042-0bd031dc7d05",
  "endpoint_project_mode_id" : "112c1cb8-4b9e-4d1a-a042-0bd031dc7d05",
  "service_project_mode_id" : "112c1cb8-4b9e-4d1a-a042-0bd031dc7d05",
  "parent_component_config_service_project_mode_id" : "112c1cb8-4b9e-4d1a-a042-0bd031dc7d05",
  "is_audit" : true,
  "keys_with_order" : null
}