{
  "id" : "ee87d0cc-46ce-44dd-97e3-03c36e3935c9",
  "name" : "Hubspot",
  "description" : "Hubspot account",
  "connection_config" : null,
  "endpoint_type_id" : "8c6dedaf-c627-4344-b71f-cb9f3b59ae68",
  "enabled" : true,
  "bean_name" : "Hubspot-ee87d0cc-46ce-44dd-97e3-03c36e3935c9",
  "status" : {
    "type" : "jsonb",
    "value" : "{\"112c1cb8-4b9e-4d1a-a042-0bd031dc7d05\": true, \"81e359da-9454-40ba-b968-1273a3b8e37b\": true, \"bdf2e4f5-a195-40b5-a82a-1d76ab30e077\": true}",
    "null" : false
  },
  "auth_token_config" : {
    "type" : "jsonb",
    "value" : "{}",
    "null" : false
  },
  "avatar_id" : null,
  "tag" : "EMPTY",
  "active" : true,
  "is_changed" : true,
  "comment" : null,
  "is_error" : false,
  "base_tag" : "EMPTY"
}