{
  "id" : "059d56ea-a3bf-4187-948f-36202985f211",
  "name" : "InvoiceNotifier",
  "description" : "Invoice Notifier from Kafka to Teams",
  "iserror" : false,
  "no_of_errors" : 0,
  "service_input" : null,
  "service_output" : null,
  "service_input_json_schema" : null,
  "service_output_json_schema" : null,
  "type" : "EVENTDRIVEN",
  "error_handler" : false,
  "tag" : "EMPTY",
  "active" : true,
  "is_changed" : true,
  "comment" : null,
  "base_tag" : "EMPTY",
  "test_input" : {
    "type" : "jsonb",
    "value" : "[]",
    "null" : false
  },
  "test_input_structure" : {
    "type" : "jsonb",
    "value" : "[]",
    "null" : false
  }
}