{
  "document_type_id" : "2454fe69-d90d-44a5-a2c7-643086fceca7",
  "name" : "LeadsCSV",
  "description" : "Leads CSV file format",
  "version" : null,
  "business_document_type_id" : null,
  "document_format_id" : "af12f4ca-325b-4ba7-a68f-f01a4f53ffe1",
  "root_tag" : null,
  "structure" : {
    "type" : "jsonb",
    "value" : "[{\"key\": \"/delimitedRecords[]\", \"type\": \"array\", \"order\": 1.0, \"title\": \"delimitedRecords\", \"value\": {\"type\": \"array\", \"requiredFlag\": false}, \"isLeaf\": false, \"children\": [{\"key\": \"/delimitedRecords[]/first_name\", \"type\": \"string\", \"order\": 2.0, \"title\": \"first_name\", \"value\": {\"type\": \"string\", \"requiredFlag\": true}, \"isLeaf\": true, \"childrenSet\": false, \"hasChildren\": false, \"dataElementType\": \"string\"}, {\"key\": \"/delimitedRecords[]/last_name\", \"type\": \"string\", \"order\": 3.0, \"title\": \"last_name\", \"value\": {\"type\": \"string\", \"requiredFlag\": true}, \"isLeaf\": true, \"childrenSet\": false, \"hasChildren\": false, \"dataElementType\": \"string\"}, {\"key\": \"/delimitedRecords[]/email\", \"type\": \"string\", \"order\": 4.0, \"title\": \"email\", \"value\": {\"type\": \"string\", \"requiredFlag\": true}, \"isLeaf\": true, \"childrenSet\": false, \"hasChildren\": false, \"dataElementType\": \"string\"}, {\"key\": \"/delimitedRecords[]/title\", \"type\": \"string\", \"order\": 5.0, \"title\": \"title\", \"value\": {\"type\": \"string\", \"requiredFlag\": true}, \"isLeaf\": true, \"childrenSet\": false, \"hasChildren\": false, \"dataElementType\": \"string\"}, {\"key\": \"/delimitedRecords[]/company\", \"type\": \"string\", \"order\": 6.0, \"title\": \"company\", \"value\": {\"type\": \"string\", \"requiredFlag\": true}, \"isLeaf\": true, \"childrenSet\": false, \"hasChildren\": false, \"dataElementType\": \"string\"}], \"childrenSet\": false, \"hasChildren\": false, \"dataElementType\": \"documentArray\"}]",
    "null" : false
  },
  "key_fields" : null,
  "schema" : {
    "type" : "json",
    "value" : "{\"properties\":{\"delimitedRecords\":{\"type\":\"array\",\"items\":{\"type\":\"object\",\"required\":[\"first_name\",\"last_name\",\"email\",\"title\",\"company\"],\"properties\":{\"first_name\":{\"type\":\"string\"},\"last_name\":{\"type\":\"string\"},\"email\":{\"type\":\"string\"},\"title\":{\"type\":\"string\"},\"company\":{\"type\":\"string\"}}}}}}",
    "null" : false
  },
  "source_schema" : "first_name,last_name,email,title,companyNeron,Grellier,ngrellier0@ft.com,Regional General Manager,SkibaVioletta,Beech,vbeech1@usatoday.com,CFO,Bluejam",
  "type" : "custom",
  "doc_type" : null,
  "source_type" : "flatfile_delimited",
  "ignore_missing_schemas" : false,
  "has_ref_schemas" : null,
  "flat_file_config" : {
    "type" : "json",
    "value" : "{\"delimiter\":\",\",\"escapeCharacter\":null,\"newLineCharacter\":\"\\\\n\",\"encoding\":\"UTF-8\",\"header\":\"true\",\"quoteCharacter\":null,\"ignoreEmptyLine\":true,\"quoteHeader\":null,\"quoteValues\":null}",
    "null" : false
  },
  "active" : true,
  "is_changed" : true,
  "tag" : "EMPTY",
  "comment" : null,
  "base_tag" : "EMPTY"
}