{
  "id" : "4137b400-42a6-4933-9e88-8705c99f77b4",
  "name" : "AU_FileIntegration",
  "createdOn" : "2024-07-02T09:10:21.737",
  "modifiedOn" : "2025-01-16T16:53:05.915",
  "createdBy" : "69b2e0e4-2d98-485c-ab31-04aa3b08fcc5",
  "modifiedBy" : "69b2e0e4-2d98-485c-ab31-04aa3b08fcc5",
  "projectDescription" : "solution to lab describe on https://axway.github.io/amplify-integration-labs/file-integration/",
  "active" : true,
  "tag" : "EMPTY",
  "comment" : null,
  "baseTag" : "EMPTY",
  "modeId" : "112c1cb8-4b9e-4d1a-a042-0bd031dc7d05",
  "deployedOn" : null,
  "details" : null,
  "projectType" : "Fusion"
}