{
  "id" : "09eb5b1f-f297-400e-aa07-005243043ac0",
  "name" : "HubspotCreateContact",
  "component_id" : "9bc27209-9930-43c7-8012-d3aca4b70226",
  "endpoint_id" : "ee87d0cc-46ce-44dd-97e3-03c36e3935c9",
  "action_id" : "cd07cc9c-885e-4a85-acf3-b3df1689587b",
  "structure_json" : {
    "type" : "jsonb",
    "value" : "{\"action\": \"Create\", \"entity\": \"{\\\"name\\\":\\\"contacts\\\",\\\"label\\\":\\\"contacts\\\",\\\"hasChildren\\\":false,\\\"displayName\\\":\\\"Objects\\\"}\", \"fields\": [{\"name\": \"firstname\", \"path\": \"firstname\", \"type\": \"string\", \"label\": \"First Name\", \"checked\": true, \"readonly\": false, \"required\": false, \"columnIndex\": 0, \"hasChildren\": false}, {\"name\": \"lastname\", \"path\": \"lastname\", \"type\": \"string\", \"label\": \"Last Name\", \"checked\": true, \"readonly\": false, \"required\": false, \"columnIndex\": 0, \"hasChildren\": false}, {\"name\": \"email\", \"path\": \"email\", \"type\": \"string\", \"label\": \"Email\", \"checked\": true, \"readonly\": false, \"required\": false, \"columnIndex\": 0, \"hasChildren\": false}], \"externalFields\": [], \"referenceFields\": []}",
    "null" : false
  },
  "config_json" : {
    "type" : "jsonb",
    "value" : "{\"batch\": false, \"count\": null, \"action\": \"Create\", \"entity\": \"{\\\"name\\\":\\\"contacts\\\",\\\"label\\\":\\\"contacts\\\",\\\"hasChildren\\\":false,\\\"displayName\\\":\\\"Objects\\\"}\", \"fields\": [{\"name\": \"firstname\", \"path\": \"firstname\", \"type\": \"string\", \"label\": \"First Name\", \"checked\": true, \"readonly\": false, \"required\": false, \"columnIndex\": 0, \"hasChildren\": false}, {\"name\": \"lastname\", \"path\": \"lastname\", \"type\": \"string\", \"label\": \"Last Name\", \"checked\": true, \"readonly\": false, \"required\": false, \"columnIndex\": 0, \"hasChildren\": false}, {\"name\": \"email\", \"path\": \"email\", \"type\": \"string\", \"label\": \"Email\", \"checked\": true, \"readonly\": false, \"required\": false, \"columnIndex\": 0, \"hasChildren\": false}], \"allOrNone\": false, \"externalFields\": [], \"referenceFields\": [], \"batchConfiguration\": {\"skippable\": false, \"maxBatchSize\": 0, \"batchSupported\": false}}",
    "null" : false
  },
  "display_query" : "",
  "input_structure" : {
    "type" : "jsonb",
    "value" : "[{\"key\": \"/HubspotCreateContactInput\", \"type\": \"object\", \"order\": 1.0, \"title\": \"HubspotCreateContactInput\", \"value\": {\"type\": \"object\"}, \"children\": [{\"key\": \"/HubspotCreateContactInput/create\", \"type\": \"object\", \"order\": 2.0, \"title\": \"create\", \"children\": [{\"key\": \"/HubspotCreateContactInput/create/firstname\", \"type\": \"string\", \"order\": 3.0, \"title\": \"firstname\", \"hasChildren\": false, \"dataElementType\": \"string\"}, {\"key\": \"/HubspotCreateContactInput/create/lastname\", \"type\": \"string\", \"order\": 4.0, \"title\": \"lastname\", \"hasChildren\": false, \"dataElementType\": \"string\"}, {\"key\": \"/HubspotCreateContactInput/create/email\", \"type\": \"string\", \"order\": 5.0, \"title\": \"email\", \"hasChildren\": false, \"dataElementType\": \"string\"}], \"hasChildren\": true, \"dataElementType\": \"document\"}], \"hasChildren\": false, \"dataElementType\": \"document\"}]",
    "null" : false
  },
  "output_structure" : {
    "type" : "jsonb",
    "value" : "[{\"key\": \"/HubspotCreateContactOutput\", \"type\": \"object\", \"order\": 1.0, \"title\": \"HubspotCreateContactOutput\", \"children\": [{\"key\": \"/HubspotCreateContactOutput/response\", \"type\": \"object\", \"order\": 2.0, \"title\": \"response\", \"children\": [{\"key\": \"/HubspotCreateContactOutput/response/id\", \"type\": \"string\", \"order\": 3.0, \"title\": \"id\", \"hasChildren\": false, \"dataElementType\": \"string\"}], \"hasChildren\": false, \"dataElementType\": \"document\"}, {\"key\": \"/HubspotCreateContactOutput/success\", \"type\": \"boolean\", \"order\": 4.0, \"title\": \"success\", \"hasChildren\": false, \"dataElementType\": \"boolean\"}, {\"key\": \"/HubspotCreateContactOutput/statusCode\", \"type\": \"integer\", \"order\": 5.0, \"title\": \"statusCode\", \"hasChildren\": false, \"dataElementType\": \"integer\"}, {\"key\": \"/HubspotCreateContactOutput/errors\", \"type\": \"object\", \"order\": 6.0, \"title\": \"errors\", \"children\": [{\"key\": \"/HubspotCreateContactOutput/errors/message\", \"type\": \"string\", \"order\": 7.0, \"title\": \"message\", \"value\": {\"type\": \"string\"}, \"hasChildren\": false, \"dataElementType\": \"string\"}, {\"key\": \"/HubspotCreateContactOutput/errors/category\", \"type\": \"string\", \"order\": 8.0, \"title\": \"category\", \"value\": {\"type\": \"string\"}, \"hasChildren\": false, \"dataElementType\": \"string\"}, {\"key\": \"/HubspotCreateContactOutput/errors/correlationId\", \"type\": \"string\", \"order\": 9.0, \"title\": \"correlationId\", \"value\": {\"type\": \"string\"}, \"hasChildren\": false, \"dataElementType\": \"string\"}], \"hasChildren\": false, \"dataElementType\": \"document\"}, {\"key\": \"/HubspotCreateContactOutput/responseHeaders\", \"type\": \"object\", \"order\": 10.0, \"title\": \"responseHeaders\", \"children\": [], \"hasChildren\": false, \"dataElementType\": \"document\"}], \"hasChildren\": true, \"dataElementType\": \"document\"}]",
    "null" : false
  },
  "description" : "Create a Contact",
  "comments" : "",
  "db_query" : null,
  "tag" : "EMPTY",
  "active" : true,
  "is_changed" : true,
  "endpoint_tag" : "EMPTY",
  "endpoint_project_id" : "1ae9d2f9-e019-42ad-ae0b-525f27e5096e",
  "endpoint_project_tag" : "EMPTY",
  "comment" : null,
  "input_data_object_id" : null,
  "input_data_object_tag" : "EMPTY",
  "input_data_object_project_id" : null,
  "input_data_object_project_tag" : "EMPTY",
  "output_data_object_id" : null,
  "output_data_object_tag" : "EMPTY",
  "output_data_object_project_id" : null,
  "output_data_object_project_tag" : "EMPTY",
  "base_tag" : "EMPTY",
  "endpoint_project_mode_id" : "112c1cb8-4b9e-4d1a-a042-0bd031dc7d05",
  "input_data_object_project_mode_id" : "112c1cb8-4b9e-4d1a-a042-0bd031dc7d05",
  "output_data_object_project_mode_id" : "112c1cb8-4b9e-4d1a-a042-0bd031dc7d05",
  "test_input" : {
    "type" : "jsonb",
    "value" : "{}",
    "null" : false
  },
  "test_input_structure" : {
    "type" : "jsonb",
    "value" : "[{\"key\": \"/HubspotCreateContactInput\", \"type\": \"object\", \"order\": 1.0, \"title\": \"HubspotCreateContactInput\", \"value\": {\"type\": \"object\"}, \"children\": [{\"key\": \"/HubspotCreateContactInput/create\", \"type\": \"object\", \"order\": 2.0, \"title\": \"create\", \"children\": [{\"key\": \"/HubspotCreateContactInput/create/firstname\", \"type\": \"string\", \"order\": 3.0, \"title\": \"firstname\", \"hasChildren\": false, \"dataElementType\": \"string\"}, {\"key\": \"/HubspotCreateContactInput/create/lastname\", \"type\": \"string\", \"order\": 4.0, \"title\": \"lastname\", \"hasChildren\": false, \"dataElementType\": \"string\"}, {\"key\": \"/HubspotCreateContactInput/create/email\", \"type\": \"string\", \"order\": 5.0, \"title\": \"email\", \"hasChildren\": false, \"dataElementType\": \"string\"}], \"hasChildren\": true, \"dataElementType\": \"document\"}], \"hasChildren\": false, \"dataElementType\": \"document\"}]",
    "null" : false
  }
}