{
  "id" : "0a933dd4-8388-4934-90b7-1bb135e3e4a9",
  "name" : "SFDCContactPush",
  "component_id" : "f9e692b6-2d3f-4aa8-be08-38ccc97babd0",
  "endpoint_id" : "8d4c01ab-f9f2-4671-b789-ea9d629f666a",
  "action_id" : "1fd53c4e-4c2b-46dc-8763-b7a2c9291e44",
  "structure_json" : {
    "type" : "jsonb",
    "value" : "{\"batch\": false, \"count\": null, \"joins\": [], \"limit\": null, \"nulls\": \"\", \"query\": \"SELECT Id, Email, LastName, FirstName FROM Contact\", \"where\": {\"predicates\": []}, \"action\": \"SubscribePushTopic\", \"entity\": \"{\\\"name\\\":\\\"/topic/Contacts\\\",\\\"label\\\":\\\"/topic/Contacts\\\",\\\"query\\\":\\\"SELECT Id, Email, LastName, FirstName FROM Contact\\\",\\\"hasChildren\\\":false,\\\"mainEntity\\\":false,\\\"displayName\\\":\\\"Objects\\\"}\", \"replayId\": -1, \"uiConfig\": {\"keys\": [\"Id\", \"LastName\", \"FirstName\", \"Email\"], \"limit\": false, \"where\": false, \"options\": {\"replayId\": [{\"label\": \"RECEIVE_NEW_EVENTS\", \"value\": -1, \"default\": true}, {\"label\": \"RECEIVE_ALL_EVENTS\", \"value\": -2}]}, \"orderBy\": false, \"inputKeys\": [], \"operators\": {\"where\": [\"=\", \"!=\", \">\", \"<\", \">=\", \"<=\", \"IS NOT NULL\", \"IS NULL\", \"BETWEEN\", \"IN\", \"NOT IN\", \"LIKE\"]}, \"skippable\": false, \"supportJoin\": false, \"disableFields\": true, \"metadataKeyName\": \"projections\", \"selectedTableList\": [], \"batchConfiguration\": {\"skippable\": false, \"maxBatchSize\": 0, \"batchSupported\": false}, \"includeReferenceFields\": false, \"supportsExternalFields\": false, \"supportsReferenceFields\": true}, \"allOrNone\": false, \"inputKeys\": [], \"inputFields\": {}, \"projections\": [{\"name\": \"Id\", \"path\": \"Id\", \"type\": \"string\", \"label\": \"Id\", \"checked\": true, \"readonly\": false, \"required\": false, \"soap_type\": \"ID\", \"columnIndex\": 0, \"hasChildren\": false, \"inputCategory\": false, \"dataElementPath\": \"Id\", \"picklist_values\": []}, {\"name\": \"LastName\", \"path\": \"LastName\", \"type\": \"string\", \"label\": \"LastName\", \"checked\": true, \"readonly\": false, \"required\": false, \"soap_type\": \"string\", \"columnIndex\": 0, \"hasChildren\": false, \"inputCategory\": false, \"dataElementPath\": \"LastName\", \"picklist_values\": []}, {\"name\": \"FirstName\", \"path\": \"FirstName\", \"type\": \"string\", \"label\": \"FirstName\", \"checked\": true, \"readonly\": false, \"required\": false, \"soap_type\": \"string\", \"columnIndex\": 0, \"hasChildren\": false, \"inputCategory\": false, \"dataElementPath\": \"FirstName\", \"picklist_values\": []}, {\"name\": \"Email\", \"path\": \"Email\", \"type\": \"string\", \"label\": \"Email\", \"checked\": true, \"readonly\": false, \"required\": false, \"soap_type\": \"string\", \"columnIndex\": 0, \"hasChildren\": false, \"inputCategory\": false, \"dataElementPath\": \"Email\", \"picklist_values\": []}], \"externalFields\": [], \"referenceFields\": []}",
    "null" : false
  },
  "config_json" : {
    "type" : "jsonb",
    "value" : "{\"batch\": false, \"count\": null, \"joins\": [], \"limit\": null, \"nulls\": \"\", \"query\": \"SELECT Id, Email, LastName, FirstName FROM Contact\", \"where\": {\"predicates\": []}, \"action\": \"SubscribePushTopic\", \"entity\": \"{\\\"name\\\":\\\"/topic/Contacts\\\",\\\"label\\\":\\\"/topic/Contacts\\\",\\\"query\\\":\\\"SELECT Id, Email, LastName, FirstName FROM Contact\\\",\\\"hasChildren\\\":false,\\\"mainEntity\\\":false,\\\"displayName\\\":\\\"Objects\\\"}\", \"replayId\": -1, \"uiConfig\": {\"keys\": [\"Id\", \"LastName\", \"FirstName\", \"Email\"], \"limit\": false, \"where\": false, \"options\": {\"replayId\": [{\"label\": \"RECEIVE_NEW_EVENTS\", \"value\": -1, \"default\": true}, {\"label\": \"RECEIVE_ALL_EVENTS\", \"value\": -2}]}, \"orderBy\": false, \"inputKeys\": [], \"operators\": {\"where\": [\"=\", \"!=\", \">\", \"<\", \">=\", \"<=\", \"IS NOT NULL\", \"IS NULL\", \"BETWEEN\", \"IN\", \"NOT IN\", \"LIKE\"]}, \"skippable\": false, \"supportJoin\": false, \"disableFields\": true, \"metadataKeyName\": \"projections\", \"selectedTableList\": [], \"batchConfiguration\": {\"skippable\": false, \"maxBatchSize\": 0, \"batchSupported\": false}, \"includeReferenceFields\": false, \"supportsExternalFields\": false, \"supportsReferenceFields\": true}, \"allOrNone\": false, \"inputKeys\": [], \"inputFields\": {}, \"projections\": [{\"name\": \"Id\", \"path\": \"Id\", \"type\": \"string\", \"label\": \"Id\", \"checked\": true, \"readonly\": false, \"required\": false, \"soap_type\": \"ID\", \"columnIndex\": 0, \"hasChildren\": false, \"inputCategory\": false, \"dataElementPath\": \"Id\", \"picklist_values\": []}, {\"name\": \"LastName\", \"path\": \"LastName\", \"type\": \"string\", \"label\": \"LastName\", \"checked\": true, \"readonly\": false, \"required\": false, \"soap_type\": \"string\", \"columnIndex\": 0, \"hasChildren\": false, \"inputCategory\": false, \"dataElementPath\": \"LastName\", \"picklist_values\": []}, {\"name\": \"FirstName\", \"path\": \"FirstName\", \"type\": \"string\", \"label\": \"FirstName\", \"checked\": true, \"readonly\": false, \"required\": false, \"soap_type\": \"string\", \"columnIndex\": 0, \"hasChildren\": false, \"inputCategory\": false, \"dataElementPath\": \"FirstName\", \"picklist_values\": []}, {\"name\": \"Email\", \"path\": \"Email\", \"type\": \"string\", \"label\": \"Email\", \"checked\": true, \"readonly\": false, \"required\": false, \"soap_type\": \"string\", \"columnIndex\": 0, \"hasChildren\": false, \"inputCategory\": false, \"dataElementPath\": \"Email\", \"picklist_values\": []}], \"externalFields\": [], \"referenceFields\": []}",
    "null" : false
  },
  "display_query" : "",
  "input_structure" : {
    "type" : "jsonb",
    "value" : "[{\"key\": \"/SFDCContactPushInput\", \"type\": \"object\", \"order\": 1.0, \"title\": \"SFDCContactPushInput\", \"children\": [{\"key\": \"/SFDCContactPushInput/replayId\", \"type\": \"number\", \"order\": 2.0, \"title\": \"replayId\", \"hasChildren\": false, \"dataElementType\": \"number\"}], \"hasChildren\": false, \"dataElementType\": \"document\"}]",
    "null" : false
  },
  "output_structure" : {
    "type" : "jsonb",
    "value" : "[{\"key\": \"/SFDCContactPushOutput\", \"type\": \"object\", \"order\": 1.0, \"title\": \"SFDCContactPushOutput\", \"children\": [{\"key\": \"/SFDCContactPushOutput/event\", \"type\": \"object\", \"order\": 2.0, \"title\": \"event\", \"children\": [{\"key\": \"/SFDCContactPushOutput/event/replayId\", \"type\": \"number\", \"order\": 3.0, \"title\": \"replayId\", \"hasChildren\": false, \"dataElementType\": \"number\"}, {\"key\": \"/SFDCContactPushOutput/event/type\", \"type\": \"string\", \"order\": 4.0, \"title\": \"type\", \"hasChildren\": false, \"dataElementType\": \"string\"}, {\"key\": \"/SFDCContactPushOutput/event/createdDate\", \"type\": \"string\", \"order\": 5.0, \"title\": \"createdDate\", \"hasChildren\": false, \"dataElementType\": \"string\"}], \"hasChildren\": false, \"dataElementType\": \"document\"}, {\"key\": \"/SFDCContactPushOutput/sobject\", \"type\": \"object\", \"order\": 6.0, \"title\": \"sobject\", \"children\": [{\"key\": \"/SFDCContactPushOutput/sobject/Id\", \"type\": \"string\", \"order\": 7.0, \"title\": \"Id\", \"value\": {\"type\": \"string\"}, \"hasChildren\": false, \"dataElementType\": \"string\"}, {\"key\": \"/SFDCContactPushOutput/sobject/LastName\", \"type\": \"string\", \"order\": 8.0, \"title\": \"LastName\", \"value\": {\"type\": \"string\"}, \"hasChildren\": false, \"dataElementType\": \"string\"}, {\"key\": \"/SFDCContactPushOutput/sobject/FirstName\", \"type\": \"string\", \"order\": 9.0, \"title\": \"FirstName\", \"value\": {\"type\": \"string\"}, \"hasChildren\": false, \"dataElementType\": \"string\"}, {\"key\": \"/SFDCContactPushOutput/sobject/Email\", \"type\": \"string\", \"order\": 10.0, \"title\": \"Email\", \"value\": {\"type\": \"string\"}, \"hasChildren\": false, \"dataElementType\": \"string\"}], \"hasChildren\": true, \"dataElementType\": \"document\"}], \"hasChildren\": false, \"dataElementType\": \"document\"}]",
    "null" : false
  },
  "description" : "SFDCContactPush",
  "comments" : "",
  "db_query" : "",
  "tag" : "EMPTY",
  "active" : true,
  "is_changed" : true,
  "endpoint_tag" : "EMPTY",
  "endpoint_project_id" : "1ae9d2f9-e019-42ad-ae0b-525f27e5096e",
  "endpoint_project_tag" : "EMPTY",
  "comment" : null,
  "input_data_object_id" : null,
  "input_data_object_tag" : "EMPTY",
  "input_data_object_project_id" : null,
  "input_data_object_project_tag" : "EMPTY",
  "output_data_object_id" : null,
  "output_data_object_tag" : "EMPTY",
  "output_data_object_project_id" : null,
  "output_data_object_project_tag" : "EMPTY",
  "base_tag" : "EMPTY",
  "endpoint_project_mode_id" : "112c1cb8-4b9e-4d1a-a042-0bd031dc7d05",
  "input_data_object_project_mode_id" : "112c1cb8-4b9e-4d1a-a042-0bd031dc7d05",
  "output_data_object_project_mode_id" : "112c1cb8-4b9e-4d1a-a042-0bd031dc7d05",
  "test_input" : {
    "type" : "jsonb",
    "value" : "{}",
    "null" : false
  },
  "test_input_structure" : {
    "type" : "jsonb",
    "value" : "[{\"key\": \"/SFDCContactPushInput\", \"type\": \"object\", \"order\": 1.0, \"title\": \"SFDCContactPushInput\", \"children\": [{\"key\": \"/SFDCContactPushInput/replayId\", \"type\": \"number\", \"order\": 2.0, \"title\": \"replayId\", \"hasChildren\": false, \"dataElementType\": \"number\"}], \"hasChildren\": false, \"dataElementType\": \"document\"}]",
    "null" : false
  }
}