{
  "id" : "6a110e9c-3fcb-4cae-bfe3-22f29bb6bc92",
  "name" : "SFDC_Get_Contact_by_Id",
  "component_id" : "f9e692b6-2d3f-4aa8-be08-38ccc97babd0",
  "endpoint_id" : "8d4c01ab-f9f2-4671-b789-ea9d629f666a",
  "action_id" : "33fcf5be-a5ef-444a-af71-5cb5d0eaec92",
  "structure_json" : {
    "type" : "jsonb",
    "value" : "{\"batch\": false, \"count\": null, \"joins\": [], \"limit\": null, \"nulls\": \"\", \"where\": {\"predicates\": [{\"id\": \"fc6569c5-4336-44cb-8ced-d4a0478855ac\", \"path\": \"Id\", \"type\": \"string\", \"field\": \"Id\", \"value\": \":Id\", \"isGroup\": false, \"children\": null, \"operator\": \"=\", \"operation\": null, \"soap_type\": \"ID\", \"actualType\": \"\", \"dataElementPath\": \"Id\", \"dataElementType\": \"string\"}]}, \"action\": \"Query\", \"entity\": \"{\\\"name\\\":\\\"Contact\\\",\\\"label\\\":\\\"Contact\\\",\\\"hasChildren\\\":false,\\\"displayName\\\":\\\"Objects\\\"}\", \"uiConfig\": {\"keys\": [\"Id\", \"LastName\", \"FirstName\", \"Salutation\", \"Email\", \"Title\", \"AccountId.Name\", \"AccountId\"], \"limit\": true, \"where\": true, \"orderBy\": true, \"operators\": {\"where\": [\"=\", \"!=\", \">\", \"<\", \">=\", \"<=\", \"IS NOT NULL\", \"IS NULL\", \"BETWEEN\", \"IN\", \"NOT IN\"]}, \"skippable\": false, \"supportJoin\": false, \"disableFields\": false, \"metadataKeyName\": \"projections\", \"selectedTableList\": [], \"batchConfiguration\": {\"skippable\": false, \"maxBatchSize\": 0, \"batchSupported\": false}, \"includeReferenceFields\": true, \"supportsExternalFields\": false, \"supportsReferenceFields\": false}, \"allOrNone\": false, \"projections\": [{\"name\": \"Id\", \"path\": \"Id\", \"type\": \"string\", \"label\": \"Id\", \"checked\": true, \"readonly\": false, \"required\": false, \"soap_type\": \"ID\", \"columnIndex\": 0, \"hasChildren\": false, \"indeterminate\": false, \"dataElementPath\": \"Id\", \"picklist_values\": []}, {\"name\": \"LastName\", \"path\": \"LastName\", \"type\": \"string\", \"label\": \"LastName\", \"checked\": true, \"readonly\": false, \"required\": false, \"soap_type\": \"string\", \"columnIndex\": 0, \"hasChildren\": false, \"indeterminate\": false, \"dataElementPath\": \"LastName\", \"picklist_values\": []}, {\"name\": \"FirstName\", \"path\": \"FirstName\", \"type\": \"string\", \"label\": \"FirstName\", \"checked\": true, \"readonly\": false, \"required\": false, \"soap_type\": \"string\", \"columnIndex\": 0, \"hasChildren\": false, \"indeterminate\": false, \"dataElementPath\": \"FirstName\", \"picklist_values\": []}, {\"name\": \"Salutation\", \"path\": \"Salutation\", \"type\": \"string\", \"label\": \"Salutation\", \"checked\": true, \"readonly\": false, \"required\": false, \"soap_type\": \"string\", \"columnIndex\": 0, \"hasChildren\": false, \"indeterminate\": false, \"dataElementPath\": \"Salutation\", \"picklist_values\": [\"Mr.\", \"Ms.\", \"Mrs.\", \"Dr.\", \"Prof.\", \"Mx.\"]}, {\"name\": \"Email\", \"path\": \"Email\", \"type\": \"string\", \"label\": \"Email\", \"checked\": true, \"readonly\": false, \"required\": false, \"soap_type\": \"string\", \"columnIndex\": 0, \"hasChildren\": false, \"indeterminate\": false, \"dataElementPath\": \"Email\", \"picklist_values\": []}, {\"name\": \"Title\", \"path\": \"Title\", \"type\": \"string\", \"label\": \"Title\", \"checked\": true, \"readonly\": false, \"required\": false, \"soap_type\": \"string\", \"columnIndex\": 0, \"hasChildren\": false, \"indeterminate\": false, \"dataElementPath\": \"Title\", \"picklist_values\": []}, {\"key\": \"Account.AccountId\", \"name\": \"AccountId\", \"path\": \"AccountId\", \"type\": \"string\", \"label\": \"AccountId\", \"checked\": false, \"children\": [{\"key\": \"Account.Name\", \"name\": \"Name\", \"path\": \"AccountId.Name\", \"type\": \"string\", \"label\": \"Name\", \"checked\": true, \"readonly\": false, \"required\": false, \"soap_type\": \"string\", \"columnIndex\": 0, \"hasChildren\": false, \"indeterminate\": false, \"picklist_values\": []}], \"readonly\": false, \"required\": false, \"soap_type\": \"ID\", \"columnIndex\": 0, \"hasChildren\": true, \"referenceTo\": \"Account\", \"indeterminate\": true, \"picklist_values\": [], \"relationshipName\": \"Account\", \"refObjectExtFields\": [{\"name\": \"Id\", \"type\": \"string\", \"label\": \"Id\", \"checked\": false, \"readonly\": false, \"required\": false, \"soap_type\": \"ID\", \"columnIndex\": 0, \"hasChildren\": false}]}], \"externalFields\": [], \"referenceFields\": []}",
    "null" : false
  },
  "config_json" : {
    "type" : "jsonb",
    "value" : "{\"batch\": false, \"count\": null, \"joins\": [], \"limit\": null, \"nulls\": \"\", \"where\": {\"predicates\": [{\"id\": \"fc6569c5-4336-44cb-8ced-d4a0478855ac\", \"path\": \"Id\", \"type\": \"string\", \"field\": \"Id\", \"value\": \":Id\", \"isGroup\": false, \"children\": null, \"operator\": \"=\", \"operation\": null, \"soap_type\": \"ID\", \"actualType\": \"\", \"dataElementPath\": \"Id\", \"dataElementType\": \"string\"}]}, \"action\": \"Query\", \"entity\": \"{\\\"name\\\":\\\"Contact\\\",\\\"label\\\":\\\"Contact\\\",\\\"hasChildren\\\":false,\\\"displayName\\\":\\\"Objects\\\"}\", \"uiConfig\": {\"keys\": [\"Id\", \"LastName\", \"FirstName\", \"Salutation\", \"Email\", \"Title\", \"AccountId.Name\", \"AccountId\"], \"limit\": true, \"where\": true, \"orderBy\": true, \"operators\": {\"where\": [\"=\", \"!=\", \">\", \"<\", \">=\", \"<=\", \"IS NOT NULL\", \"IS NULL\", \"BETWEEN\", \"IN\", \"NOT IN\"]}, \"skippable\": false, \"supportJoin\": false, \"disableFields\": false, \"metadataKeyName\": \"projections\", \"selectedTableList\": [], \"batchConfiguration\": {\"skippable\": false, \"maxBatchSize\": 0, \"batchSupported\": false}, \"includeReferenceFields\": true, \"supportsExternalFields\": false, \"supportsReferenceFields\": false}, \"allOrNone\": false, \"projections\": [{\"name\": \"Id\", \"path\": \"Id\", \"type\": \"string\", \"label\": \"Id\", \"checked\": true, \"readonly\": false, \"required\": false, \"soap_type\": \"ID\", \"columnIndex\": 0, \"hasChildren\": false, \"indeterminate\": false, \"dataElementPath\": \"Id\", \"picklist_values\": []}, {\"name\": \"LastName\", \"path\": \"LastName\", \"type\": \"string\", \"label\": \"LastName\", \"checked\": true, \"readonly\": false, \"required\": false, \"soap_type\": \"string\", \"columnIndex\": 0, \"hasChildren\": false, \"indeterminate\": false, \"dataElementPath\": \"LastName\", \"picklist_values\": []}, {\"name\": \"FirstName\", \"path\": \"FirstName\", \"type\": \"string\", \"label\": \"FirstName\", \"checked\": true, \"readonly\": false, \"required\": false, \"soap_type\": \"string\", \"columnIndex\": 0, \"hasChildren\": false, \"indeterminate\": false, \"dataElementPath\": \"FirstName\", \"picklist_values\": []}, {\"name\": \"Salutation\", \"path\": \"Salutation\", \"type\": \"string\", \"label\": \"Salutation\", \"checked\": true, \"readonly\": false, \"required\": false, \"soap_type\": \"string\", \"columnIndex\": 0, \"hasChildren\": false, \"indeterminate\": false, \"dataElementPath\": \"Salutation\", \"picklist_values\": [\"Mr.\", \"Ms.\", \"Mrs.\", \"Dr.\", \"Prof.\", \"Mx.\"]}, {\"name\": \"Email\", \"path\": \"Email\", \"type\": \"string\", \"label\": \"Email\", \"checked\": true, \"readonly\": false, \"required\": false, \"soap_type\": \"string\", \"columnIndex\": 0, \"hasChildren\": false, \"indeterminate\": false, \"dataElementPath\": \"Email\", \"picklist_values\": []}, {\"name\": \"Title\", \"path\": \"Title\", \"type\": \"string\", \"label\": \"Title\", \"checked\": true, \"readonly\": false, \"required\": false, \"soap_type\": \"string\", \"columnIndex\": 0, \"hasChildren\": false, \"indeterminate\": false, \"dataElementPath\": \"Title\", \"picklist_values\": []}, {\"key\": \"Account.AccountId\", \"name\": \"AccountId\", \"path\": \"AccountId\", \"type\": \"string\", \"label\": \"AccountId\", \"checked\": false, \"children\": [{\"key\": \"Account.Name\", \"name\": \"Name\", \"path\": \"AccountId.Name\", \"type\": \"string\", \"label\": \"Name\", \"checked\": true, \"readonly\": false, \"required\": false, \"soap_type\": \"string\", \"columnIndex\": 0, \"hasChildren\": false, \"indeterminate\": false, \"picklist_values\": []}], \"readonly\": false, \"required\": false, \"soap_type\": \"ID\", \"columnIndex\": 0, \"hasChildren\": true, \"referenceTo\": \"Account\", \"indeterminate\": true, \"picklist_values\": [], \"relationshipName\": \"Account\", \"refObjectExtFields\": [{\"name\": \"Id\", \"type\": \"string\", \"label\": \"Id\", \"checked\": false, \"readonly\": false, \"required\": false, \"soap_type\": \"ID\", \"columnIndex\": 0, \"hasChildren\": false}]}], \"externalFields\": [], \"referenceFields\": []}",
    "null" : false
  },
  "display_query" : "SELECT Id , LastName , FirstName , Salutation , Email , Title , Account.Name FROM Contact WHERE Id = :where_Id ",
  "input_structure" : {
    "type" : "jsonb",
    "value" : "[{\"key\": \"/SFDC_Get_Contact_by_IdInput\", \"type\": \"object\", \"order\": 1.0, \"title\": \"SFDC_Get_Contact_by_IdInput\", \"children\": [{\"key\": \"/SFDC_Get_Contact_by_IdInput/where\", \"type\": \"object\", \"order\": 2.0, \"title\": \"where\", \"value\": {\"type\": \"object\"}, \"children\": [{\"key\": \"/SFDC_Get_Contact_by_IdInput/where/where_Id\", \"type\": \"string\", \"order\": 3.0, \"title\": \"Id\", \"value\": {\"type\": \"string\"}, \"hasChildren\": false, \"dataElementType\": \"string\"}], \"hasChildren\": false, \"dataElementType\": \"document\"}], \"hasChildren\": false, \"dataElementType\": \"document\"}]",
    "null" : false
  },
  "output_structure" : {
    "type" : "jsonb",
    "value" : "[{\"key\": \"/SFDC_Get_Contact_by_IdOutput\", \"type\": \"object\", \"order\": 1.0, \"title\": \"SFDC_Get_Contact_by_IdOutput\", \"children\": [{\"key\": \"/SFDC_Get_Contact_by_IdOutput/success\", \"type\": \"boolean\", \"order\": 2.0, \"title\": \"success\", \"hasChildren\": false, \"dataElementType\": \"boolean\"}, {\"key\": \"/SFDC_Get_Contact_by_IdOutput/statusCode\", \"type\": \"integer\", \"order\": 3.0, \"title\": \"statusCode\", \"hasChildren\": false, \"dataElementType\": \"integer\"}, {\"key\": \"/SFDC_Get_Contact_by_IdOutput/response\", \"type\": \"object\", \"order\": 4.0, \"title\": \"response\", \"value\": {\"type\": \"object\"}, \"children\": [{\"key\": \"/SFDC_Get_Contact_by_IdOutput/response/done\", \"type\": \"boolean\", \"order\": 5.0, \"title\": \"done\", \"value\": {\"type\": \"boolean\"}, \"hasChildren\": false, \"dataElementType\": \"boolean\"}, {\"key\": \"/SFDC_Get_Contact_by_IdOutput/response/totalSize\", \"type\": \"number\", \"order\": 6.0, \"title\": \"totalSize\", \"value\": {\"type\": \"number\"}, \"hasChildren\": false, \"dataElementType\": \"number\"}, {\"key\": \"/SFDC_Get_Contact_by_IdOutput/response/nextRecordsUrl\", \"type\": \"string\", \"order\": 7.0, \"title\": \"nextRecordsUrl\", \"value\": {\"type\": \"string\"}, \"hasChildren\": false, \"dataElementType\": \"string\"}, {\"key\": \"/SFDC_Get_Contact_by_IdOutput/response/records[]\", \"type\": \"array\", \"order\": 8.0, \"title\": \"records\", \"value\": {\"type\": \"array\"}, \"children\": [{\"key\": \"/SFDC_Get_Contact_by_IdOutput/response/records[]/Id\", \"type\": \"string\", \"order\": 9.0, \"title\": \"Id\", \"value\": {\"type\": \"string\"}, \"hasChildren\": false, \"dataElementType\": \"string\"}, {\"key\": \"/SFDC_Get_Contact_by_IdOutput/response/records[]/LastName\", \"type\": \"string\", \"order\": 10.0, \"title\": \"LastName\", \"value\": {\"type\": \"string\"}, \"hasChildren\": false, \"dataElementType\": \"string\"}, {\"key\": \"/SFDC_Get_Contact_by_IdOutput/response/records[]/FirstName\", \"type\": \"string\", \"order\": 11.0, \"title\": \"FirstName\", \"value\": {\"type\": \"string\"}, \"hasChildren\": false, \"dataElementType\": \"string\"}, {\"key\": \"/SFDC_Get_Contact_by_IdOutput/response/records[]/Salutation\", \"type\": \"string\", \"order\": 12.0, \"title\": \"Salutation\", \"value\": {\"type\": \"string\"}, \"hasChildren\": false, \"dataElementType\": \"string\"}, {\"key\": \"/SFDC_Get_Contact_by_IdOutput/response/records[]/Email\", \"type\": \"string\", \"order\": 13.0, \"title\": \"Email\", \"value\": {\"type\": \"string\"}, \"hasChildren\": false, \"dataElementType\": \"string\"}, {\"key\": \"/SFDC_Get_Contact_by_IdOutput/response/records[]/Title\", \"type\": \"string\", \"order\": 14.0, \"title\": \"Title\", \"value\": {\"type\": \"string\"}, \"hasChildren\": false, \"dataElementType\": \"string\"}, {\"key\": \"/SFDC_Get_Contact_by_IdOutput/response/records[]/Account_Name\", \"type\": \"string\", \"order\": 15.0, \"title\": \"Account_Name\", \"value\": {\"type\": \"string\"}, \"hasChildren\": false, \"dataElementType\": \"string\"}], \"hasChildren\": false, \"dataElementType\": \"documentArray\"}], \"hasChildren\": false, \"dataElementType\": \"document\"}, {\"key\": \"/SFDC_Get_Contact_by_IdOutput/errors[]\", \"type\": \"array\", \"order\": 16.0, \"title\": \"errors\", \"children\": [{\"key\": \"/SFDC_Get_Contact_by_IdOutput/errors[]/fields[]\", \"type\": \"stringArray\", \"order\": 17.0, \"title\": \"fields\", \"hasChildren\": false, \"dataElementType\": \"stringArray\"}, {\"key\": \"/SFDC_Get_Contact_by_IdOutput/errors[]/message\", \"type\": \"string\", \"order\": 18.0, \"title\": \"message\", \"hasChildren\": false, \"dataElementType\": \"string\"}, {\"key\": \"/SFDC_Get_Contact_by_IdOutput/errors[]/errorCode\", \"type\": \"string\", \"order\": 19.0, \"title\": \"errorCode\", \"hasChildren\": false, \"dataElementType\": \"string\"}], \"hasChildren\": false, \"dataElementType\": \"documentArray\"}, {\"key\": \"/SFDC_Get_Contact_by_IdOutput/responseHeaders\", \"type\": \"object\", \"order\": 20.0, \"title\": \"responseHeaders\", \"children\": [], \"hasChildren\": false, \"dataElementType\": \"document\"}], \"hasChildren\": false, \"dataElementType\": \"document\"}]",
    "null" : false
  },
  "description" : "SFDC_Get_Contact_by_Id",
  "comments" : "",
  "db_query" : "SELECT Id , LastName , FirstName , Salutation , Email , Title , Account.Name FROM Contact WHERE Id = :where_Id ",
  "tag" : "EMPTY",
  "active" : true,
  "is_changed" : true,
  "endpoint_tag" : "EMPTY",
  "endpoint_project_id" : "1ae9d2f9-e019-42ad-ae0b-525f27e5096e",
  "endpoint_project_tag" : "EMPTY",
  "comment" : null,
  "input_data_object_id" : null,
  "input_data_object_tag" : "EMPTY",
  "input_data_object_project_id" : null,
  "input_data_object_project_tag" : "EMPTY",
  "output_data_object_id" : null,
  "output_data_object_tag" : "EMPTY",
  "output_data_object_project_id" : null,
  "output_data_object_project_tag" : "EMPTY",
  "base_tag" : "EMPTY",
  "endpoint_project_mode_id" : "112c1cb8-4b9e-4d1a-a042-0bd031dc7d05",
  "input_data_object_project_mode_id" : "112c1cb8-4b9e-4d1a-a042-0bd031dc7d05",
  "output_data_object_project_mode_id" : "112c1cb8-4b9e-4d1a-a042-0bd031dc7d05",
  "test_input" : {
    "type" : "jsonb",
    "value" : "{}",
    "null" : false
  },
  "test_input_structure" : {
    "type" : "jsonb",
    "value" : "[{\"key\": \"/SFDC_Get_Contact_by_IdInput\", \"type\": \"object\", \"order\": 1.0, \"title\": \"SFDC_Get_Contact_by_IdInput\", \"children\": [{\"key\": \"/SFDC_Get_Contact_by_IdInput/where\", \"type\": \"object\", \"order\": 2.0, \"title\": \"where\", \"value\": {\"type\": \"object\"}, \"children\": [{\"key\": \"/SFDC_Get_Contact_by_IdInput/where/where_Id\", \"type\": \"string\", \"order\": 3.0, \"title\": \"Id\", \"value\": {\"type\": \"string\"}, \"hasChildren\": false, \"dataElementType\": \"string\"}], \"hasChildren\": false, \"dataElementType\": \"document\"}], \"hasChildren\": false, \"dataElementType\": \"document\"}]",
    "null" : false
  }
}